Date,Target,Predictions,Probabilities
1999-11-22 00:00:00-05:00,1.0,1,0.60756695
1999-11-23 00:00:00-05:00,1.0,1,0.6004076
1999-11-24 00:00:00-05:00,0.0,1,0.6000527
1999-11-26 00:00:00-05:00,0.0,1,0.6029726
1999-11-29 00:00:00-05:00,0.0,1,0.60185814
1999-11-30 00:00:00-05:00,0.0,1,0.5969155
1999-12-01 00:00:00-05:00,0.0,1,0.5958001
1999-12-02 00:00:00-05:00,0.0,1,0.60006845
1999-12-03 00:00:00-05:00,0.0,1,0.6067938
1999-12-06 00:00:00-05:00,0.0,1,0.6010682
1999-12-07 00:00:00-05:00,0.0,1,0.6039282
1999-12-08 00:00:00-05:00,0.0,1,0.59918296
1999-12-09 00:00:00-05:00,0.0,1,0.6019591
1999-12-10 00:00:00-05:00,0.0,1,0.6013521
1999-12-13 00:00:00-05:00,0.0,1,0.59091413
1999-12-14 00:00:00-05:00,0.0,1,0.5904106
1999-12-15 00:00:00-05:00,0.0,1,0.59368443
1999-12-16 00:00:00-05:00,0.0,1,0.594424
1999-12-17 00:00:00-05:00,0.0,1,0.6031954
1999-12-20 00:00:00-05:00,0.0,1,0.6005132
1999-12-21 00:00:00-05:00,0.0,1,0.59525144
1999-12-22 00:00:00-05:00,0.0,1,0.6039716
1999-12-23 00:00:00-05:00,0.0,1,0.6056444
1999-12-27 00:00:00-05:00,0.0,1,0.60296375
1999-12-28 00:00:00-05:00,0.0,1,0.6108172
1999-12-29 00:00:00-05:00,0.0,1,0.6102911
1999-12-30 00:00:00-05:00,0.0,1,0.60461843
1999-12-31 00:00:00-05:00,0.0,1,0.610077
2000-01-03 00:00:00-05:00,0.0,1,0.5941794
2000-01-04 00:00:00-05:00,0.0,1,0.5976716
2000-01-05 00:00:00-05:00,0.0,1,0.5959773
2000-01-06 00:00:00-05:00,0.0,1,0.59654975
2000-01-07 00:00:00-05:00,0.0,1,0.59668696
2000-01-10 00:00:00-05:00,0.0,1,0.6082401
2000-01-11 00:00:00-05:00,0.0,1,0.5963673
2000-01-12 00:00:00-05:00,0.0,1,0.5999119
2000-01-13 00:00:00-05:00,0.0,1,0.59613764
2000-01-14 00:00:00-05:00,0.0,1,0.59704816
2000-01-18 00:00:00-05:00,0.0,1,0.59736896
2000-01-19 00:00:00-05:00,0.0,1,0.59749234
2000-01-20 00:00:00-05:00,0.0,1,0.5999193
2000-01-21 00:00:00-05:00,0.0,1,0.600371
2000-01-24 00:00:00-05:00,0.0,1,0.5956715
2000-01-25 00:00:00-05:00,0.0,1,0.5934888
2000-01-26 00:00:00-05:00,0.0,1,0.597324
2000-01-27 00:00:00-05:00,0.0,1,0.5970783
2000-01-28 00:00:00-05:00,0.0,1,0.6011411
2000-01-31 00:00:00-05:00,0.0,1,0.5992961
2000-02-01 00:00:00-05:00,0.0,1,0.5961498
2000-02-02 00:00:00-05:00,0.0,1,0.60134476
2000-02-03 00:00:00-05:00,0.0,1,0.59627813
2000-02-04 00:00:00-05:00,0.0,1,0.5991583
2000-02-07 00:00:00-05:00,0.0,1,0.6057658
2000-02-08 00:00:00-05:00,0.0,1,0.6011152
2000-02-09 00:00:00-05:00,0.0,1,0.5986724
2000-02-10 00:00:00-05:00,0.0,1,0.5989431
2000-02-11 00:00:00-05:00,0.0,1,0.59809744
2000-02-14 00:00:00-05:00,0.0,1,0.6077812
2000-02-15 00:00:00-05:00,0.0,1,0.61045533
2000-02-16 00:00:00-05:00,0.0,1,0.6041312
2000-02-17 00:00:00-05:00,0.0,1,0.6046802
2000-02-18 00:00:00-05:00,0.0,1,0.5985087
2000-02-22 00:00:00-05:00,0.0,1,0.596958
2000-02-23 00:00:00-05:00,0.0,1,0.54454744
2000-02-24 00:00:00-05:00,0.0,1,0.54152066
2000-02-25 00:00:00-05:00,0.0,1,0.5435536
2000-02-28 00:00:00-05:00,0.0,1,0.5431785
2000-02-29 00:00:00-05:00,0.0,1,0.5763927
2000-03-01 00:00:00-05:00,0.0,1,0.5389421
2000-03-02 00:00:00-05:00,0.0,1,0.5399116
2000-03-03 00:00:00-05:00,0.0,1,0.5324307
2000-03-06 00:00:00-05:00,0.0,1,0.5340419
2000-03-07 00:00:00-05:00,0.0,1,0.5327559
2000-03-08 00:00:00-05:00,0.0,1,0.5330628
2000-03-09 00:00:00-05:00,0.0,1,0.5301548
2000-03-10 00:00:00-05:00,0.0,1,0.5515535
2000-03-13 00:00:00-05:00,0.0,1,0.5656357
2000-03-14 00:00:00-05:00,0.0,1,0.5396589
2000-03-15 00:00:00-05:00,0.0,1,0.5612406
2000-03-16 00:00:00-05:00,0.0,1,0.54982746
2000-03-17 00:00:00-05:00,0.0,1,0.53027356
2000-03-20 00:00:00-05:00,0.0,1,0.55901957
2000-03-21 00:00:00-05:00,0.0,1,0.5300524
2000-03-22 00:00:00-05:00,0.0,1,0.52809685
2000-03-23 00:00:00-05:00,0.0,1,0.51346624
2000-03-24 00:00:00-05:00,0.0,1,0.5120486
2000-03-27 00:00:00-05:00,0.0,1,0.531355
2000-03-28 00:00:00-05:00,0.0,1,0.5225117
2000-03-29 00:00:00-05:00,0.0,1,0.5319191
2000-03-30 00:00:00-05:00,0.0,1,0.5208373
2000-03-31 00:00:00-05:00,0.0,1,0.5317496
2000-04-03 00:00:00-04:00,0.0,1,0.5434651
2000-04-04 00:00:00-04:00,0.0,1,0.53970003
2000-04-05 00:00:00-04:00,0.0,1,0.5845069
2000-04-06 00:00:00-04:00,0.0,1,0.5832639
2000-04-07 00:00:00-04:00,0.0,1,0.5485337
2000-04-10 00:00:00-04:00,0.0,1,0.59027314
2000-04-11 00:00:00-04:00,0.0,1,0.5907029
2000-04-12 00:00:00-04:00,0.0,1,0.56143403
2000-04-13 00:00:00-04:00,0.0,1,0.5736617
2000-04-14 00:00:00-04:00,0.0,1,0.55609035
2000-04-17 00:00:00-04:00,0.0,1,0.57437634
2000-04-18 00:00:00-04:00,0.0,1,0.5602603
2000-04-19 00:00:00-04:00,0.0,1,0.5743097
2000-04-20 00:00:00-04:00,0.0,1,0.5950977
2000-04-24 00:00:00-04:00,1.0,1,0.5691209
2000-04-25 00:00:00-04:00,1.0,1,0.60734475
2000-04-26 00:00:00-04:00,1.0,1,0.57261556
2000-04-27 00:00:00-04:00,1.0,1,0.5886978
2000-04-28 00:00:00-04:00,0.0,1,0.5882307
2000-05-01 00:00:00-04:00,0.0,1,0.59800655
2000-05-02 00:00:00-04:00,0.0,1,0.5696303
2000-05-03 00:00:00-04:00,0.0,1,0.6098306
2000-05-04 00:00:00-04:00,0.0,1,0.61123407
2000-05-05 00:00:00-04:00,0.0,1,0.6074433
2000-05-08 00:00:00-04:00,0.0,1,0.62005603
2000-05-09 00:00:00-04:00,0.0,1,0.5870325
2000-05-10 00:00:00-04:00,0.0,1,0.60993826
2000-05-11 00:00:00-04:00,0.0,1,0.5945903
2000-05-12 00:00:00-04:00,0.0,1,0.62559885
2000-05-15 00:00:00-04:00,0.0,1,0.6258798
2000-05-16 00:00:00-04:00,0.0,1,0.6282178
2000-05-17 00:00:00-04:00,0.0,1,0.6161859
2000-05-18 00:00:00-04:00,0.0,1,0.6071405
2000-05-19 00:00:00-04:00,0.0,1,0.6329869
2000-05-22 00:00:00-04:00,0.0,1,0.5852822
2000-05-23 00:00:00-04:00,0.0,1,0.6430031
2000-05-24 00:00:00-04:00,0.0,1,0.61886215
2000-05-25 00:00:00-04:00,0.0,1,0.6168538
2000-05-26 00:00:00-04:00,0.0,1,0.64083564
2000-05-30 00:00:00-04:00,0.0,1,0.6460014
2000-05-31 00:00:00-04:00,0.0,1,0.6650803
2000-06-01 00:00:00-04:00,0.0,1,0.62674665
2000-06-02 00:00:00-04:00,0.0,1,0.6472391
2000-06-05 00:00:00-04:00,0.0,1,0.6321218
2000-06-06 00:00:00-04:00,0.0,1,0.5993259
2000-06-07 00:00:00-04:00,0.0,1,0.58602905
2000-06-08 00:00:00-04:00,0.0,1,0.556636
2000-06-09 00:00:00-04:00,0.0,1,0.6583812
2000-06-12 00:00:00-04:00,0.0,1,0.6262529
2000-06-13 00:00:00-04:00,0.0,1,0.64034927
2000-06-14 00:00:00-04:00,0.0,1,0.65339243
2000-06-15 00:00:00-04:00,0.0,1,0.6272861
2000-06-16 00:00:00-04:00,0.0,1,0.6443138
2000-06-19 00:00:00-04:00,0.0,1,0.6380258
2000-06-20 00:00:00-04:00,0.0,1,0.6471669
2000-06-21 00:00:00-04:00,0.0,0,0.44996893
2000-06-22 00:00:00-04:00,0.0,1,0.5416689
2000-06-23 00:00:00-04:00,0.0,1,0.5869064
2000-06-26 00:00:00-04:00,0.0,1,0.58697283
2000-06-27 00:00:00-04:00,0.0,1,0.63678586
2000-06-28 00:00:00-04:00,0.0,1,0.64620316
2000-06-29 00:00:00-04:00,0.0,1,0.63915944
2000-06-30 00:00:00-04:00,0.0,1,0.5766643
2000-07-03 00:00:00-04:00,0.0,1,0.66884637
2000-07-05 00:00:00-04:00,0.0,1,0.6459774
2000-07-06 00:00:00-04:00,0.0,1,0.5621731
2000-07-07 00:00:00-04:00,0.0,1,0.56837326
2000-07-10 00:00:00-04:00,0.0,1,0.6108153
2000-07-11 00:00:00-04:00,0.0,1,0.62387705
2000-07-12 00:00:00-04:00,0.0,1,0.5581496
2000-07-13 00:00:00-04:00,0.0,1,0.5519856
2000-07-14 00:00:00-04:00,0.0,1,0.6461451
2000-07-17 00:00:00-04:00,0.0,1,0.6128204
2000-07-18 00:00:00-04:00,0.0,1,0.59296334
2000-07-19 00:00:00-04:00,0.0,0,0.504218
2000-07-20 00:00:00-04:00,0.0,1,0.6347115
2000-07-21 00:00:00-04:00,0.0,1,0.61703116
2000-07-24 00:00:00-04:00,0.0,1,0.6477691
2000-07-25 00:00:00-04:00,0.0,1,0.62500906
2000-07-26 00:00:00-04:00,0.0,1,0.6211697
2000-07-27 00:00:00-04:00,0.0,1,0.61305773
2000-07-28 00:00:00-04:00,0.0,1,0.6277226
2000-07-31 00:00:00-04:00,0.0,1,0.6401541
2000-08-01 00:00:00-04:00,0.0,1,0.64746904
2000-08-02 00:00:00-04:00,0.0,1,0.63793087
2000-08-03 00:00:00-04:00,0.0,1,0.6278262
2000-08-04 00:00:00-04:00,0.0,1,0.65144193
2000-08-07 00:00:00-04:00,0.0,1,0.6700057
2000-08-08 00:00:00-04:00,0.0,1,0.51772237
2000-08-09 00:00:00-04:00,0.0,1,0.614195
2000-08-10 00:00:00-04:00,0.0,1,0.6053803
2000-08-11 00:00:00-04:00,0.0,1,0.6650962
2000-08-14 00:00:00-04:00,0.0,1,0.6077136
2000-08-15 00:00:00-04:00,0.0,1,0.6423507
2000-08-16 00:00:00-04:00,0.0,1,0.6404841
2000-08-17 00:00:00-04:00,0.0,1,0.6492117
2000-08-18 00:00:00-04:00,0.0,1,0.6514785
2000-08-21 00:00:00-04:00,0.0,1,0.6859937
2000-08-22 00:00:00-04:00,0.0,0,0.20136571
2000-08-23 00:00:00-04:00,0.0,0,0.49229386
2000-08-24 00:00:00-04:00,0.0,0,0.45759746
2000-08-25 00:00:00-04:00,0.0,0,0.45060503
2000-08-28 00:00:00-04:00,0.0,0,0.27859536
2000-08-29 00:00:00-04:00,0.0,0,0.29219055
2000-08-30 00:00:00-04:00,0.0,0,0.47394013
2000-08-31 00:00:00-04:00,0.0,0,0.28073356
2000-09-01 00:00:00-04:00,0.0,1,0.5702958
2000-09-05 00:00:00-04:00,0.0,1,0.5309053
2000-09-06 00:00:00-04:00,0.0,0,0.45327803
2000-09-07 00:00:00-04:00,0.0,0,0.26306152
2000-09-08 00:00:00-04:00,0.0,0,0.4510614
2000-09-11 00:00:00-04:00,0.0,1,0.5532316
2000-09-12 00:00:00-04:00,0.0,1,0.54983777
2000-09-13 00:00:00-04:00,0.0,1,0.57706845
2000-09-14 00:00:00-04:00,0.0,0,0.41713202
2000-09-15 00:00:00-04:00,0.0,0,0.4710918
2000-09-18 00:00:00-04:00,1.0,1,0.52000517
2000-09-19 00:00:00-04:00,0.0,0,0.50925857
2000-09-20 00:00:00-04:00,0.0,1,0.5729233
2000-09-21 00:00:00-04:00,0.0,1,0.60246587
2000-09-22 00:00:00-04:00,0.0,1,0.51675665
2000-09-25 00:00:00-04:00,0.0,1,0.54360735
2000-09-26 00:00:00-04:00,0.0,0,0.44806474
2000-09-27 00:00:00-04:00,1.0,0,0.49119225
2000-09-28 00:00:00-04:00,1.0,1,0.6740436
2000-09-29 00:00:00-04:00,1.0,1,0.5477251
2000-10-02 00:00:00-04:00,0.0,1,0.56066155
2000-10-03 00:00:00-04:00,1.0,1,0.53644043
2000-10-04 00:00:00-04:00,1.0,1,0.5534766
2000-10-05 00:00:00-04:00,1.0,1,0.5989268
2000-10-06 00:00:00-04:00,1.0,1,0.61642486
2000-10-09 00:00:00-04:00,1.0,1,0.6160372
2000-10-10 00:00:00-04:00,1.0,1,0.61202604
2000-10-11 00:00:00-04:00,1.0,1,0.566586
2000-10-12 00:00:00-04:00,1.0,1,0.53866434
2000-10-13 00:00:00-04:00,1.0,1,0.58836466
2000-10-16 00:00:00-04:00,1.0,1,0.6294985
2000-10-17 00:00:00-04:00,1.0,1,0.6547302
2000-10-18 00:00:00-04:00,1.0,1,0.6550909
2000-10-19 00:00:00-04:00,0.0,0,0.4863169
2000-10-20 00:00:00-04:00,0.0,0,0.38756076
2000-10-23 00:00:00-04:00,0.0,0,0.3862004
2000-10-24 00:00:00-04:00,0.0,0,0.46861926
2000-10-25 00:00:00-04:00,0.0,0,0.42705947
2000-10-26 00:00:00-04:00,0.0,0,0.43991008
2000-10-27 00:00:00-04:00,0.0,0,0.34175655
2000-10-30 00:00:00-05:00,0.0,0,0.27805397
2000-10-31 00:00:00-05:00,0.0,0,0.43948415
2000-11-01 00:00:00-05:00,0.0,0,0.39930558
2000-11-02 00:00:00-05:00,0.0,0,0.4701908
2000-11-03 00:00:00-05:00,0.0,0,0.44452092
2000-11-06 00:00:00-05:00,0.0,0,0.36775774
2000-11-07 00:00:00-05:00,0.0,0,0.27110052
2000-11-08 00:00:00-05:00,0.0,0,0.20266661
2000-11-09 00:00:00-05:00,0.0,0,0.26669154
2000-11-10 00:00:00-05:00,0.0,0,0.3020342
2000-11-13 00:00:00-05:00,0.0,0,0.34018648
2000-11-14 00:00:00-05:00,0.0,0,0.3563782
2000-11-15 00:00:00-05:00,0.0,0,0.36009124
2000-11-16 00:00:00-05:00,0.0,0,0.30866984
2000-11-17 00:00:00-05:00,0.0,0,0.34516189
2000-11-20 00:00:00-05:00,0.0,0,0.29344684
2000-11-21 00:00:00-05:00,0.0,0,0.22382613
2000-11-22 00:00:00-05:00,0.0,0,0.22399075
2000-11-24 00:00:00-05:00,0.0,0,0.26261497
2000-11-27 00:00:00-05:00,0.0,0,0.2673727
2000-11-28 00:00:00-05:00,0.0,0,0.30914614
2000-11-29 00:00:00-05:00,0.0,0,0.38961858
2000-11-30 00:00:00-05:00,1.0,0,0.41886628
2000-12-01 00:00:00-05:00,1.0,1,0.5542716
2000-12-04 00:00:00-05:00,1.0,1,0.5793784
2000-12-05 00:00:00-05:00,1.0,1,0.5459837
2000-12-06 00:00:00-05:00,1.0,1,0.65039
2000-12-07 00:00:00-05:00,1.0,1,0.7238903
2000-12-08 00:00:00-05:00,1.0,1,0.7293292
2000-12-11 00:00:00-05:00,1.0,1,0.7020902
2000-12-12 00:00:00-05:00,1.0,1,0.6991104
2000-12-13 00:00:00-05:00,1.0,1,0.7162324
2000-12-14 00:00:00-05:00,1.0,1,0.7614108
2000-12-15 00:00:00-05:00,1.0,1,0.74666625
2000-12-18 00:00:00-05:00,1.0,1,0.79448795
2000-12-19 00:00:00-05:00,1.0,1,0.82053155
2000-12-20 00:00:00-05:00,1.0,1,0.8330747
2000-12-21 00:00:00-05:00,1.0,1,0.7946956
2000-12-22 00:00:00-05:00,1.0,1,0.84293556
2000-12-26 00:00:00-05:00,1.0,1,0.8679632
2000-12-27 00:00:00-05:00,1.0,1,0.87779576
2000-12-28 00:00:00-05:00,1.0,1,0.8746533
2000-12-29 00:00:00-05:00,1.0,1,0.8565449
2001-01-02 00:00:00-05:00,1.0,1,0.8728844
2001-01-03 00:00:00-05:00,1.0,1,0.7660439
2001-01-04 00:00:00-05:00,1.0,1,0.7810029
2001-01-05 00:00:00-05:00,1.0,1,0.82453597
2001-01-08 00:00:00-05:00,1.0,1,0.82629174
2001-01-09 00:00:00-05:00,1.0,1,0.7489823
2001-01-10 00:00:00-05:00,1.0,1,0.7808387
2001-01-11 00:00:00-05:00,1.0,1,0.752106
2001-01-12 00:00:00-05:00,1.0,1,0.801105
2001-01-16 00:00:00-05:00,1.0,1,0.831311
2001-01-17 00:00:00-05:00,1.0,1,0.81963235
2001-01-18 00:00:00-05:00,1.0,1,0.7318927
2001-01-19 00:00:00-05:00,1.0,1,0.540135
2001-01-22 00:00:00-05:00,1.0,1,0.71928126
2001-01-23 00:00:00-05:00,1.0,1,0.7338403
2001-01-24 00:00:00-05:00,1.0,1,0.6572517
2001-01-25 00:00:00-05:00,1.0,1,0.72656006
2001-01-26 00:00:00-05:00,1.0,1,0.6935028
2001-01-29 00:00:00-05:00,1.0,1,0.73917025
2001-01-30 00:00:00-05:00,1.0,1,0.7340218
2001-01-31 00:00:00-05:00,1.0,1,0.72923046
2001-02-01 00:00:00-05:00,1.0,1,0.7289642
2001-02-02 00:00:00-05:00,1.0,1,0.7169701
2001-02-05 00:00:00-05:00,1.0,1,0.68329334
2001-02-06 00:00:00-05:00,1.0,1,0.64011323
2001-02-07 00:00:00-05:00,1.0,1,0.55486333
2001-02-08 00:00:00-05:00,1.0,1,0.6285183
2001-02-09 00:00:00-05:00,1.0,1,0.68893397
2001-02-12 00:00:00-05:00,1.0,1,0.7397755
2001-02-13 00:00:00-05:00,1.0,1,0.7227876
2001-02-14 00:00:00-05:00,1.0,1,0.72263587
2001-02-15 00:00:00-05:00,1.0,1,0.74101514
2001-02-16 00:00:00-05:00,1.0,1,0.77545285
2001-02-20 00:00:00-05:00,1.0,1,0.79925907
2001-02-21 00:00:00-05:00,1.0,1,0.8017128
2001-02-22 00:00:00-05:00,1.0,1,0.799131
2001-02-23 00:00:00-05:00,1.0,1,0.8002011
2001-02-26 00:00:00-05:00,1.0,1,0.7284411
2001-02-27 00:00:00-05:00,1.0,1,0.6662042
2001-02-28 00:00:00-05:00,1.0,1,0.68216074
2001-03-01 00:00:00-05:00,1.0,1,0.663993
2001-03-02 00:00:00-05:00,1.0,1,0.74830383
2001-03-05 00:00:00-05:00,1.0,1,0.81322443
2001-03-06 00:00:00-05:00,1.0,1,0.7852136
2001-03-07 00:00:00-05:00,1.0,1,0.7621738
2001-03-08 00:00:00-05:00,1.0,1,0.7864671
2001-03-09 00:00:00-05:00,1.0,1,0.78381026
2001-03-12 00:00:00-05:00,1.0,1,0.8155024
2001-03-13 00:00:00-05:00,1.0,1,0.80056065
2001-03-14 00:00:00-05:00,1.0,1,0.7867272
2001-03-15 00:00:00-05:00,1.0,1,0.7882958
2001-03-16 00:00:00-05:00,1.0,1,0.78324676
2001-03-19 00:00:00-05:00,1.0,1,0.79113173
2001-03-20 00:00:00-05:00,1.0,1,0.77812815
2001-03-21 00:00:00-05:00,1.0,1,0.78249496
2001-03-22 00:00:00-05:00,1.0,1,0.77610433
2001-03-23 00:00:00-05:00,1.0,1,0.75821877
2001-03-26 00:00:00-05:00,1.0,1,0.790341
2001-03-27 00:00:00-05:00,1.0,1,0.73374355
2001-03-28 00:00:00-05:00,1.0,1,0.7599726
2001-03-29 00:00:00-05:00,1.0,1,0.7714948
2001-03-30 00:00:00-05:00,1.0,1,0.7594463
2001-04-02 00:00:00-04:00,1.0,1,0.7590525
2001-04-03 00:00:00-04:00,1.0,1,0.77349216
2001-04-04 00:00:00-04:00,1.0,1,0.7808999
2001-04-05 00:00:00-04:00,1.0,1,0.7318505
2001-04-06 00:00:00-04:00,1.0,1,0.70909524
2001-04-09 00:00:00-04:00,1.0,1,0.7410804
2001-04-10 00:00:00-04:00,1.0,1,0.61263055
2001-04-11 00:00:00-04:00,1.0,1,0.585211
2001-04-12 00:00:00-04:00,0.0,1,0.5232512
2001-04-16 00:00:00-04:00,0.0,1,0.5480973
2001-04-17 00:00:00-04:00,0.0,0,0.4856174
2001-04-18 00:00:00-04:00,0.0,0,0.44426647
2001-04-19 00:00:00-04:00,0.0,0,0.37663195
2001-04-20 00:00:00-04:00,0.0,0,0.30514622
2001-04-23 00:00:00-04:00,0.0,0,0.29868475
2001-04-24 00:00:00-04:00,0.0,0,0.26536483
2001-04-25 00:00:00-04:00,0.0,0,0.239333
2001-04-26 00:00:00-04:00,0.0,0,0.2363149
2001-04-27 00:00:00-04:00,0.0,0,0.28352514
2001-04-30 00:00:00-04:00,0.0,0,0.24144015
2001-05-01 00:00:00-04:00,0.0,0,0.21706067
2001-05-02 00:00:00-04:00,0.0,0,0.21328436
2001-05-03 00:00:00-04:00,0.0,0,0.19499919
2001-05-04 00:00:00-04:00,0.0,0,0.21612117
2001-05-07 00:00:00-04:00,0.0,0,0.18296373
2001-05-08 00:00:00-04:00,0.0,0,0.14964895
2001-05-09 00:00:00-04:00,0.0,0,0.15451872
2001-05-10 00:00:00-04:00,0.0,0,0.17197086
2001-05-11 00:00:00-04:00,0.0,0,0.17420864
2001-05-14 00:00:00-04:00,0.0,0,0.20565508
2001-05-15 00:00:00-04:00,0.0,0,0.17927359
2001-05-16 00:00:00-04:00,0.0,0,0.19878703
2001-05-17 00:00:00-04:00,0.0,0,0.21059126
2001-05-18 00:00:00-04:00,0.0,0,0.20999563
2001-05-21 00:00:00-04:00,0.0,0,0.23105471
2001-05-22 00:00:00-04:00,0.0,0,0.22690216
2001-05-23 00:00:00-04:00,0.0,0,0.24306816
2001-05-24 00:00:00-04:00,0.0,0,0.23618601
2001-05-25 00:00:00-04:00,0.0,0,0.1730201
2001-05-29 00:00:00-04:00,0.0,0,0.18449718
2001-05-30 00:00:00-04:00,0.0,0,0.22399265
2001-05-31 00:00:00-04:00,0.0,0,0.22218587
2001-06-01 00:00:00-04:00,0.0,0,0.23221979
2001-06-04 00:00:00-04:00,0.0,0,0.20247531
2001-06-05 00:00:00-04:00,0.0,0,0.2040768
2001-06-06 00:00:00-04:00,0.0,0,0.18737036
2001-06-07 00:00:00-04:00,0.0,0,0.16947684
2001-06-08 00:00:00-04:00,0.0,0,0.20011292
2001-06-11 00:00:00-04:00,0.0,0,0.20176454
2001-06-12 00:00:00-04:00,0.0,0,0.21253297
2001-06-13 00:00:00-04:00,0.0,0,0.2557644
2001-06-14 00:00:00-04:00,0.0,0,0.30844277
2001-06-15 00:00:00-04:00,0.0,0,0.29010007
2001-06-18 00:00:00-04:00,0.0,0,0.29054555
2001-06-19 00:00:00-04:00,0.0,0,0.27249566
2001-06-20 00:00:00-04:00,0.0,0,0.32315376
2001-06-21 00:00:00-04:00,0.0,0,0.2445712
2001-06-22 00:00:00-04:00,0.0,0,0.33988294
2001-06-25 00:00:00-04:00,0.0,0,0.37690648
2001-06-26 00:00:00-04:00,0.0,0,0.36476615
2001-06-27 00:00:00-04:00,0.0,0,0.32387838
2001-06-28 00:00:00-04:00,0.0,0,0.39415988
2001-06-29 00:00:00-04:00,0.0,0,0.29722032
2001-07-02 00:00:00-04:00,0.0,0,0.43094265
2001-07-03 00:00:00-04:00,0.0,0,0.43228835
2001-07-05 00:00:00-04:00,0.0,0,0.42921516
2001-07-06 00:00:00-04:00,0.0,0,0.49098954
2001-07-09 00:00:00-04:00,1.0,0,0.48798767
2001-07-10 00:00:00-04:00,1.0,0,0.4897245
2001-07-11 00:00:00-04:00,0.0,0,0.45549265
2001-07-12 00:00:00-04:00,0.0,0,0.2911907
2001-07-13 00:00:00-04:00,0.0,0,0.3219218
2001-07-16 00:00:00-04:00,0.0,0,0.30302587
2001-07-17 00:00:00-04:00,0.0,0,0.260938
2001-07-18 00:00:00-04:00,0.0,0,0.30346006
2001-07-19 00:00:00-04:00,0.0,0,0.25708342
2001-07-20 00:00:00-04:00,0.0,0,0.34015194
2001-07-23 00:00:00-04:00,0.0,0,0.47712764
2001-07-24 00:00:00-04:00,1.0,1,0.5301646
2001-07-25 00:00:00-04:00,1.0,0,0.5034038
2001-07-26 00:00:00-04:00,1.0,0,0.49562153
2001-07-27 00:00:00-04:00,1.0,0,0.48120978
2001-07-30 00:00:00-04:00,1.0,0,0.4963578
2001-07-31 00:00:00-04:00,1.0,0,0.49439672
2001-08-01 00:00:00-04:00,0.0,0,0.4494337
2001-08-02 00:00:00-04:00,0.0,0,0.45270592
2001-08-03 00:00:00-04:00,1.0,1,0.51549935
2001-08-06 00:00:00-04:00,1.0,1,0.5602855
2001-08-07 00:00:00-04:00,1.0,1,0.55483866
2001-08-08 00:00:00-04:00,1.0,1,0.5554944
2001-08-09 00:00:00-04:00,1.0,1,0.52014446
2001-08-10 00:00:00-04:00,1.0,1,0.57996917
2001-08-13 00:00:00-04:00,1.0,1,0.5173837
2001-08-14 00:00:00-04:00,1.0,1,0.54670304
2001-08-15 00:00:00-04:00,1.0,1,0.5934559
2001-08-16 00:00:00-04:00,1.0,1,0.55052304
2001-08-17 00:00:00-04:00,1.0,1,0.6390754
2001-08-20 00:00:00-04:00,1.0,1,0.6398673
2001-08-21 00:00:00-04:00,1.0,1,0.69481474
2001-08-22 00:00:00-04:00,1.0,1,0.74000674
2001-08-23 00:00:00-04:00,1.0,1,0.75387245
2001-08-24 00:00:00-04:00,1.0,1,0.7078136
2001-08-27 00:00:00-04:00,1.0,1,0.67138016
2001-08-28 00:00:00-04:00,1.0,1,0.6931628
2001-08-29 00:00:00-04:00,1.0,1,0.7004372
2001-08-30 00:00:00-04:00,1.0,1,0.8644899
2001-08-31 00:00:00-04:00,1.0,1,0.78151256
2001-09-04 00:00:00-04:00,1.0,1,0.85655004
2001-09-05 00:00:00-04:00,1.0,1,0.79678667
2001-09-06 00:00:00-04:00,1.0,1,0.8079558
2001-09-07 00:00:00-04:00,1.0,1,0.78649473
2001-09-10 00:00:00-04:00,1.0,1,0.7729675
2001-09-17 00:00:00-04:00,1.0,1,0.85448825
2001-09-18 00:00:00-04:00,1.0,1,0.8108233
2001-09-19 00:00:00-04:00,1.0,1,0.8407837
2001-09-20 00:00:00-04:00,1.0,1,0.86873937
2001-09-21 00:00:00-04:00,1.0,1,0.8919954
2001-09-24 00:00:00-04:00,1.0,1,0.8496032
2001-09-25 00:00:00-04:00,1.0,1,0.8335788
2001-09-26 00:00:00-04:00,1.0,1,0.82139826
2001-09-27 00:00:00-04:00,1.0,1,0.8466829
2001-09-28 00:00:00-04:00,1.0,1,0.8429579
2001-10-01 00:00:00-04:00,1.0,1,0.8060592
2001-10-02 00:00:00-04:00,1.0,1,0.80218554
2001-10-03 00:00:00-04:00,1.0,1,0.7610334
2001-10-04 00:00:00-04:00,1.0,1,0.7557425
2001-10-05 00:00:00-04:00,1.0,1,0.7104243
2001-10-08 00:00:00-04:00,1.0,1,0.61483145
2001-10-09 00:00:00-04:00,1.0,1,0.7341083
2001-10-10 00:00:00-04:00,1.0,1,0.7251248
2001-10-11 00:00:00-04:00,1.0,1,0.6382334
2001-10-12 00:00:00-04:00,1.0,1,0.6013004
2001-10-15 00:00:00-04:00,1.0,1,0.5942599
2001-10-16 00:00:00-04:00,1.0,1,0.53827506
2001-10-17 00:00:00-04:00,1.0,1,0.62380135
2001-10-18 00:00:00-04:00,1.0,1,0.61208534
2001-10-19 00:00:00-04:00,1.0,1,0.692086
2001-10-22 00:00:00-04:00,1.0,1,0.6534493
2001-10-23 00:00:00-04:00,1.0,1,0.6294761
2001-10-24 00:00:00-04:00,1.0,1,0.6177448
2001-10-25 00:00:00-04:00,1.0,1,0.56606746
2001-10-26 00:00:00-04:00,1.0,1,0.54900235
2001-10-29 00:00:00-05:00,1.0,1,0.63591063
2001-10-30 00:00:00-05:00,1.0,1,0.5937724
2001-10-31 00:00:00-05:00,1.0,1,0.6370103
2001-11-01 00:00:00-05:00,0.0,1,0.594092
2001-11-02 00:00:00-05:00,1.0,1,0.57863617
2001-11-05 00:00:00-05:00,0.0,0,0.48974675
2001-11-06 00:00:00-05:00,0.0,0,0.4584681
2001-11-07 00:00:00-05:00,0.0,0,0.3367612
2001-11-08 00:00:00-05:00,0.0,0,0.4208198
2001-11-09 00:00:00-05:00,0.0,0,0.3041972
2001-11-12 00:00:00-05:00,0.0,0,0.28511998
2001-11-13 00:00:00-05:00,0.0,0,0.1958822
2001-11-14 00:00:00-05:00,0.0,0,0.29413745
2001-11-15 00:00:00-05:00,0.0,0,0.28414842
2001-11-16 00:00:00-05:00,0.0,0,0.27264735
2001-11-19 00:00:00-05:00,0.0,0,0.16880253
2001-11-20 00:00:00-05:00,0.0,0,0.22124675
2001-11-21 00:00:00-05:00,0.0,0,0.19262297
2001-11-23 00:00:00-05:00,0.0,0,0.21671832
2001-11-26 00:00:00-05:00,0.0,0,0.17558946
2001-11-27 00:00:00-05:00,0.0,0,0.26352167
2001-11-28 00:00:00-05:00,0.0,0,0.20438136
2001-11-29 00:00:00-05:00,0.0,0,0.18049517
2001-11-30 00:00:00-05:00,0.0,0,0.18365455
2001-12-03 00:00:00-05:00,0.0,0,0.17675859
2001-12-04 00:00:00-05:00,0.0,0,0.19016494
2001-12-05 00:00:00-05:00,0.0,0,0.19483334
2001-12-06 00:00:00-05:00,0.0,0,0.13774665
2001-12-07 00:00:00-05:00,0.0,0,0.16154824
2001-12-10 00:00:00-05:00,0.0,0,0.1318486
2001-12-11 00:00:00-05:00,0.0,0,0.13204978
2001-12-12 00:00:00-05:00,0.0,0,0.11505746
2001-12-13 00:00:00-05:00,0.0,0,0.14869572
2001-12-14 00:00:00-05:00,0.0,0,0.119636714
2001-12-17 00:00:00-05:00,0.0,0,0.10888637
2001-12-18 00:00:00-05:00,0.0,0,0.105939046
2001-12-19 00:00:00-05:00,0.0,0,0.1036403
2001-12-20 00:00:00-05:00,0.0,0,0.15338007
2001-12-21 00:00:00-05:00,0.0,0,0.11714387
2001-12-24 00:00:00-05:00,0.0,0,0.18526246
2001-12-26 00:00:00-05:00,0.0,0,0.115016446
2001-12-27 00:00:00-05:00,0.0,0,0.1373927
2001-12-28 00:00:00-05:00,0.0,0,0.13550045
2001-12-31 00:00:00-05:00,0.0,0,0.12937619
2002-01-02 00:00:00-05:00,0.0,0,0.11798999
2002-01-03 00:00:00-05:00,0.0,0,0.13031591
2002-01-04 00:00:00-05:00,0.0,0,0.11618441
2002-01-07 00:00:00-05:00,0.0,0,0.11987672
2002-01-08 00:00:00-05:00,0.0,0,0.11677569
2002-01-09 00:00:00-05:00,0.0,0,0.12539214
2002-01-10 00:00:00-05:00,0.0,0,0.09439494
2002-01-11 00:00:00-05:00,0.0,0,0.12881799
2002-01-14 00:00:00-05:00,0.0,0,0.12076951
2002-01-15 00:00:00-05:00,0.0,0,0.10729522
2002-01-16 00:00:00-05:00,0.0,0,0.112856545
2002-01-17 00:00:00-05:00,0.0,0,0.10714906
2002-01-18 00:00:00-05:00,0.0,0,0.1939977
2002-01-22 00:00:00-05:00,0.0,0,0.17137349
2002-01-23 00:00:00-05:00,0.0,0,0.14990886
2002-01-24 00:00:00-05:00,0.0,0,0.14779492
2002-01-25 00:00:00-05:00,0.0,0,0.14944081
2002-01-28 00:00:00-05:00,0.0,0,0.14506306
2002-01-29 00:00:00-05:00,0.0,0,0.2069333
2002-01-30 00:00:00-05:00,0.0,0,0.19044898
2002-01-31 00:00:00-05:00,0.0,0,0.18140587
2002-02-01 00:00:00-05:00,0.0,0,0.22943933
2002-02-04 00:00:00-05:00,0.0,0,0.25868127
2002-02-05 00:00:00-05:00,0.0,0,0.25858673
2002-02-06 00:00:00-05:00,0.0,0,0.27295405
2002-02-07 00:00:00-05:00,0.0,0,0.31038356
2002-02-08 00:00:00-05:00,0.0,0,0.2693806
2002-02-11 00:00:00-05:00,0.0,0,0.23302056
2002-02-12 00:00:00-05:00,0.0,0,0.22344427
2002-02-13 00:00:00-05:00,0.0,0,0.23706922
2002-02-14 00:00:00-05:00,0.0,0,0.20817025
2002-02-15 00:00:00-05:00,0.0,0,0.2514582
2002-02-19 00:00:00-05:00,0.0,0,0.2893285
2002-02-20 00:00:00-05:00,0.0,0,0.26478437
2002-02-21 00:00:00-05:00,0.0,0,0.32319617
2002-02-22 00:00:00-05:00,0.0,0,0.3019448
2002-02-25 00:00:00-05:00,0.0,0,0.26794583
2002-02-26 00:00:00-05:00,0.0,0,0.3600396
2002-02-27 00:00:00-05:00,0.0,0,0.3312822
2002-02-28 00:00:00-05:00,0.0,0,0.44973698
2002-03-01 00:00:00-05:00,0.0,0,0.35593164
2002-03-04 00:00:00-05:00,0.0,0,0.3205599
2002-03-05 00:00:00-05:00,0.0,0,0.2351806
2002-03-06 00:00:00-05:00,0.0,0,0.23260403
2002-03-07 00:00:00-05:00,0.0,0,0.23392338
2002-03-08 00:00:00-05:00,0.0,0,0.21627967
2002-03-11 00:00:00-05:00,0.0,0,0.17519224
2002-03-12 00:00:00-05:00,0.0,0,0.2685305
2002-03-13 00:00:00-05:00,0.0,0,0.22900756
2002-03-14 00:00:00-05:00,0.0,0,0.13200758
2002-03-15 00:00:00-05:00,0.0,0,0.14827256
2002-03-18 00:00:00-05:00,0.0,0,0.10239335
2002-03-19 00:00:00-05:00,0.0,0,0.117867194
2002-03-20 00:00:00-05:00,0.0,0,0.22002058
2002-03-21 00:00:00-05:00,0.0,0,0.19150136
2002-03-22 00:00:00-05:00,0.0,0,0.30117068
2002-03-25 00:00:00-05:00,0.0,0,0.18335067
2002-03-26 00:00:00-05:00,0.0,0,0.22021359
2002-03-27 00:00:00-05:00,0.0,0,0.1770311
2002-03-28 00:00:00-05:00,0.0,0,0.254936
2002-04-01 00:00:00-05:00,0.0,0,0.24390353
2002-04-02 00:00:00-05:00,0.0,0,0.3641235
2002-04-03 00:00:00-05:00,0.0,0,0.39364377
2002-04-04 00:00:00-05:00,0.0,0,0.36383346
2002-04-05 00:00:00-05:00,0.0,0,0.313643
2002-04-08 00:00:00-04:00,0.0,0,0.46163025
2002-04-09 00:00:00-04:00,0.0,0,0.48454884
2002-04-10 00:00:00-04:00,0.0,0,0.46396953
2002-04-11 00:00:00-04:00,0.0,1,0.5361342
2002-04-12 00:00:00-04:00,0.0,0,0.47185466
2002-04-15 00:00:00-04:00,0.0,0,0.48916268
2002-04-16 00:00:00-04:00,0.0,0,0.4805244
2002-04-17 00:00:00-04:00,0.0,0,0.47510654
2002-04-18 00:00:00-04:00,0.0,1,0.5458163
2002-04-19 00:00:00-04:00,0.0,0,0.4727081
2002-04-22 00:00:00-04:00,0.0,0,0.4166566
2002-04-23 00:00:00-04:00,0.0,1,0.5437079
2002-04-24 00:00:00-04:00,0.0,1,0.510715
2002-04-25 00:00:00-04:00,0.0,0,0.43025008
2002-04-26 00:00:00-04:00,0.0,1,0.5483136
2002-04-29 00:00:00-04:00,0.0,0,0.48202276
2002-04-30 00:00:00-04:00,0.0,1,0.52622044
2002-05-01 00:00:00-04:00,0.0,1,0.5619218
2002-05-02 00:00:00-04:00,0.0,1,0.6009275
2002-05-03 00:00:00-04:00,0.0,1,0.6064509
2002-05-06 00:00:00-04:00,0.0,1,0.6035179
2002-05-07 00:00:00-04:00,0.0,1,0.615729
2002-05-08 00:00:00-04:00,0.0,1,0.54427135
2002-05-09 00:00:00-04:00,0.0,1,0.5458404
2002-05-10 00:00:00-04:00,0.0,1,0.58255446
2002-05-13 00:00:00-04:00,0.0,1,0.54358387
2002-05-14 00:00:00-04:00,0.0,0,0.4520636
2002-05-15 00:00:00-04:00,0.0,0,0.42159683
2002-05-16 00:00:00-04:00,0.0,0,0.3665022
2002-05-17 00:00:00-04:00,0.0,0,0.39336395
2002-05-20 00:00:00-04:00,0.0,0,0.41795102
2002-05-21 00:00:00-04:00,0.0,0,0.4710132
2002-05-22 00:00:00-04:00,0.0,0,0.38318202
2002-05-23 00:00:00-04:00,0.0,0,0.39734077
2002-05-24 00:00:00-04:00,0.0,0,0.37198868
2002-05-28 00:00:00-04:00,0.0,0,0.4354476
2002-05-29 00:00:00-04:00,0.0,0,0.42058584
2002-05-30 00:00:00-04:00,0.0,0,0.19145523
2002-05-31 00:00:00-04:00,0.0,0,0.23046586
2002-06-03 00:00:00-04:00,0.0,0,0.25679284
2002-06-04 00:00:00-04:00,0.0,0,0.28343832
2002-06-05 00:00:00-04:00,0.0,0,0.24520998
2002-06-06 00:00:00-04:00,0.0,0,0.2929764
2002-06-07 00:00:00-04:00,1.0,0,0.39934403
2002-06-10 00:00:00-04:00,0.0,0,0.27400094
2002-06-11 00:00:00-04:00,0.0,0,0.28112325
2002-06-12 00:00:00-04:00,0.0,0,0.39611623
2002-06-13 00:00:00-04:00,0.0,0,0.27171233
2002-06-14 00:00:00-04:00,0.0,0,0.3134295
2002-06-17 00:00:00-04:00,0.0,0,0.28887138
2002-06-18 00:00:00-04:00,0.0,0,0.2002497
2002-06-19 00:00:00-04:00,0.0,0,0.274758
2002-06-20 00:00:00-04:00,0.0,0,0.26710537
2002-06-21 00:00:00-04:00,0.0,0,0.39412665
2002-06-24 00:00:00-04:00,0.0,0,0.36644122
2002-06-25 00:00:00-04:00,1.0,0,0.36462358
2002-06-26 00:00:00-04:00,0.0,0,0.38885203
2002-06-27 00:00:00-04:00,1.0,0,0.40500277
2002-06-28 00:00:00-04:00,1.0,0,0.40095723
2002-07-01 00:00:00-04:00,1.0,0,0.42444038
2002-07-02 00:00:00-04:00,1.0,0,0.46205443
2002-07-03 00:00:00-04:00,1.0,0,0.43838328
2002-07-05 00:00:00-04:00,0.0,0,0.3179857
2002-07-08 00:00:00-04:00,1.0,0,0.3573033
2002-07-09 00:00:00-04:00,1.0,0,0.39759633
2002-07-10 00:00:00-04:00,1.0,0,0.49797997
2002-07-11 00:00:00-04:00,1.0,1,0.55736053
2002-07-12 00:00:00-04:00,1.0,0,0.48371562
2002-07-15 00:00:00-04:00,1.0,1,0.60038763
2002-07-16 00:00:00-04:00,1.0,1,0.56361115
2002-07-17 00:00:00-04:00,1.0,1,0.5873338
2002-07-18 00:00:00-04:00,1.0,1,0.6205533
2002-07-19 00:00:00-04:00,1.0,1,0.72367287
2002-07-22 00:00:00-04:00,1.0,1,0.78216195
2002-07-23 00:00:00-04:00,1.0,1,0.8735165
2002-07-24 00:00:00-04:00,1.0,1,0.80300707
2002-07-25 00:00:00-04:00,1.0,1,0.8685223
2002-07-26 00:00:00-04:00,1.0,1,0.80517447
2002-07-29 00:00:00-04:00,1.0,1,0.7047246
2002-07-30 00:00:00-04:00,1.0,1,0.66809934
2002-07-31 00:00:00-04:00,1.0,1,0.64364046
2002-08-01 00:00:00-04:00,1.0,1,0.67881835
2002-08-02 00:00:00-04:00,1.0,1,0.73463553
2002-08-05 00:00:00-04:00,1.0,1,0.7176459
2002-08-06 00:00:00-04:00,1.0,1,0.7147751
2002-08-07 00:00:00-04:00,1.0,1,0.57956994
2002-08-08 00:00:00-04:00,1.0,1,0.61682475
2002-08-09 00:00:00-04:00,1.0,1,0.51908666
2002-08-12 00:00:00-04:00,1.0,0,0.48341253
2002-08-13 00:00:00-04:00,1.0,1,0.6276647
2002-08-14 00:00:00-04:00,1.0,1,0.52326703
2002-08-15 00:00:00-04:00,1.0,1,0.53366673
2002-08-16 00:00:00-04:00,1.0,0,0.45100722
2002-08-19 00:00:00-04:00,1.0,0,0.4083328
2002-08-20 00:00:00-04:00,1.0,0,0.41308334
2002-08-21 00:00:00-04:00,1.0,0,0.37960255
2002-08-22 00:00:00-04:00,0.0,0,0.3088931
2002-08-23 00:00:00-04:00,1.0,0,0.35084173
2002-08-26 00:00:00-04:00,1.0,0,0.34812298
2002-08-27 00:00:00-04:00,1.0,0,0.4287984
2002-08-28 00:00:00-04:00,1.0,0,0.4936376
2002-08-29 00:00:00-04:00,1.0,0,0.48558083
2002-08-30 00:00:00-04:00,1.0,0,0.50131893
2002-09-03 00:00:00-04:00,1.0,1,0.57538545
2002-09-04 00:00:00-04:00,1.0,1,0.57094395
2002-09-05 00:00:00-04:00,1.0,1,0.65060115
2002-09-06 00:00:00-04:00,1.0,1,0.52790403
2002-09-09 00:00:00-04:00,1.0,1,0.55857444
2002-09-10 00:00:00-04:00,1.0,0,0.4141872
2002-09-11 00:00:00-04:00,1.0,0,0.45797843
2002-09-12 00:00:00-04:00,1.0,0,0.45466298
2002-09-13 00:00:00-04:00,1.0,0,0.48250416
2002-09-16 00:00:00-04:00,1.0,0,0.34392288
2002-09-17 00:00:00-04:00,1.0,0,0.44925708
2002-09-18 00:00:00-04:00,1.0,0,0.43351305
2002-09-19 00:00:00-04:00,1.0,0,0.43467915
2002-09-20 00:00:00-04:00,1.0,0,0.37851104
2002-09-23 00:00:00-04:00,1.0,0,0.48654622
2002-09-24 00:00:00-04:00,1.0,0,0.50871015
2002-09-25 00:00:00-04:00,1.0,0,0.4668812
2002-09-26 00:00:00-04:00,1.0,0,0.44156083
2002-09-27 00:00:00-04:00,1.0,0,0.4832649
2002-09-30 00:00:00-04:00,1.0,1,0.51803386
2002-10-01 00:00:00-04:00,1.0,0,0.4781601
2002-10-02 00:00:00-04:00,1.0,0,0.45949236
2002-10-03 00:00:00-04:00,1.0,0,0.48741254
2002-10-04 00:00:00-04:00,1.0,1,0.5198599
2002-10-07 00:00:00-04:00,1.0,1,0.52058697
2002-10-08 00:00:00-04:00,1.0,1,0.55161357
2002-10-09 00:00:00-04:00,1.0,1,0.55527544
2002-10-10 00:00:00-04:00,1.0,0,0.50050545
2002-10-11 00:00:00-04:00,1.0,0,0.4518982
2002-10-14 00:00:00-04:00,0.0,0,0.35649768
2002-10-15 00:00:00-04:00,0.0,0,0.30108848
2002-10-16 00:00:00-04:00,0.0,0,0.21636064
2002-10-17 00:00:00-04:00,0.0,0,0.3358037
2002-10-18 00:00:00-04:00,0.0,0,0.28534907
2002-10-21 00:00:00-04:00,0.0,0,0.23075683
2002-10-22 00:00:00-04:00,0.0,0,0.14072202
2002-10-23 00:00:00-04:00,0.0,0,0.22692493
2002-10-24 00:00:00-04:00,0.0,0,0.27758437
2002-10-25 00:00:00-04:00,0.0,0,0.19333462
2002-10-28 00:00:00-05:00,0.0,0,0.21222733
2002-10-29 00:00:00-05:00,0.0,0,0.18890692
2002-10-30 00:00:00-05:00,0.0,0,0.19696055
2002-10-31 00:00:00-05:00,0.0,0,0.17965466
2002-11-01 00:00:00-05:00,0.0,0,0.22422233
2002-11-04 00:00:00-05:00,0.0,0,0.21648698
2002-11-05 00:00:00-05:00,0.0,0,0.124334335
2002-11-06 00:00:00-05:00,0.0,0,0.18718666
2002-11-07 00:00:00-05:00,0.0,0,0.13553195
2002-11-08 00:00:00-05:00,0.0,0,0.20271039
2002-11-11 00:00:00-05:00,0.0,0,0.15090697
2002-11-12 00:00:00-05:00,0.0,0,0.19077012
2002-11-13 00:00:00-05:00,0.0,0,0.21147327
2002-11-14 00:00:00-05:00,0.0,0,0.088718794
2002-11-15 00:00:00-05:00,0.0,0,0.0946892
2002-11-18 00:00:00-05:00,0.0,0,0.08854505
2002-11-19 00:00:00-05:00,0.0,0,0.13948466
2002-11-20 00:00:00-05:00,0.0,0,0.1841804
2002-11-21 00:00:00-05:00,0.0,0,0.093911275
2002-11-22 00:00:00-05:00,0.0,0,0.07758729
2002-11-25 00:00:00-05:00,0.0,0,0.06409756
2002-11-26 00:00:00-05:00,0.0,0,0.13051583
2002-11-27 00:00:00-05:00,0.0,0,0.058416616
2002-11-29 00:00:00-05:00,0.0,0,0.074812874
2002-12-02 00:00:00-05:00,0.0,0,0.09631234
2002-12-03 00:00:00-05:00,0.0,0,0.07650513
2002-12-04 00:00:00-05:00,0.0,0,0.10820885
2002-12-05 00:00:00-05:00,0.0,0,0.17334868
2002-12-06 00:00:00-05:00,0.0,0,0.18267953
2002-12-09 00:00:00-05:00,0.0,0,0.27473402
2002-12-10 00:00:00-05:00,0.0,0,0.22055021
2002-12-11 00:00:00-05:00,0.0,0,0.23805547
2002-12-12 00:00:00-05:00,0.0,0,0.22399029
2002-12-13 00:00:00-05:00,0.0,0,0.2823014
2002-12-16 00:00:00-05:00,0.0,0,0.32129946
2002-12-17 00:00:00-05:00,0.0,0,0.23189248
2002-12-18 00:00:00-05:00,0.0,0,0.32721287
2002-12-19 00:00:00-05:00,0.0,0,0.37929028
2002-12-20 00:00:00-05:00,0.0,0,0.27121508
2002-12-23 00:00:00-05:00,0.0,0,0.30414116
2002-12-24 00:00:00-05:00,0.0,1,0.58447623
2002-12-26 00:00:00-05:00,0.0,0,0.33625728
2002-12-27 00:00:00-05:00,0.0,0,0.2757411
2002-12-30 00:00:00-05:00,1.0,0,0.41147298
2002-12-31 00:00:00-05:00,1.0,1,0.5383891
2003-01-02 00:00:00-05:00,0.0,0,0.4422301
2003-01-03 00:00:00-05:00,0.0,0,0.23622161
2003-01-06 00:00:00-05:00,0.0,0,0.2637209
2003-01-07 00:00:00-05:00,0.0,0,0.1693517
2003-01-08 00:00:00-05:00,0.0,0,0.185553
2003-01-09 00:00:00-05:00,0.0,0,0.1116971
2003-01-10 00:00:00-05:00,0.0,0,0.091028996
2003-01-13 00:00:00-05:00,0.0,0,0.07294831
2003-01-14 00:00:00-05:00,0.0,0,0.07158127
2003-01-15 00:00:00-05:00,0.0,0,0.08733108
2003-01-16 00:00:00-05:00,0.0,0,0.12693276
2003-01-17 00:00:00-05:00,0.0,0,0.31876928
2003-01-21 00:00:00-05:00,0.0,0,0.21542247
2003-01-22 00:00:00-05:00,0.0,0,0.32671154
2003-01-23 00:00:00-05:00,0.0,0,0.23719746
2003-01-24 00:00:00-05:00,1.0,0,0.465444
2003-01-27 00:00:00-05:00,0.0,0,0.44251645
2003-01-28 00:00:00-05:00,0.0,0,0.32223743
2003-01-29 00:00:00-05:00,0.0,0,0.39399937
2003-01-30 00:00:00-05:00,1.0,1,0.5424477
2003-01-31 00:00:00-05:00,1.0,1,0.5401247
2003-02-03 00:00:00-05:00,1.0,1,0.56586194
2003-02-04 00:00:00-05:00,1.0,1,0.51267576
2003-02-05 00:00:00-05:00,1.0,1,0.62257266
2003-02-06 00:00:00-05:00,1.0,1,0.6246128
2003-02-07 00:00:00-05:00,1.0,1,0.7143134
2003-02-10 00:00:00-05:00,1.0,1,0.6443131
2003-02-11 00:00:00-05:00,1.0,1,0.73273313
2003-02-12 00:00:00-05:00,1.0,1,0.6524917
2003-02-13 00:00:00-05:00,1.0,1,0.6334709
2003-02-14 00:00:00-05:00,1.0,1,0.58182657
2003-02-18 00:00:00-05:00,1.0,1,0.54748917
2003-02-19 00:00:00-05:00,1.0,1,0.5961065
2003-02-20 00:00:00-05:00,1.0,1,0.63803893
2003-02-21 00:00:00-05:00,1.0,1,0.65707624
2003-02-24 00:00:00-05:00,1.0,1,0.7053394
2003-02-25 00:00:00-05:00,1.0,1,0.6907157
2003-02-26 00:00:00-05:00,1.0,1,0.7988571
2003-02-27 00:00:00-05:00,1.0,1,0.79472095
2003-02-28 00:00:00-05:00,1.0,1,0.7719455
2003-03-03 00:00:00-05:00,1.0,1,0.7306906
2003-03-04 00:00:00-05:00,1.0,1,0.79667026
2003-03-05 00:00:00-05:00,1.0,1,0.78940904
2003-03-06 00:00:00-05:00,1.0,1,0.782774
2003-03-07 00:00:00-05:00,1.0,1,0.7751963
2003-03-10 00:00:00-05:00,1.0,1,0.7735559
2003-03-11 00:00:00-05:00,1.0,1,0.7971209
2003-03-12 00:00:00-05:00,1.0,1,0.7040113
2003-03-13 00:00:00-05:00,1.0,1,0.65247595
2003-03-14 00:00:00-05:00,1.0,1,0.57606554
2003-03-17 00:00:00-05:00,1.0,1,0.531783
2003-03-18 00:00:00-05:00,1.0,0,0.47039512
2003-03-19 00:00:00-05:00,1.0,0,0.4504098
2003-03-20 00:00:00-05:00,1.0,0,0.48184064
2003-03-21 00:00:00-05:00,0.0,0,0.42910162
2003-03-24 00:00:00-05:00,1.0,1,0.5292897
2003-03-25 00:00:00-05:00,1.0,0,0.49259576
2003-03-26 00:00:00-05:00,1.0,0,0.4600824
2003-03-27 00:00:00-05:00,1.0,0,0.48433384
2003-03-28 00:00:00-05:00,1.0,0,0.47821328
2003-03-31 00:00:00-05:00,1.0,1,0.56634104
2003-04-01 00:00:00-05:00,1.0,0,0.50844836
2003-04-02 00:00:00-05:00,0.0,0,0.47612453
2003-04-03 00:00:00-05:00,0.0,0,0.39342147
2003-04-04 00:00:00-05:00,1.0,1,0.5184411
2003-04-07 00:00:00-04:00,1.0,1,0.54022425
2003-04-08 00:00:00-04:00,0.0,0,0.4211662
2003-04-09 00:00:00-04:00,1.0,1,0.5874291
2003-04-10 00:00:00-04:00,1.0,1,0.6011878
2003-04-11 00:00:00-04:00,1.0,1,0.6749921
2003-04-14 00:00:00-04:00,1.0,1,0.59169066
2003-04-15 00:00:00-04:00,1.0,1,0.5765818
2003-04-16 00:00:00-04:00,1.0,1,0.606526
2003-04-17 00:00:00-04:00,1.0,1,0.54024315
2003-04-21 00:00:00-04:00,1.0,1,0.5170922
2003-04-22 00:00:00-04:00,1.0,0,0.5095304
2003-04-23 00:00:00-04:00,1.0,0,0.47830617
2003-04-24 00:00:00-04:00,1.0,1,0.55825007
2003-04-25 00:00:00-04:00,1.0,1,0.70028555
2003-04-28 00:00:00-04:00,1.0,1,0.6710152
2003-04-29 00:00:00-04:00,1.0,1,0.637078
2003-04-30 00:00:00-04:00,1.0,1,0.71277034
2003-05-01 00:00:00-04:00,1.0,1,0.66725945
2003-05-02 00:00:00-04:00,1.0,1,0.55315757
2003-05-05 00:00:00-04:00,1.0,1,0.5900992
2003-05-06 00:00:00-04:00,1.0,1,0.60133255
2003-05-07 00:00:00-04:00,1.0,1,0.63012815
2003-05-08 00:00:00-04:00,1.0,1,0.6985911
2003-05-09 00:00:00-04:00,1.0,1,0.6113938
2003-05-12 00:00:00-04:00,1.0,1,0.7033889
2003-05-13 00:00:00-04:00,1.0,1,0.7513901
2003-05-14 00:00:00-04:00,1.0,1,0.72751975
2003-05-15 00:00:00-04:00,1.0,1,0.75252897
2003-05-16 00:00:00-04:00,1.0,1,0.6663729
2003-05-19 00:00:00-04:00,1.0,1,0.71101594
2003-05-20 00:00:00-04:00,1.0,1,0.7412672
2003-05-21 00:00:00-04:00,1.0,1,0.7695546
2003-05-22 00:00:00-04:00,1.0,1,0.6624085
2003-05-23 00:00:00-04:00,1.0,1,0.76527876
2003-05-27 00:00:00-04:00,1.0,1,0.7365142
2003-05-28 00:00:00-04:00,1.0,1,0.7679193
2003-05-29 00:00:00-04:00,1.0,1,0.79146993
2003-05-30 00:00:00-04:00,1.0,1,0.6040406
2003-06-02 00:00:00-04:00,1.0,1,0.5984371
2003-06-03 00:00:00-04:00,1.0,1,0.56032884
2003-06-04 00:00:00-04:00,1.0,1,0.5910096
2003-06-05 00:00:00-04:00,1.0,1,0.6668594
2003-06-06 00:00:00-04:00,1.0,1,0.77315396
2003-06-09 00:00:00-04:00,1.0,1,0.6850164
2003-06-10 00:00:00-04:00,1.0,1,0.74739325
2003-06-11 00:00:00-04:00,1.0,1,0.6266027
2003-06-12 00:00:00-04:00,1.0,1,0.6067036
2003-06-13 00:00:00-04:00,1.0,1,0.7304599
2003-06-16 00:00:00-04:00,1.0,1,0.6414957
2003-06-17 00:00:00-04:00,1.0,1,0.5504299
2003-06-18 00:00:00-04:00,1.0,0,0.44105735
2003-06-19 00:00:00-04:00,1.0,0,0.3861818
2003-06-20 00:00:00-04:00,1.0,0,0.38927373
2003-06-23 00:00:00-04:00,1.0,0,0.48776704
2003-06-24 00:00:00-04:00,1.0,0,0.39356625
2003-06-25 00:00:00-04:00,1.0,0,0.5073626
2003-06-26 00:00:00-04:00,1.0,1,0.52639896
2003-06-27 00:00:00-04:00,1.0,0,0.4775587
2003-06-30 00:00:00-04:00,1.0,0,0.43351498
2003-07-01 00:00:00-04:00,1.0,0,0.46298155
2003-07-02 00:00:00-04:00,0.0,0,0.3262535
2003-07-03 00:00:00-04:00,0.0,0,0.33459815
2003-07-07 00:00:00-04:00,0.0,0,0.31022188
2003-07-08 00:00:00-04:00,0.0,0,0.26334214
2003-07-09 00:00:00-04:00,0.0,0,0.23748212
2003-07-10 00:00:00-04:00,0.0,0,0.39757636
2003-07-11 00:00:00-04:00,0.0,0,0.23632926
2003-07-14 00:00:00-04:00,0.0,0,0.30848578
2003-07-15 00:00:00-04:00,0.0,0,0.23062356
2003-07-16 00:00:00-04:00,0.0,0,0.21383539
2003-07-17 00:00:00-04:00,0.0,0,0.3692471
2003-07-18 00:00:00-04:00,0.0,0,0.27128452
2003-07-21 00:00:00-04:00,0.0,0,0.45599845
2003-07-22 00:00:00-04:00,0.0,0,0.28507757
2003-07-23 00:00:00-04:00,0.0,0,0.30332786
2003-07-24 00:00:00-04:00,0.0,0,0.47564515
2003-07-25 00:00:00-04:00,0.0,0,0.41445303
2003-07-28 00:00:00-04:00,0.0,0,0.2900118
2003-07-29 00:00:00-04:00,0.0,0,0.40097252
2003-07-30 00:00:00-04:00,0.0,0,0.3318022
2003-07-31 00:00:00-04:00,0.0,0,0.40713665
2003-08-01 00:00:00-04:00,1.0,0,0.3535145
2003-08-04 00:00:00-04:00,1.0,0,0.4291711
2003-08-05 00:00:00-04:00,1.0,1,0.51451075
2003-08-06 00:00:00-04:00,1.0,0,0.48220715
2003-08-07 00:00:00-04:00,1.0,0,0.4081452
2003-08-08 00:00:00-04:00,1.0,0,0.4770845
2003-08-11 00:00:00-04:00,1.0,0,0.45604926
2003-08-12 00:00:00-04:00,1.0,0,0.471846
2003-08-13 00:00:00-04:00,1.0,0,0.45564234
2003-08-14 00:00:00-04:00,1.0,1,0.54685414
2003-08-15 00:00:00-04:00,1.0,1,0.6022242
2003-08-18 00:00:00-04:00,1.0,0,0.42366067
2003-08-19 00:00:00-04:00,1.0,0,0.4812485
2003-08-20 00:00:00-04:00,1.0,0,0.40961674
2003-08-21 00:00:00-04:00,1.0,0,0.43543035
2003-08-22 00:00:00-04:00,1.0,0,0.4759536
2003-08-25 00:00:00-04:00,1.0,0,0.4375244
2003-08-26 00:00:00-04:00,1.0,0,0.48041603
2003-08-27 00:00:00-04:00,1.0,1,0.543789
2003-08-28 00:00:00-04:00,1.0,0,0.46812457
2003-08-29 00:00:00-04:00,1.0,1,0.54554576
2003-09-02 00:00:00-04:00,1.0,0,0.37476897
2003-09-03 00:00:00-04:00,0.0,0,0.29268277
2003-09-04 00:00:00-04:00,0.0,0,0.29963082
2003-09-05 00:00:00-04:00,0.0,0,0.289342
2003-09-08 00:00:00-04:00,0.0,0,0.23190422
2003-09-09 00:00:00-04:00,0.0,0,0.32213014
2003-09-10 00:00:00-04:00,1.0,0,0.35036084
2003-09-11 00:00:00-04:00,1.0,0,0.3440698
2003-09-12 00:00:00-04:00,0.0,0,0.3226755
2003-09-15 00:00:00-04:00,1.0,0,0.35951605
2003-09-16 00:00:00-04:00,1.0,0,0.29754964
2003-09-17 00:00:00-04:00,0.0,0,0.30170378
2003-09-18 00:00:00-04:00,0.0,0,0.26005316
2003-09-19 00:00:00-04:00,0.0,0,0.24997318
2003-09-22 00:00:00-04:00,0.0,0,0.27346173
2003-09-23 00:00:00-04:00,0.0,0,0.2071823
2003-09-24 00:00:00-04:00,0.0,0,0.2936402
2003-09-25 00:00:00-04:00,0.0,0,0.25399795
2003-09-26 00:00:00-04:00,0.0,0,0.23944098
2003-09-29 00:00:00-04:00,0.0,0,0.22602223
2003-09-30 00:00:00-04:00,0.0,0,0.2953405
2003-10-01 00:00:00-04:00,0.0,0,0.25868595
2003-10-02 00:00:00-04:00,0.0,0,0.2116733
2003-10-03 00:00:00-04:00,0.0,0,0.19847809
2003-10-06 00:00:00-04:00,0.0,0,0.21599342
2003-10-07 00:00:00-04:00,0.0,0,0.21458708
2003-10-08 00:00:00-04:00,0.0,0,0.19122373
2003-10-09 00:00:00-04:00,0.0,0,0.18691084
2003-10-10 00:00:00-04:00,0.0,0,0.16605705
2003-10-13 00:00:00-04:00,0.0,0,0.170415
2003-10-14 00:00:00-04:00,0.0,0,0.28622255
2003-10-15 00:00:00-04:00,0.0,0,0.17909066
2003-10-16 00:00:00-04:00,0.0,0,0.14958857
2003-10-17 00:00:00-04:00,0.0,0,0.17319228
2003-10-20 00:00:00-04:00,0.0,0,0.14697762
2003-10-21 00:00:00-04:00,0.0,0,0.22664018
2003-10-22 00:00:00-04:00,0.0,0,0.19324435
2003-10-23 00:00:00-04:00,0.0,0,0.2139334
2003-10-24 00:00:00-04:00,0.0,0,0.2890023
2003-10-27 00:00:00-05:00,0.0,0,0.34144753
2003-10-28 00:00:00-05:00,0.0,0,0.3279958
2003-10-29 00:00:00-05:00,0.0,0,0.27572632
2003-10-30 00:00:00-05:00,0.0,0,0.3279666
2003-10-31 00:00:00-05:00,0.0,0,0.36933047
2003-11-03 00:00:00-05:00,0.0,0,0.27861592
2003-11-04 00:00:00-05:00,0.0,0,0.31500295
2003-11-05 00:00:00-05:00,0.0,0,0.36160418
2003-11-06 00:00:00-05:00,0.0,0,0.352439
2003-11-07 00:00:00-05:00,0.0,0,0.28276768
2003-11-10 00:00:00-05:00,0.0,0,0.34168094
2003-11-11 00:00:00-05:00,0.0,0,0.30427387
2003-11-12 00:00:00-05:00,0.0,0,0.30036557
2003-11-13 00:00:00-05:00,0.0,0,0.37947506
2003-11-14 00:00:00-05:00,0.0,0,0.34578738
2003-11-17 00:00:00-05:00,1.0,0,0.3723518
2003-11-18 00:00:00-05:00,1.0,0,0.36207044
2003-11-19 00:00:00-05:00,0.0,0,0.4225899
2003-11-20 00:00:00-05:00,0.0,0,0.3732296
2003-11-21 00:00:00-05:00,1.0,0,0.45655486
2003-11-24 00:00:00-05:00,1.0,0,0.39878547
2003-11-25 00:00:00-05:00,1.0,0,0.3853687
2003-11-26 00:00:00-05:00,1.0,0,0.2886492
2003-11-28 00:00:00-05:00,0.0,0,0.30462444
2003-12-01 00:00:00-05:00,0.0,0,0.4140387
2003-12-02 00:00:00-05:00,0.0,0,0.33019125
2003-12-03 00:00:00-05:00,0.0,0,0.32259715
2003-12-04 00:00:00-05:00,0.0,0,0.32558542
2003-12-05 00:00:00-05:00,0.0,0,0.32308537
2003-12-08 00:00:00-05:00,0.0,0,0.3214698
2003-12-09 00:00:00-05:00,0.0,0,0.25125596
2003-12-10 00:00:00-05:00,0.0,0,0.19057228
2003-12-11 00:00:00-05:00,0.0,0,0.30490494
2003-12-12 00:00:00-05:00,1.0,0,0.35974735
2003-12-15 00:00:00-05:00,1.0,0,0.3538071
2003-12-16 00:00:00-05:00,1.0,0,0.3236684
2003-12-17 00:00:00-05:00,0.0,0,0.19548696
2003-12-18 00:00:00-05:00,0.0,0,0.25787932
2003-12-19 00:00:00-05:00,0.0,0,0.21649371
2003-12-22 00:00:00-05:00,0.0,0,0.27598736
2003-12-23 00:00:00-05:00,0.0,0,0.2025836
2003-12-24 00:00:00-05:00,0.0,0,0.17706038
2003-12-26 00:00:00-05:00,0.0,0,0.1676351
2003-12-29 00:00:00-05:00,0.0,0,0.17771596
2003-12-30 00:00:00-05:00,0.0,0,0.122155756
2003-12-31 00:00:00-05:00,0.0,0,0.16166462
2004-01-02 00:00:00-05:00,0.0,0,0.20611277
2004-01-05 00:00:00-05:00,0.0,0,0.20049027
2004-01-06 00:00:00-05:00,0.0,0,0.094418235
2004-01-07 00:00:00-05:00,0.0,0,0.107012644
2004-01-08 00:00:00-05:00,0.0,0,0.16637266
2004-01-09 00:00:00-05:00,0.0,0,0.19280262
2004-01-12 00:00:00-05:00,0.0,0,0.17041527
2004-01-13 00:00:00-05:00,0.0,0,0.1820434
2004-01-14 00:00:00-05:00,0.0,0,0.12180443
2004-01-15 00:00:00-05:00,0.0,0,0.15473716
2004-01-16 00:00:00-05:00,0.0,0,0.16967581
2004-01-20 00:00:00-05:00,0.0,0,0.12668961
2004-01-21 00:00:00-05:00,0.0,0,0.177678
2004-01-22 00:00:00-05:00,0.0,0,0.22060144
2004-01-23 00:00:00-05:00,0.0,0,0.22751318
2004-01-26 00:00:00-05:00,0.0,0,0.13884728
2004-01-27 00:00:00-05:00,0.0,0,0.16745622
2004-01-28 00:00:00-05:00,0.0,0,0.35359836
2004-01-29 00:00:00-05:00,0.0,0,0.19925149
2004-01-30 00:00:00-05:00,0.0,0,0.17441617
2004-02-02 00:00:00-05:00,0.0,0,0.31177336
2004-02-03 00:00:00-05:00,0.0,0,0.2472236
2004-02-04 00:00:00-05:00,1.0,0,0.3248596
2004-02-05 00:00:00-05:00,1.0,0,0.2923151
2004-02-06 00:00:00-05:00,1.0,0,0.28915384
2004-02-09 00:00:00-05:00,1.0,0,0.40228125
2004-02-10 00:00:00-05:00,1.0,0,0.39046136
2004-02-11 00:00:00-05:00,1.0,0,0.39018068
2004-02-12 00:00:00-05:00,1.0,0,0.33347023
2004-02-13 00:00:00-05:00,1.0,1,0.53698254
2004-02-17 00:00:00-05:00,1.0,0,0.47156477
2004-02-18 00:00:00-05:00,1.0,0,0.41686943
2004-02-19 00:00:00-05:00,1.0,1,0.55421734
2004-02-20 00:00:00-05:00,1.0,0,0.4622369
2004-02-23 00:00:00-05:00,1.0,0,0.44183862
2004-02-24 00:00:00-05:00,1.0,0,0.46834522
2004-02-25 00:00:00-05:00,1.0,0,0.4184276
2004-02-26 00:00:00-05:00,1.0,0,0.40393713
2004-02-27 00:00:00-05:00,1.0,0,0.35320932
2004-03-01 00:00:00-05:00,1.0,1,0.5644883
2004-03-02 00:00:00-05:00,1.0,1,0.556882
2004-03-03 00:00:00-05:00,1.0,1,0.557275
2004-03-04 00:00:00-05:00,1.0,1,0.6455358
2004-03-05 00:00:00-05:00,1.0,1,0.5824495
2004-03-08 00:00:00-05:00,1.0,1,0.59180963
2004-03-09 00:00:00-05:00,1.0,1,0.61927783
2004-03-10 00:00:00-05:00,1.0,1,0.697844
2004-03-11 00:00:00-05:00,1.0,1,0.76039964
2004-03-12 00:00:00-05:00,1.0,1,0.76346785
2004-03-15 00:00:00-05:00,1.0,1,0.7055688
2004-03-16 00:00:00-05:00,1.0,1,0.75674856
2004-03-17 00:00:00-05:00,1.0,1,0.75128794
2004-03-18 00:00:00-05:00,1.0,1,0.68441474
2004-03-19 00:00:00-05:00,1.0,1,0.76124674
2004-03-22 00:00:00-05:00,1.0,1,0.7347417
2004-03-23 00:00:00-05:00,1.0,1,0.7969116
2004-03-24 00:00:00-05:00,1.0,1,0.7374815
2004-03-25 00:00:00-05:00,1.0,1,0.7154162
2004-03-26 00:00:00-05:00,1.0,1,0.7083536
2004-03-29 00:00:00-05:00,1.0,1,0.6581682
2004-03-30 00:00:00-05:00,1.0,1,0.6493695
2004-03-31 00:00:00-05:00,1.0,1,0.69959
2004-04-01 00:00:00-05:00,1.0,1,0.6715559
2004-04-02 00:00:00-05:00,1.0,0,0.49909464
2004-04-05 00:00:00-04:00,1.0,1,0.57170236
2004-04-06 00:00:00-04:00,1.0,1,0.60462755
2004-04-07 00:00:00-04:00,1.0,1,0.5869967
2004-04-08 00:00:00-04:00,1.0,1,0.6801373
2004-04-12 00:00:00-04:00,1.0,1,0.6435835
2004-04-13 00:00:00-04:00,1.0,1,0.6214185
2004-04-14 00:00:00-04:00,1.0,1,0.6236494
2004-04-15 00:00:00-04:00,1.0,1,0.65333104
2004-04-16 00:00:00-04:00,1.0,1,0.69851005
2004-04-19 00:00:00-04:00,1.0,1,0.70189625
2004-04-20 00:00:00-04:00,1.0,1,0.6819541
2004-04-21 00:00:00-04:00,1.0,1,0.6628121
2004-04-22 00:00:00-04:00,1.0,1,0.54225194
2004-04-23 00:00:00-04:00,0.0,0,0.21784082
2004-04-26 00:00:00-04:00,1.0,0,0.43445027
2004-04-27 00:00:00-04:00,0.0,0,0.38408217
2004-04-28 00:00:00-04:00,1.0,1,0.5182445
2004-04-29 00:00:00-04:00,1.0,1,0.5215408
2004-04-30 00:00:00-04:00,1.0,1,0.58295584
2004-05-03 00:00:00-04:00,1.0,1,0.5435261
2004-05-04 00:00:00-04:00,1.0,1,0.55540854
2004-05-05 00:00:00-04:00,1.0,1,0.564901
2004-05-06 00:00:00-04:00,1.0,1,0.53676856
2004-05-07 00:00:00-04:00,1.0,1,0.6039907
2004-05-10 00:00:00-04:00,1.0,1,0.60428804
2004-05-11 00:00:00-04:00,1.0,1,0.596232
2004-05-12 00:00:00-04:00,1.0,1,0.59874016
2004-05-13 00:00:00-04:00,1.0,1,0.55046827
2004-05-14 00:00:00-04:00,1.0,1,0.64548695
2004-05-17 00:00:00-04:00,1.0,1,0.6347182
2004-05-18 00:00:00-04:00,1.0,1,0.5873871
2004-05-19 00:00:00-04:00,1.0,1,0.6377964
2004-05-20 00:00:00-04:00,1.0,1,0.6455312
2004-05-21 00:00:00-04:00,1.0,1,0.6259413
2004-05-24 00:00:00-04:00,1.0,1,0.6891254
2004-05-25 00:00:00-04:00,1.0,1,0.66215897
2004-05-26 00:00:00-04:00,1.0,1,0.6799953
2004-05-27 00:00:00-04:00,1.0,1,0.6900482
2004-05-28 00:00:00-04:00,1.0,1,0.6374725
2004-06-01 00:00:00-04:00,1.0,1,0.6608809
2004-06-02 00:00:00-04:00,1.0,1,0.6594045
2004-06-03 00:00:00-04:00,1.0,1,0.6604692
2004-06-04 00:00:00-04:00,1.0,1,0.66954976
2004-06-07 00:00:00-04:00,1.0,1,0.65523446
2004-06-08 00:00:00-04:00,1.0,1,0.6388228
2004-06-09 00:00:00-04:00,1.0,1,0.6475322
2004-06-10 00:00:00-04:00,1.0,1,0.62248385
2004-06-14 00:00:00-04:00,1.0,1,0.68548775
2004-06-15 00:00:00-04:00,1.0,1,0.6838379
2004-06-16 00:00:00-04:00,1.0,1,0.5311488
2004-06-17 00:00:00-04:00,0.0,1,0.5544344
2004-06-18 00:00:00-04:00,0.0,1,0.5553369
2004-06-21 00:00:00-04:00,0.0,1,0.5374952
2004-06-22 00:00:00-04:00,0.0,1,0.51798916
2004-06-23 00:00:00-04:00,0.0,0,0.42553827
2004-06-24 00:00:00-04:00,0.0,0,0.42498288
2004-06-25 00:00:00-04:00,0.0,0,0.45411065
2004-06-28 00:00:00-04:00,1.0,1,0.53310066
2004-06-29 00:00:00-04:00,1.0,0,0.50556004
2004-06-30 00:00:00-04:00,1.0,1,0.5872747
2004-07-01 00:00:00-04:00,1.0,1,0.5840255
2004-07-02 00:00:00-04:00,1.0,0,0.49042937
2004-07-06 00:00:00-04:00,1.0,1,0.63587576
2004-07-07 00:00:00-04:00,1.0,1,0.6981132
2004-07-08 00:00:00-04:00,1.0,1,0.7052066
2004-07-09 00:00:00-04:00,1.0,1,0.6897281
2004-07-12 00:00:00-04:00,1.0,1,0.6598214
2004-07-13 00:00:00-04:00,1.0,1,0.6680884
2004-07-14 00:00:00-04:00,1.0,1,0.75954926
2004-07-15 00:00:00-04:00,1.0,1,0.62939095
2004-07-16 00:00:00-04:00,1.0,1,0.72992015
2004-07-19 00:00:00-04:00,1.0,1,0.6600146
2004-07-20 00:00:00-04:00,1.0,1,0.6767215
2004-07-21 00:00:00-04:00,1.0,1,0.67466426
2004-07-22 00:00:00-04:00,1.0,1,0.6198845
2004-07-23 00:00:00-04:00,1.0,1,0.6833031
2004-07-26 00:00:00-04:00,1.0,1,0.6637604
2004-07-27 00:00:00-04:00,1.0,1,0.6707662
2004-07-28 00:00:00-04:00,1.0,1,0.6510049
2004-07-29 00:00:00-04:00,1.0,1,0.6576131
2004-07-30 00:00:00-04:00,1.0,1,0.6275754
2004-08-02 00:00:00-04:00,1.0,1,0.6292759
2004-08-03 00:00:00-04:00,1.0,1,0.6514614
2004-08-04 00:00:00-04:00,1.0,1,0.59672004
2004-08-05 00:00:00-04:00,1.0,1,0.74800414
2004-08-06 00:00:00-04:00,1.0,1,0.81513584
2004-08-09 00:00:00-04:00,1.0,1,0.691695
2004-08-10 00:00:00-04:00,1.0,1,0.72523034
2004-08-11 00:00:00-04:00,1.0,1,0.6901331
2004-08-12 00:00:00-04:00,1.0,1,0.7521223
2004-08-13 00:00:00-04:00,1.0,1,0.71474266
2004-08-16 00:00:00-04:00,1.0,1,0.7154704
2004-08-17 00:00:00-04:00,1.0,1,0.75455153
2004-08-18 00:00:00-04:00,1.0,1,0.7434289
2004-08-19 00:00:00-04:00,1.0,1,0.7312732
2004-08-20 00:00:00-04:00,1.0,1,0.70680594
2004-08-23 00:00:00-04:00,1.0,1,0.6392274
2004-08-24 00:00:00-04:00,1.0,1,0.6643114
2004-08-25 00:00:00-04:00,1.0,1,0.68805754
2004-08-26 00:00:00-04:00,1.0,1,0.6225995
2004-08-27 00:00:00-04:00,1.0,1,0.6111608
2004-08-30 00:00:00-04:00,1.0,1,0.67027503
2004-08-31 00:00:00-04:00,1.0,1,0.6366333
2004-09-01 00:00:00-04:00,1.0,1,0.6585345
2004-09-02 00:00:00-04:00,1.0,1,0.62986135
2004-09-03 00:00:00-04:00,1.0,1,0.67486167
2004-09-07 00:00:00-04:00,1.0,1,0.60605115
2004-09-08 00:00:00-04:00,1.0,1,0.59104264
2004-09-09 00:00:00-04:00,1.0,1,0.59716105
2004-09-10 00:00:00-04:00,1.0,1,0.56349003
2004-09-13 00:00:00-04:00,1.0,1,0.6098971
2004-09-14 00:00:00-04:00,1.0,1,0.5250684
2004-09-15 00:00:00-04:00,1.0,1,0.5492925
2004-09-16 00:00:00-04:00,1.0,1,0.5959846
2004-09-17 00:00:00-04:00,1.0,1,0.5375346
2004-09-20 00:00:00-04:00,1.0,1,0.5725909
2004-09-21 00:00:00-04:00,1.0,1,0.5556883
2004-09-22 00:00:00-04:00,1.0,1,0.6097779
2004-09-23 00:00:00-04:00,1.0,1,0.6111047
2004-09-24 00:00:00-04:00,1.0,1,0.61928403
2004-09-27 00:00:00-04:00,1.0,1,0.6135143
2004-09-28 00:00:00-04:00,1.0,1,0.598806
2004-09-29 00:00:00-04:00,1.0,1,0.57030916
2004-09-30 00:00:00-04:00,1.0,1,0.5327169
2004-10-01 00:00:00-04:00,1.0,0,0.4991674
2004-10-04 00:00:00-04:00,1.0,0,0.49022585
2004-10-05 00:00:00-04:00,1.0,0,0.4727968
2004-10-06 00:00:00-04:00,1.0,0,0.46136603
2004-10-07 00:00:00-04:00,1.0,0,0.5048789
2004-10-08 00:00:00-04:00,1.0,0,0.5069959
2004-10-11 00:00:00-04:00,1.0,0,0.4860158
2004-10-12 00:00:00-04:00,1.0,0,0.46836004
2004-10-13 00:00:00-04:00,1.0,0,0.45376858
2004-10-14 00:00:00-04:00,1.0,0,0.4699056
2004-10-15 00:00:00-04:00,1.0,0,0.47788137
2004-10-18 00:00:00-04:00,0.0,0,0.44236133
2004-10-19 00:00:00-04:00,0.0,0,0.42725316
2004-10-20 00:00:00-04:00,0.0,0,0.42324266
2004-10-21 00:00:00-04:00,0.0,0,0.36637536
2004-10-22 00:00:00-04:00,1.0,0,0.46935505
2004-10-25 00:00:00-04:00,1.0,0,0.45955923
2004-10-26 00:00:00-04:00,1.0,0,0.44261226
2004-10-27 00:00:00-04:00,1.0,0,0.4826819
2004-10-28 00:00:00-04:00,1.0,0,0.47692034
2004-10-29 00:00:00-04:00,1.0,0,0.4298861
2004-11-01 00:00:00-05:00,0.0,0,0.40344998
2004-11-02 00:00:00-05:00,0.0,0,0.39224818
2004-11-03 00:00:00-05:00,0.0,0,0.35828355
2004-11-04 00:00:00-05:00,0.0,0,0.34955174
2004-11-05 00:00:00-05:00,0.0,0,0.28414273
2004-11-08 00:00:00-05:00,0.0,0,0.26056218
2004-11-09 00:00:00-05:00,0.0,0,0.26131928
2004-11-10 00:00:00-05:00,0.0,0,0.21366428
2004-11-11 00:00:00-05:00,0.0,0,0.21638693
2004-11-12 00:00:00-05:00,0.0,0,0.19123264
2004-11-15 00:00:00-05:00,0.0,0,0.17910805
2004-11-16 00:00:00-05:00,0.0,0,0.2033507
2004-11-17 00:00:00-05:00,0.0,0,0.21673688
2004-11-18 00:00:00-05:00,0.0,0,0.21924618
2004-11-19 00:00:00-05:00,0.0,0,0.2149161
2004-11-22 00:00:00-05:00,0.0,0,0.3091965
2004-11-23 00:00:00-05:00,0.0,0,0.2769511
2004-11-24 00:00:00-05:00,0.0,0,0.30082202
2004-11-26 00:00:00-05:00,0.0,0,0.32233655
2004-11-29 00:00:00-05:00,0.0,0,0.18717901
2004-11-30 00:00:00-05:00,0.0,0,0.18470502
2004-12-01 00:00:00-05:00,0.0,0,0.23728131
2004-12-02 00:00:00-05:00,0.0,0,0.21782027
2004-12-03 00:00:00-05:00,0.0,0,0.15920913
2004-12-06 00:00:00-05:00,0.0,0,0.13191348
2004-12-07 00:00:00-05:00,0.0,0,0.19498777
2004-12-08 00:00:00-05:00,0.0,0,0.18258014
2004-12-09 00:00:00-05:00,0.0,0,0.15908937
2004-12-10 00:00:00-05:00,0.0,0,0.171789
2004-12-13 00:00:00-05:00,0.0,0,0.18764688
2004-12-14 00:00:00-05:00,0.0,0,0.20643455
2004-12-15 00:00:00-05:00,0.0,0,0.18473049
2004-12-16 00:00:00-05:00,0.0,0,0.17222571
2004-12-17 00:00:00-05:00,0.0,0,0.23161258
2004-12-20 00:00:00-05:00,0.0,0,0.19453715
2004-12-21 00:00:00-05:00,0.0,0,0.19136705
2004-12-22 00:00:00-05:00,0.0,0,0.19721049
2004-12-23 00:00:00-05:00,0.0,0,0.18159431
2004-12-27 00:00:00-05:00,0.0,0,0.17515132
2004-12-28 00:00:00-05:00,0.0,0,0.16815646
2004-12-29 00:00:00-05:00,0.0,0,0.15493882
2004-12-30 00:00:00-05:00,0.0,0,0.15258488
2004-12-31 00:00:00-05:00,0.0,0,0.16403712
2005-01-03 00:00:00-05:00,0.0,0,0.17979284
2005-01-04 00:00:00-05:00,0.0,0,0.26519588
2005-01-05 00:00:00-05:00,0.0,0,0.21888933
2005-01-06 00:00:00-05:00,0.0,0,0.24033895
2005-01-07 00:00:00-05:00,0.0,0,0.22113605
2005-01-10 00:00:00-05:00,0.0,0,0.24597868
2005-01-11 00:00:00-05:00,0.0,0,0.21703988
2005-01-12 00:00:00-05:00,0.0,0,0.22646196
2005-01-13 00:00:00-05:00,0.0,0,0.3716206
2005-01-14 00:00:00-05:00,0.0,0,0.34597874
2005-01-18 00:00:00-05:00,0.0,0,0.324448
2005-01-19 00:00:00-05:00,1.0,0,0.3192519
2005-01-20 00:00:00-05:00,1.0,0,0.31421754
2005-01-21 00:00:00-05:00,1.0,0,0.39124307
2005-01-24 00:00:00-05:00,1.0,0,0.3560023
2005-01-25 00:00:00-05:00,0.0,0,0.3022526
2005-01-26 00:00:00-05:00,0.0,0,0.25102347
2005-01-27 00:00:00-05:00,0.0,0,0.3217852
2005-01-28 00:00:00-05:00,0.0,0,0.3969737
2005-01-31 00:00:00-05:00,0.0,0,0.2661682
2005-02-01 00:00:00-05:00,0.0,0,0.21377465
2005-02-02 00:00:00-05:00,0.0,0,0.22056475
2005-02-03 00:00:00-05:00,0.0,0,0.23702414
2005-02-04 00:00:00-05:00,0.0,0,0.21328183
2005-02-07 00:00:00-05:00,0.0,0,0.20678972
2005-02-08 00:00:00-05:00,0.0,0,0.19985653
2005-02-09 00:00:00-05:00,0.0,0,0.2381429
2005-02-10 00:00:00-05:00,0.0,0,0.24052165
2005-02-11 00:00:00-05:00,0.0,0,0.26668152
2005-02-14 00:00:00-05:00,0.0,0,0.23298849
2005-02-15 00:00:00-05:00,0.0,0,0.23059909
2005-02-16 00:00:00-05:00,0.0,0,0.22749136
2005-02-17 00:00:00-05:00,0.0,0,0.24920437
2005-02-18 00:00:00-05:00,0.0,0,0.28325686
2005-02-22 00:00:00-05:00,0.0,0,0.34750003
2005-02-23 00:00:00-05:00,0.0,0,0.28088617
2005-02-24 00:00:00-05:00,0.0,0,0.32300037
2005-02-25 00:00:00-05:00,0.0,0,0.24824457
2005-02-28 00:00:00-05:00,0.0,0,0.2831167
2005-03-01 00:00:00-05:00,0.0,0,0.455274
2005-03-02 00:00:00-05:00,1.0,0,0.48182854
2005-03-03 00:00:00-05:00,1.0,1,0.5264685
2005-03-04 00:00:00-05:00,1.0,1,0.5446292
2005-03-07 00:00:00-05:00,1.0,0,0.5081338
2005-03-08 00:00:00-05:00,1.0,1,0.5211056
2005-03-09 00:00:00-05:00,1.0,0,0.5037163
2005-03-10 00:00:00-05:00,1.0,1,0.57897663
2005-03-11 00:00:00-05:00,1.0,1,0.57710755
2005-03-14 00:00:00-05:00,1.0,1,0.66330296
2005-03-15 00:00:00-05:00,1.0,1,0.5601314
2005-03-16 00:00:00-05:00,1.0,1,0.58408356
2005-03-17 00:00:00-05:00,1.0,1,0.6163316
2005-03-18 00:00:00-05:00,1.0,1,0.5995425
2005-03-21 00:00:00-05:00,1.0,1,0.69660425
2005-03-22 00:00:00-05:00,1.0,1,0.65088797
2005-03-23 00:00:00-05:00,1.0,1,0.6758777
2005-03-24 00:00:00-05:00,1.0,1,0.77810705
2005-03-28 00:00:00-05:00,1.0,1,0.81506324
2005-03-29 00:00:00-05:00,1.0,1,0.81814456
2005-03-30 00:00:00-05:00,1.0,1,0.8741054
2005-03-31 00:00:00-05:00,1.0,1,0.8353071
2005-04-01 00:00:00-05:00,1.0,1,0.8419583
2005-04-04 00:00:00-04:00,1.0,1,0.7966362
2005-04-05 00:00:00-04:00,1.0,1,0.78551817
2005-04-06 00:00:00-04:00,1.0,1,0.7313999
2005-04-07 00:00:00-04:00,1.0,1,0.70734406
2005-04-08 00:00:00-04:00,1.0,1,0.70199823
2005-04-11 00:00:00-04:00,1.0,1,0.74039155
2005-04-12 00:00:00-04:00,1.0,1,0.6549938
2005-04-13 00:00:00-04:00,1.0,1,0.66518587
2005-04-14 00:00:00-04:00,1.0,1,0.73663914
2005-04-15 00:00:00-04:00,1.0,1,0.7212506
2005-04-18 00:00:00-04:00,1.0,1,0.72114146
2005-04-19 00:00:00-04:00,1.0,1,0.75934935
2005-04-20 00:00:00-04:00,1.0,1,0.7506108
2005-04-21 00:00:00-04:00,1.0,1,0.7026015
2005-04-22 00:00:00-04:00,1.0,1,0.71001256
2005-04-25 00:00:00-04:00,1.0,1,0.7346164
2005-04-26 00:00:00-04:00,1.0,1,0.73734176
2005-04-27 00:00:00-04:00,1.0,1,0.7002719
2005-04-28 00:00:00-04:00,1.0,1,0.73897624
2005-04-29 00:00:00-04:00,1.0,1,0.6377301
2005-05-02 00:00:00-04:00,1.0,1,0.63828766
2005-05-03 00:00:00-04:00,1.0,1,0.65302765
2005-05-04 00:00:00-04:00,1.0,1,0.65265715
2005-05-05 00:00:00-04:00,1.0,1,0.6582084
2005-05-06 00:00:00-04:00,1.0,1,0.630128
2005-05-09 00:00:00-04:00,1.0,1,0.6383322
2005-05-10 00:00:00-04:00,1.0,1,0.64295614
2005-05-11 00:00:00-04:00,1.0,1,0.62115425
2005-05-12 00:00:00-04:00,1.0,1,0.6076907
2005-05-13 00:00:00-04:00,1.0,0,0.50226057
2005-05-16 00:00:00-04:00,0.0,0,0.45953685
2005-05-17 00:00:00-04:00,0.0,0,0.42158657
2005-05-18 00:00:00-04:00,0.0,0,0.42762464
2005-05-19 00:00:00-04:00,0.0,0,0.39145434
2005-05-20 00:00:00-04:00,1.0,0,0.4476992
2005-05-23 00:00:00-04:00,1.0,0,0.4798095
2005-05-24 00:00:00-04:00,1.0,0,0.44274923
2005-05-25 00:00:00-04:00,0.0,0,0.38754764
2005-05-26 00:00:00-04:00,0.0,0,0.3088996
2005-05-27 00:00:00-04:00,0.0,0,0.25978193
2005-05-31 00:00:00-04:00,0.0,0,0.2764983
2005-06-01 00:00:00-04:00,0.0,0,0.29351383
2005-06-02 00:00:00-04:00,0.0,0,0.24121417
2005-06-03 00:00:00-04:00,0.0,0,0.3851901
2005-06-06 00:00:00-04:00,0.0,0,0.2753196
2005-06-07 00:00:00-04:00,0.0,0,0.35273263
2005-06-08 00:00:00-04:00,0.0,0,0.3208522
2005-06-09 00:00:00-04:00,0.0,0,0.30304348
2005-06-10 00:00:00-04:00,0.0,0,0.294443
2005-06-13 00:00:00-04:00,0.0,0,0.39855853
2005-06-14 00:00:00-04:00,0.0,0,0.33357957
2005-06-15 00:00:00-04:00,0.0,0,0.36917162
2005-06-16 00:00:00-04:00,1.0,0,0.49789003
2005-06-17 00:00:00-04:00,1.0,1,0.5149228
2005-06-20 00:00:00-04:00,1.0,0,0.46728697
2005-06-21 00:00:00-04:00,0.0,0,0.47281483
2005-06-22 00:00:00-04:00,1.0,1,0.5512048
2005-06-23 00:00:00-04:00,1.0,1,0.57849216
2005-06-24 00:00:00-04:00,1.0,1,0.6015135
2005-06-27 00:00:00-04:00,1.0,1,0.69777966
2005-06-28 00:00:00-04:00,1.0,1,0.685755
2005-06-29 00:00:00-04:00,1.0,1,0.6995692
2005-06-30 00:00:00-04:00,1.0,1,0.7822749
2005-07-01 00:00:00-04:00,1.0,1,0.7960408
2005-07-05 00:00:00-04:00,1.0,1,0.74685943
2005-07-06 00:00:00-04:00,1.0,1,0.7877173
2005-07-07 00:00:00-04:00,1.0,1,0.84063524
2005-07-08 00:00:00-04:00,1.0,1,0.7806638
2005-07-11 00:00:00-04:00,1.0,1,0.8063291
2005-07-12 00:00:00-04:00,1.0,1,0.7847835
2005-07-13 00:00:00-04:00,1.0,1,0.8195688
2005-07-14 00:00:00-04:00,1.0,1,0.79578495
2005-07-15 00:00:00-04:00,1.0,1,0.8097565
2005-07-18 00:00:00-04:00,1.0,1,0.8126122
2005-07-19 00:00:00-04:00,1.0,1,0.7390194
2005-07-20 00:00:00-04:00,1.0,1,0.73642176
2005-07-21 00:00:00-04:00,1.0,1,0.6898909
2005-07-22 00:00:00-04:00,1.0,1,0.76724803
2005-07-25 00:00:00-04:00,1.0,1,0.7661193
2005-07-26 00:00:00-04:00,1.0,1,0.8073381
2005-07-27 00:00:00-04:00,1.0,1,0.8088137
2005-07-28 00:00:00-04:00,1.0,1,0.7868675
2005-07-29 00:00:00-04:00,1.0,1,0.7613425
2005-08-01 00:00:00-04:00,1.0,1,0.75686824
2005-08-02 00:00:00-04:00,1.0,1,0.70194113
2005-08-03 00:00:00-04:00,1.0,1,0.6110029
2005-08-04 00:00:00-04:00,1.0,1,0.5591289
2005-08-05 00:00:00-04:00,0.0,0,0.45157415
2005-08-08 00:00:00-04:00,1.0,0,0.4988546
2005-08-09 00:00:00-04:00,0.0,0,0.42859012
2005-08-10 00:00:00-04:00,1.0,0,0.4668496
2005-08-11 00:00:00-04:00,0.0,0,0.40867916
2005-08-12 00:00:00-04:00,0.0,0,0.40813446
2005-08-15 00:00:00-04:00,0.0,0,0.40195778
2005-08-16 00:00:00-04:00,0.0,0,0.4138041
2005-08-17 00:00:00-04:00,0.0,0,0.41134074
2005-08-18 00:00:00-04:00,0.0,0,0.349663
2005-08-19 00:00:00-04:00,0.0,0,0.30609322
2005-08-22 00:00:00-04:00,0.0,0,0.3335393
2005-08-23 00:00:00-04:00,0.0,0,0.31245095
2005-08-24 00:00:00-04:00,1.0,0,0.47335243
2005-08-25 00:00:00-04:00,1.0,0,0.41260186
2005-08-26 00:00:00-04:00,1.0,0,0.38455763
2005-08-29 00:00:00-04:00,0.0,0,0.31670067
2005-08-30 00:00:00-04:00,0.0,0,0.304116
2005-08-31 00:00:00-04:00,0.0,0,0.30156407
2005-09-01 00:00:00-04:00,1.0,0,0.3443987
2005-09-02 00:00:00-04:00,1.0,0,0.34639212
2005-09-06 00:00:00-04:00,1.0,0,0.35148823
2005-09-07 00:00:00-04:00,1.0,0,0.34080777
2005-09-08 00:00:00-04:00,1.0,0,0.3554357
2005-09-09 00:00:00-04:00,1.0,0,0.37765577
2005-09-12 00:00:00-04:00,0.0,0,0.30971417
2005-09-13 00:00:00-04:00,0.0,0,0.31522885
2005-09-14 00:00:00-04:00,1.0,0,0.32093146
2005-09-15 00:00:00-04:00,1.0,0,0.3474019
2005-09-16 00:00:00-04:00,1.0,0,0.35124204
2005-09-19 00:00:00-04:00,1.0,1,0.532321
2005-09-20 00:00:00-04:00,1.0,1,0.57674956
2005-09-21 00:00:00-04:00,1.0,1,0.6242138
2005-09-22 00:00:00-04:00,1.0,1,0.63035977
2005-09-23 00:00:00-04:00,1.0,1,0.6066413
2005-09-26 00:00:00-04:00,1.0,1,0.58469605
2005-09-27 00:00:00-04:00,1.0,1,0.54726934
2005-09-28 00:00:00-04:00,1.0,0,0.50744236
2005-09-29 00:00:00-04:00,1.0,0,0.47545776
2005-09-30 00:00:00-04:00,1.0,0,0.44937423
2005-10-03 00:00:00-04:00,1.0,0,0.47577325
2005-10-04 00:00:00-04:00,1.0,1,0.5111894
2005-10-05 00:00:00-04:00,1.0,1,0.5686222
2005-10-06 00:00:00-04:00,1.0,1,0.595905
2005-10-07 00:00:00-04:00,1.0,1,0.59848243
2005-10-10 00:00:00-04:00,1.0,1,0.6003268
2005-10-11 00:00:00-04:00,1.0,1,0.5943179
2005-10-12 00:00:00-04:00,1.0,1,0.6374742
2005-10-13 00:00:00-04:00,1.0,1,0.6103079
2005-10-14 00:00:00-04:00,1.0,1,0.58196884
2005-10-17 00:00:00-04:00,1.0,1,0.63612914
2005-10-18 00:00:00-04:00,1.0,1,0.62575305
2005-10-19 00:00:00-04:00,1.0,1,0.62046695
2005-10-20 00:00:00-04:00,1.0,1,0.6031201
2005-10-21 00:00:00-04:00,1.0,1,0.60605496
2005-10-24 00:00:00-04:00,1.0,1,0.5677074
2005-10-25 00:00:00-04:00,1.0,1,0.5830889
2005-10-26 00:00:00-04:00,1.0,1,0.5997046
2005-10-27 00:00:00-04:00,1.0,1,0.5985738
2005-10-28 00:00:00-04:00,1.0,1,0.51744425
2005-10-31 00:00:00-05:00,1.0,1,0.51259816
2005-11-01 00:00:00-05:00,1.0,1,0.5148739
2005-11-02 00:00:00-05:00,1.0,0,0.48120633
2005-11-03 00:00:00-05:00,1.0,0,0.4507082
2005-11-04 00:00:00-05:00,1.0,0,0.4543596
2005-11-07 00:00:00-05:00,1.0,0,0.45354822
2005-11-08 00:00:00-05:00,1.0,0,0.4410445
2005-11-09 00:00:00-05:00,1.0,0,0.3739307
2005-11-10 00:00:00-05:00,0.0,0,0.34374657
2005-11-11 00:00:00-05:00,0.0,0,0.32043487
2005-11-14 00:00:00-05:00,0.0,0,0.3061615
2005-11-15 00:00:00-05:00,0.0,0,0.2792839
2005-11-16 00:00:00-05:00,0.0,0,0.28981712
2005-11-17 00:00:00-05:00,0.0,0,0.2674375
2005-11-18 00:00:00-05:00,0.0,0,0.2633603
2005-11-21 00:00:00-05:00,0.0,0,0.27931976
2005-11-22 00:00:00-05:00,0.0,0,0.28349254
2005-11-23 00:00:00-05:00,0.0,0,0.32318318
2005-11-25 00:00:00-05:00,0.0,0,0.2995527
2005-11-28 00:00:00-05:00,0.0,0,0.15971631
2005-11-29 00:00:00-05:00,0.0,0,0.15534161
2005-11-30 00:00:00-05:00,0.0,0,0.13344981
2005-12-01 00:00:00-05:00,0.0,0,0.15553318
2005-12-02 00:00:00-05:00,0.0,0,0.11460979
2005-12-05 00:00:00-05:00,0.0,0,0.12007009
2005-12-06 00:00:00-05:00,0.0,0,0.16322325
2005-12-07 00:00:00-05:00,0.0,0,0.13681725
2005-12-08 00:00:00-05:00,0.0,0,0.15073754
2005-12-09 00:00:00-05:00,0.0,0,0.13024509
2005-12-12 00:00:00-05:00,0.0,0,0.17327745
2005-12-13 00:00:00-05:00,1.0,0,0.26160473
2005-12-14 00:00:00-05:00,1.0,0,0.19912526
2005-12-15 00:00:00-05:00,1.0,0,0.24386525
2005-12-16 00:00:00-05:00,0.0,0,0.12225691
2005-12-19 00:00:00-05:00,0.0,0,0.10879268
2005-12-20 00:00:00-05:00,0.0,0,0.08930652
2005-12-21 00:00:00-05:00,0.0,0,0.08361552
2005-12-22 00:00:00-05:00,0.0,0,0.10225554
2005-12-23 00:00:00-05:00,0.0,0,0.055685185
2005-12-27 00:00:00-05:00,0.0,0,0.05105498
2005-12-28 00:00:00-05:00,0.0,0,0.05139041
2005-12-29 00:00:00-05:00,0.0,0,0.06112591
2005-12-30 00:00:00-05:00,0.0,0,0.06811837
2006-01-03 00:00:00-05:00,0.0,0,0.13182998
2006-01-04 00:00:00-05:00,0.0,0,0.053576242
2006-01-05 00:00:00-05:00,0.0,0,0.04683587
2006-01-06 00:00:00-05:00,0.0,0,0.08402982
2006-01-09 00:00:00-05:00,0.0,0,0.04555038
2006-01-10 00:00:00-05:00,0.0,0,0.04755248
2006-01-11 00:00:00-05:00,0.0,0,0.056550115
2006-01-12 00:00:00-05:00,0.0,0,0.034922067
2006-01-13 00:00:00-05:00,0.0,0,0.045245953
2006-01-17 00:00:00-05:00,0.0,0,0.0682939
2006-01-18 00:00:00-05:00,0.0,0,0.06519351
2006-01-19 00:00:00-05:00,0.0,0,0.050227083
2006-01-20 00:00:00-05:00,0.0,0,0.112659976
2006-01-23 00:00:00-05:00,0.0,0,0.05194339
2006-01-24 00:00:00-05:00,0.0,0,0.068783194
2006-01-25 00:00:00-05:00,0.0,0,0.04825491
2006-01-26 00:00:00-05:00,0.0,0,0.048660677
2006-01-27 00:00:00-05:00,0.0,0,0.07352657
2006-01-30 00:00:00-05:00,0.0,0,0.038204778
2006-01-31 00:00:00-05:00,0.0,0,0.03917765
2006-02-01 00:00:00-05:00,0.0,0,0.02165682
2006-02-02 00:00:00-05:00,0.0,0,0.019966708
2006-02-03 00:00:00-05:00,0.0,0,0.029894505
2006-02-06 00:00:00-05:00,0.0,0,0.03232725
2006-02-07 00:00:00-05:00,0.0,0,0.039099146
2006-02-08 00:00:00-05:00,0.0,0,0.033763874
2006-02-09 00:00:00-05:00,0.0,0,0.03721516
2006-02-10 00:00:00-05:00,0.0,0,0.046348386
2006-02-13 00:00:00-05:00,0.0,0,0.043809183
2006-02-14 00:00:00-05:00,0.0,0,0.043387935
2006-02-15 00:00:00-05:00,0.0,0,0.050285317
2006-02-16 00:00:00-05:00,0.0,0,0.039765246
2006-02-17 00:00:00-05:00,0.0,0,0.044341158
2006-02-21 00:00:00-05:00,0.0,0,0.057010625
2006-02-22 00:00:00-05:00,0.0,0,0.043468684
2006-02-23 00:00:00-05:00,0.0,0,0.058448665
2006-02-24 00:00:00-05:00,0.0,0,0.05480287
2006-02-27 00:00:00-05:00,0.0,0,0.06283686
2006-02-28 00:00:00-05:00,0.0,0,0.059656437
2006-03-01 00:00:00-05:00,0.0,0,0.17008206
2006-03-02 00:00:00-05:00,0.0,0,0.14660731
2006-03-03 00:00:00-05:00,0.0,0,0.1135295
2006-03-06 00:00:00-05:00,0.0,0,0.11083609
2006-03-07 00:00:00-05:00,0.0,0,0.1089015
2006-03-08 00:00:00-05:00,0.0,0,0.12019506
2006-03-09 00:00:00-05:00,0.0,0,0.112823464
2006-03-10 00:00:00-05:00,0.0,0,0.14268322
2006-03-13 00:00:00-05:00,0.0,0,0.11708734
2006-03-14 00:00:00-05:00,0.0,0,0.1590087
2006-03-15 00:00:00-05:00,0.0,0,0.17829825
2006-03-16 00:00:00-05:00,0.0,0,0.20580296
2006-03-17 00:00:00-05:00,0.0,0,0.21002437
2006-03-20 00:00:00-05:00,0.0,0,0.16109908
2006-03-21 00:00:00-05:00,0.0,0,0.18621174
2006-03-22 00:00:00-05:00,0.0,0,0.22049406
2006-03-23 00:00:00-05:00,0.0,0,0.22307871
2006-03-24 00:00:00-05:00,0.0,0,0.22976352
2006-03-27 00:00:00-05:00,0.0,0,0.21234955
2006-03-28 00:00:00-05:00,0.0,0,0.22206259
2006-03-29 00:00:00-05:00,0.0,0,0.2076582
2006-03-30 00:00:00-05:00,0.0,0,0.20411557
2006-03-31 00:00:00-05:00,0.0,0,0.21695055
2006-04-03 00:00:00-04:00,0.0,0,0.1974185
2006-04-04 00:00:00-04:00,0.0,0,0.17788124
2006-04-05 00:00:00-04:00,0.0,0,0.17925581
2006-04-06 00:00:00-04:00,0.0,0,0.20649447
2006-04-07 00:00:00-04:00,0.0,0,0.1994325
2006-04-10 00:00:00-04:00,0.0,0,0.205157
2006-04-11 00:00:00-04:00,0.0,0,0.26725087
2006-04-12 00:00:00-04:00,0.0,0,0.27243686
2006-04-13 00:00:00-04:00,0.0,0,0.2578594
2006-04-17 00:00:00-04:00,0.0,0,0.27580026
2006-04-18 00:00:00-04:00,0.0,0,0.2743286
2006-04-19 00:00:00-04:00,0.0,0,0.25668848
2006-04-20 00:00:00-04:00,0.0,0,0.2778411
2006-04-21 00:00:00-04:00,0.0,0,0.2828904
2006-04-24 00:00:00-04:00,0.0,0,0.2613682
2006-04-25 00:00:00-04:00,0.0,0,0.24418727
2006-04-26 00:00:00-04:00,0.0,0,0.25584015
2006-04-27 00:00:00-04:00,0.0,0,0.2996925
2006-04-28 00:00:00-04:00,1.0,1,0.6683047
2006-05-01 00:00:00-04:00,1.0,0,0.4570069
2006-05-02 00:00:00-04:00,1.0,0,0.4939319
2006-05-03 00:00:00-04:00,1.0,1,0.5681277
2006-05-04 00:00:00-04:00,1.0,1,0.5214249
2006-05-05 00:00:00-04:00,1.0,0,0.48574784
2006-05-08 00:00:00-04:00,1.0,1,0.5692603
2006-05-09 00:00:00-04:00,1.0,1,0.5588473
2006-05-10 00:00:00-04:00,1.0,1,0.53708375
2006-05-11 00:00:00-04:00,1.0,1,0.61009777
2006-05-12 00:00:00-04:00,1.0,1,0.6184815
2006-05-15 00:00:00-04:00,1.0,1,0.5969081
2006-05-16 00:00:00-04:00,1.0,1,0.6314421
2006-05-17 00:00:00-04:00,1.0,1,0.6368357
2006-05-18 00:00:00-04:00,1.0,1,0.65093243
2006-05-19 00:00:00-04:00,1.0,1,0.6957588
2006-05-22 00:00:00-04:00,1.0,1,0.6819905
2006-05-23 00:00:00-04:00,1.0,1,0.67721605
2006-05-24 00:00:00-04:00,1.0,1,0.62438387
2006-05-25 00:00:00-04:00,1.0,1,0.5785729
2006-05-26 00:00:00-04:00,1.0,1,0.6262463
2006-05-30 00:00:00-04:00,1.0,1,0.68745327
2006-05-31 00:00:00-04:00,1.0,1,0.9503048
2006-06-01 00:00:00-04:00,1.0,1,0.912041
2006-06-02 00:00:00-04:00,1.0,1,0.91943276
2006-06-05 00:00:00-04:00,1.0,1,0.91076916
2006-06-06 00:00:00-04:00,1.0,1,0.9637874
2006-06-07 00:00:00-04:00,1.0,1,0.95036983
2006-06-08 00:00:00-04:00,1.0,1,0.94868195
2006-06-09 00:00:00-04:00,1.0,1,0.93833846
2006-06-12 00:00:00-04:00,1.0,1,0.95867014
2006-06-13 00:00:00-04:00,1.0,1,0.972497
2006-06-14 00:00:00-04:00,1.0,1,0.96022266
2006-06-15 00:00:00-04:00,1.0,1,0.95953244
2006-06-16 00:00:00-04:00,1.0,1,0.97120285
2006-06-19 00:00:00-04:00,1.0,1,0.9607679
2006-06-20 00:00:00-04:00,1.0,1,0.93709564
2006-06-21 00:00:00-04:00,1.0,1,0.9448231
2006-06-22 00:00:00-04:00,1.0,1,0.9322696
2006-06-23 00:00:00-04:00,1.0,1,0.9357485
2006-06-26 00:00:00-04:00,1.0,1,0.9165795
2006-06-27 00:00:00-04:00,1.0,1,0.9324695
2006-06-28 00:00:00-04:00,1.0,1,0.92140156
2006-06-29 00:00:00-04:00,1.0,1,0.9325187
2006-06-30 00:00:00-04:00,1.0,1,0.913432
2006-07-03 00:00:00-04:00,1.0,1,0.85880065
2006-07-05 00:00:00-04:00,1.0,1,0.8735296
2006-07-06 00:00:00-04:00,1.0,1,0.8321184
2006-07-07 00:00:00-04:00,1.0,1,0.9015031
2006-07-10 00:00:00-04:00,1.0,1,0.8820905
2006-07-11 00:00:00-04:00,1.0,1,0.9422275
2006-07-12 00:00:00-04:00,1.0,1,0.93501884
2006-07-13 00:00:00-04:00,1.0,1,0.950193
2006-07-14 00:00:00-04:00,1.0,1,0.9500942
2006-07-17 00:00:00-04:00,1.0,1,0.9301528
2006-07-18 00:00:00-04:00,1.0,1,0.9369554
2006-07-19 00:00:00-04:00,1.0,1,0.94715047
2006-07-20 00:00:00-04:00,1.0,1,0.9499585
2006-07-21 00:00:00-04:00,1.0,1,0.9465445
2006-07-24 00:00:00-04:00,1.0,1,0.88072693
2006-07-25 00:00:00-04:00,1.0,1,0.88466585
2006-07-26 00:00:00-04:00,1.0,1,0.87420785
2006-07-27 00:00:00-04:00,1.0,1,0.92527956
2006-07-28 00:00:00-04:00,1.0,1,0.80485356
2006-07-31 00:00:00-04:00,1.0,1,0.84427035
2006-08-01 00:00:00-04:00,1.0,1,0.84631747
2006-08-02 00:00:00-04:00,1.0,1,0.8438823
2006-08-03 00:00:00-04:00,1.0,1,0.82781374
2006-08-04 00:00:00-04:00,1.0,1,0.8258388
2006-08-07 00:00:00-04:00,1.0,1,0.8086219
2006-08-08 00:00:00-04:00,1.0,1,0.85780793
2006-08-09 00:00:00-04:00,1.0,1,0.82184243
2006-08-10 00:00:00-04:00,1.0,1,0.8031474
2006-08-11 00:00:00-04:00,1.0,1,0.8079368
2006-08-14 00:00:00-04:00,1.0,1,0.80254686
2006-08-15 00:00:00-04:00,1.0,1,0.7662838
2006-08-16 00:00:00-04:00,1.0,1,0.7864384
2006-08-17 00:00:00-04:00,1.0,1,0.6808937
2006-08-18 00:00:00-04:00,1.0,1,0.89294493
2006-08-21 00:00:00-04:00,1.0,1,0.8614623
2006-08-22 00:00:00-04:00,1.0,1,0.8792382
2006-08-23 00:00:00-04:00,1.0,1,0.7623769
2006-08-24 00:00:00-04:00,1.0,1,0.72213274
2006-08-25 00:00:00-04:00,1.0,1,0.69707304
2006-08-28 00:00:00-04:00,1.0,1,0.6942225
2006-08-29 00:00:00-04:00,1.0,1,0.8591653
2006-08-30 00:00:00-04:00,1.0,1,0.849928
2006-08-31 00:00:00-04:00,1.0,1,0.8842608
2006-09-01 00:00:00-04:00,1.0,1,0.9032099
2006-09-05 00:00:00-04:00,1.0,1,0.9031646
2006-09-06 00:00:00-04:00,1.0,1,0.89823675
2006-09-07 00:00:00-04:00,1.0,1,0.9065846
2006-09-08 00:00:00-04:00,1.0,1,0.9005487
2006-09-11 00:00:00-04:00,1.0,1,0.89736325
2006-09-12 00:00:00-04:00,1.0,1,0.88350296
2006-09-13 00:00:00-04:00,1.0,1,0.88580924
2006-09-14 00:00:00-04:00,1.0,1,0.86534053
2006-09-15 00:00:00-04:00,1.0,1,0.7749706
2006-09-18 00:00:00-04:00,1.0,1,0.85033184
2006-09-19 00:00:00-04:00,1.0,1,0.80339813
2006-09-20 00:00:00-04:00,1.0,1,0.8077554
2006-09-21 00:00:00-04:00,1.0,1,0.8427913
2006-09-22 00:00:00-04:00,1.0,1,0.8251077
2006-09-25 00:00:00-04:00,1.0,1,0.7915218
2006-09-26 00:00:00-04:00,1.0,1,0.7822764
2006-09-27 00:00:00-04:00,1.0,1,0.7332573
2006-09-28 00:00:00-04:00,1.0,1,0.65499246
2006-09-29 00:00:00-04:00,1.0,1,0.6244924
2006-10-02 00:00:00-04:00,1.0,1,0.68613315
2006-10-03 00:00:00-04:00,1.0,1,0.6399921
2006-10-04 00:00:00-04:00,1.0,1,0.71525
2006-10-05 00:00:00-04:00,1.0,1,0.6700496
2006-10-06 00:00:00-04:00,1.0,1,0.58441246
2006-10-09 00:00:00-04:00,1.0,1,0.6089417
2006-10-10 00:00:00-04:00,1.0,1,0.6545123
2006-10-11 00:00:00-04:00,1.0,1,0.6481912
2006-10-12 00:00:00-04:00,1.0,1,0.6271163
2006-10-13 00:00:00-04:00,1.0,1,0.59661484
2006-10-16 00:00:00-04:00,0.0,0,0.45534483
2006-10-17 00:00:00-04:00,0.0,0,0.4658302
2006-10-18 00:00:00-04:00,0.0,0,0.45681944
2006-10-19 00:00:00-04:00,0.0,0,0.43982306
2006-10-20 00:00:00-04:00,0.0,0,0.42273816
2006-10-23 00:00:00-04:00,0.0,0,0.45651567
2006-10-24 00:00:00-04:00,0.0,0,0.4747086
2006-10-25 00:00:00-04:00,0.0,0,0.38858417
2006-10-26 00:00:00-04:00,0.0,0,0.45852613
2006-10-27 00:00:00-04:00,0.0,0,0.48152074
2006-10-30 00:00:00-05:00,0.0,0,0.3244594
2006-10-31 00:00:00-05:00,0.0,0,0.43164587
2006-11-01 00:00:00-05:00,0.0,0,0.43075654
2006-11-02 00:00:00-05:00,0.0,0,0.4146934
2006-11-03 00:00:00-05:00,0.0,0,0.40574077
2006-11-06 00:00:00-05:00,0.0,0,0.45529583
2006-11-07 00:00:00-05:00,0.0,0,0.4923779
2006-11-08 00:00:00-05:00,0.0,1,0.5107502
2006-11-09 00:00:00-05:00,0.0,0,0.45236567
2006-11-10 00:00:00-05:00,0.0,0,0.365823
2006-11-13 00:00:00-05:00,0.0,0,0.36824024
2006-11-14 00:00:00-05:00,0.0,0,0.4063198
2006-11-15 00:00:00-05:00,0.0,0,0.4147464
2006-11-16 00:00:00-05:00,0.0,0,0.4183362
2006-11-17 00:00:00-05:00,0.0,0,0.35564438
2006-11-20 00:00:00-05:00,0.0,0,0.3965965
2006-11-21 00:00:00-05:00,0.0,0,0.41070774
2006-11-22 00:00:00-05:00,0.0,0,0.34795997
2006-11-24 00:00:00-05:00,0.0,1,0.51944304
2006-11-27 00:00:00-05:00,0.0,0,0.44911727
2006-11-28 00:00:00-05:00,0.0,0,0.26918894
2006-11-29 00:00:00-05:00,0.0,0,0.29056227
2006-11-30 00:00:00-05:00,0.0,0,0.30348065
2006-12-01 00:00:00-05:00,0.0,0,0.32640642
2006-12-04 00:00:00-05:00,0.0,0,0.33584243
2006-12-05 00:00:00-05:00,0.0,0,0.33315018
2006-12-06 00:00:00-05:00,0.0,0,0.34430635
2006-12-07 00:00:00-05:00,1.0,0,0.36891168
2006-12-08 00:00:00-05:00,0.0,0,0.29359218
2006-12-11 00:00:00-05:00,0.0,0,0.27927387
2006-12-12 00:00:00-05:00,0.0,0,0.32339096
2006-12-13 00:00:00-05:00,0.0,0,0.33504948
2006-12-14 00:00:00-05:00,1.0,0,0.33366573
2006-12-15 00:00:00-05:00,0.0,0,0.29575333
2006-12-18 00:00:00-05:00,1.0,0,0.3974222
2006-12-19 00:00:00-05:00,1.0,0,0.40611628
2006-12-20 00:00:00-05:00,1.0,0,0.44146475
2006-12-21 00:00:00-05:00,1.0,0,0.39025834
2006-12-22 00:00:00-05:00,1.0,0,0.42461342
2006-12-26 00:00:00-05:00,1.0,0,0.4380063
2006-12-27 00:00:00-05:00,1.0,0,0.40406695
2006-12-28 00:00:00-05:00,1.0,0,0.4340581
2006-12-29 00:00:00-05:00,1.0,0,0.42868507
2007-01-03 00:00:00-05:00,1.0,0,0.42006657
2007-01-04 00:00:00-05:00,1.0,0,0.45676875
2007-01-05 00:00:00-05:00,1.0,0,0.45515284
2007-01-08 00:00:00-05:00,1.0,0,0.45342135
2007-01-09 00:00:00-05:00,1.0,0,0.4343014
2007-01-10 00:00:00-05:00,1.0,0,0.4564414
2007-01-11 00:00:00-05:00,1.0,0,0.29696283
2007-01-12 00:00:00-05:00,0.0,0,0.27702597
2007-01-16 00:00:00-05:00,0.0,0,0.30015224
2007-01-17 00:00:00-05:00,0.0,0,0.33197725
2007-01-18 00:00:00-05:00,0.0,0,0.34378257
2007-01-19 00:00:00-05:00,1.0,0,0.36289045
2007-01-22 00:00:00-05:00,1.0,0,0.34897122
2007-01-23 00:00:00-05:00,1.0,0,0.37800503
2007-01-24 00:00:00-05:00,0.0,0,0.31881526
2007-01-25 00:00:00-05:00,1.0,0,0.2783961
2007-01-26 00:00:00-05:00,0.0,0,0.29166442
2007-01-29 00:00:00-05:00,0.0,0,0.2995775
2007-01-30 00:00:00-05:00,0.0,0,0.32280907
2007-01-31 00:00:00-05:00,0.0,0,0.23987916
2007-02-01 00:00:00-05:00,0.0,0,0.2926525
2007-02-02 00:00:00-05:00,1.0,0,0.33767623
2007-02-05 00:00:00-05:00,1.0,0,0.4096534
2007-02-06 00:00:00-05:00,1.0,0,0.4182594
2007-02-07 00:00:00-05:00,1.0,0,0.43144062
2007-02-08 00:00:00-05:00,1.0,0,0.46778008
2007-02-09 00:00:00-05:00,1.0,0,0.4247862
2007-02-12 00:00:00-05:00,1.0,0,0.43887368
2007-02-13 00:00:00-05:00,1.0,0,0.37677065
2007-02-14 00:00:00-05:00,1.0,0,0.3672666
2007-02-15 00:00:00-05:00,1.0,0,0.36183926
2007-02-16 00:00:00-05:00,1.0,0,0.39387208
2007-02-20 00:00:00-05:00,1.0,0,0.42441127
2007-02-21 00:00:00-05:00,1.0,0,0.34281164
2007-02-22 00:00:00-05:00,1.0,0,0.38048142
2007-02-23 00:00:00-05:00,1.0,0,0.41601408
2007-02-26 00:00:00-05:00,1.0,0,0.39422423
2007-02-27 00:00:00-05:00,1.0,0,0.49514338
2007-02-28 00:00:00-05:00,1.0,0,0.45082822
2007-03-01 00:00:00-05:00,1.0,0,0.4369629
2007-03-02 00:00:00-05:00,1.0,0,0.35556954
2007-03-05 00:00:00-05:00,1.0,0,0.42503497
2007-03-06 00:00:00-05:00,1.0,0,0.34688732
2007-03-07 00:00:00-05:00,1.0,0,0.38893896
2007-03-08 00:00:00-05:00,1.0,1,0.54898894
2007-03-09 00:00:00-05:00,1.0,0,0.47169247
2007-03-12 00:00:00-04:00,1.0,0,0.45952708
2007-03-13 00:00:00-04:00,1.0,1,0.5389365
2007-03-14 00:00:00-04:00,1.0,0,0.49576002
2007-03-15 00:00:00-04:00,1.0,0,0.47008753
2007-03-16 00:00:00-04:00,1.0,0,0.46318114
2007-03-19 00:00:00-04:00,1.0,0,0.3807753
2007-03-20 00:00:00-04:00,1.0,0,0.30560023
2007-03-21 00:00:00-04:00,1.0,0,0.36263147
2007-03-22 00:00:00-04:00,1.0,0,0.24702464
2007-03-23 00:00:00-04:00,1.0,0,0.2999886
2007-03-26 00:00:00-04:00,1.0,0,0.28377718
2007-03-27 00:00:00-04:00,1.0,0,0.33626455
2007-03-28 00:00:00-04:00,1.0,0,0.32348382
2007-03-29 00:00:00-04:00,1.0,0,0.29979807
2007-03-30 00:00:00-04:00,1.0,0,0.34888485
2007-04-02 00:00:00-04:00,1.0,0,0.2765866
2007-04-03 00:00:00-04:00,1.0,0,0.23068269
2007-04-04 00:00:00-04:00,1.0,0,0.30234832
2007-04-05 00:00:00-04:00,0.0,0,0.15517701
2007-04-09 00:00:00-04:00,0.0,0,0.14834423
2007-04-10 00:00:00-04:00,0.0,0,0.1406783
2007-04-11 00:00:00-04:00,1.0,0,0.18627052
2007-04-12 00:00:00-04:00,0.0,0,0.16788232
2007-04-13 00:00:00-04:00,0.0,0,0.12250067
2007-04-16 00:00:00-04:00,0.0,0,0.12087779
2007-04-17 00:00:00-04:00,0.0,0,0.1483628
2007-04-18 00:00:00-04:00,1.0,0,0.21098675
2007-04-19 00:00:00-04:00,0.0,0,0.16907279
2007-04-20 00:00:00-04:00,0.0,0,0.19950904
2007-04-23 00:00:00-04:00,1.0,0,0.1878302
2007-04-24 00:00:00-04:00,0.0,0,0.15251292
2007-04-25 00:00:00-04:00,0.0,0,0.17941506
2007-04-26 00:00:00-04:00,0.0,0,0.2501627
2007-04-27 00:00:00-04:00,0.0,0,0.18554777
2007-04-30 00:00:00-04:00,0.0,0,0.21149777
2007-05-01 00:00:00-04:00,0.0,0,0.1711954
2007-05-02 00:00:00-04:00,0.0,0,0.17555544
2007-05-03 00:00:00-04:00,0.0,0,0.17862049
2007-05-04 00:00:00-04:00,0.0,0,0.18751036
2007-05-07 00:00:00-04:00,0.0,0,0.19519053
2007-05-08 00:00:00-04:00,0.0,0,0.18265231
2007-05-09 00:00:00-04:00,0.0,0,0.14001448
2007-05-10 00:00:00-04:00,0.0,0,0.16330275
2007-05-11 00:00:00-04:00,0.0,0,0.098082945
2007-05-14 00:00:00-04:00,0.0,0,0.15988348
2007-05-15 00:00:00-04:00,0.0,0,0.16744767
2007-05-16 00:00:00-04:00,0.0,0,0.13784552
2007-05-17 00:00:00-04:00,0.0,0,0.14521027
2007-05-18 00:00:00-04:00,0.0,0,0.1864251
2007-05-21 00:00:00-04:00,0.0,0,0.11857227
2007-05-22 00:00:00-04:00,0.0,0,0.14948703
2007-05-23 00:00:00-04:00,0.0,0,0.17674293
2007-05-24 00:00:00-04:00,0.0,0,0.24776328
2007-05-25 00:00:00-04:00,0.0,0,0.14674214
2007-05-29 00:00:00-04:00,0.0,0,0.13571481
2007-05-30 00:00:00-04:00,0.0,0,0.181151
2007-05-31 00:00:00-04:00,0.0,0,0.22162664
2007-06-01 00:00:00-04:00,0.0,0,0.31718555
2007-06-04 00:00:00-04:00,0.0,0,0.30271605
2007-06-05 00:00:00-04:00,0.0,0,0.30713063
2007-06-06 00:00:00-04:00,0.0,0,0.35659555
2007-06-07 00:00:00-04:00,1.0,0,0.2873411
2007-06-08 00:00:00-04:00,1.0,0,0.2697192
2007-06-11 00:00:00-04:00,1.0,0,0.3690436
2007-06-12 00:00:00-04:00,1.0,0,0.38569388
2007-06-13 00:00:00-04:00,0.0,0,0.25956488
2007-06-14 00:00:00-04:00,1.0,0,0.3053483
2007-06-15 00:00:00-04:00,1.0,0,0.32935253
2007-06-18 00:00:00-04:00,1.0,0,0.35651943
2007-06-19 00:00:00-04:00,1.0,0,0.37896493
2007-06-20 00:00:00-04:00,1.0,1,0.5806743
2007-06-21 00:00:00-04:00,1.0,1,0.51901925
2007-06-22 00:00:00-04:00,1.0,1,0.66587365
2007-06-25 00:00:00-04:00,1.0,1,0.7311858
2007-06-26 00:00:00-04:00,1.0,1,0.7224447
2007-06-27 00:00:00-04:00,1.0,1,0.73806465
2007-06-28 00:00:00-04:00,1.0,1,0.6790855
2007-06-29 00:00:00-04:00,1.0,1,0.72607565
2007-07-02 00:00:00-04:00,1.0,1,0.59831655
2007-07-03 00:00:00-04:00,1.0,1,0.6693787
2007-07-05 00:00:00-04:00,1.0,0,0.47861254
2007-07-06 00:00:00-04:00,1.0,0,0.4736383
2007-07-09 00:00:00-04:00,1.0,1,0.5881556
2007-07-10 00:00:00-04:00,1.0,1,0.5872363
2007-07-11 00:00:00-04:00,1.0,1,0.5238889
2007-07-12 00:00:00-04:00,1.0,1,0.52468914
2007-07-13 00:00:00-04:00,1.0,1,0.5365813
2007-07-16 00:00:00-04:00,1.0,1,0.5454556
2007-07-17 00:00:00-04:00,1.0,0,0.50143296
2007-07-18 00:00:00-04:00,1.0,0,0.47165096
2007-07-19 00:00:00-04:00,1.0,0,0.3756201
2007-07-20 00:00:00-04:00,1.0,0,0.41677576
2007-07-23 00:00:00-04:00,1.0,0,0.41957983
2007-07-24 00:00:00-04:00,1.0,0,0.45125172
2007-07-25 00:00:00-04:00,1.0,0,0.4399926
2007-07-26 00:00:00-04:00,1.0,0,0.46273914
2007-07-27 00:00:00-04:00,1.0,0,0.50363
2007-07-30 00:00:00-04:00,1.0,1,0.5729345
2007-07-31 00:00:00-04:00,1.0,1,0.6529191
2007-08-01 00:00:00-04:00,1.0,1,0.61729145
2007-08-02 00:00:00-04:00,1.0,1,0.6111431
2007-08-03 00:00:00-04:00,1.0,1,0.62966526
2007-08-06 00:00:00-04:00,1.0,1,0.60192794
2007-08-07 00:00:00-04:00,1.0,1,0.64737105
2007-08-08 00:00:00-04:00,1.0,1,0.6176045
2007-08-09 00:00:00-04:00,1.0,1,0.6043414
2007-08-10 00:00:00-04:00,1.0,1,0.68889356
2007-08-13 00:00:00-04:00,1.0,1,0.7007241
2007-08-14 00:00:00-04:00,1.0,1,0.76325953
2007-08-15 00:00:00-04:00,1.0,1,0.7846133
2007-08-16 00:00:00-04:00,1.0,1,0.81775457
2007-08-17 00:00:00-04:00,1.0,1,0.7959265
2007-08-20 00:00:00-04:00,1.0,1,0.77332383
2007-08-21 00:00:00-04:00,1.0,1,0.7910144
2007-08-22 00:00:00-04:00,1.0,1,0.7444712
2007-08-23 00:00:00-04:00,1.0,1,0.78723013
2007-08-24 00:00:00-04:00,1.0,1,0.720166
2007-08-27 00:00:00-04:00,1.0,1,0.7771093
2007-08-28 00:00:00-04:00,1.0,1,0.7409195
2007-08-29 00:00:00-04:00,1.0,1,0.59519917
2007-08-30 00:00:00-04:00,1.0,1,0.9525507
2007-08-31 00:00:00-04:00,1.0,1,0.9290142
2007-09-04 00:00:00-04:00,1.0,1,0.9212083
2007-09-05 00:00:00-04:00,1.0,1,0.9275018
2007-09-06 00:00:00-04:00,1.0,1,0.9142557
2007-09-07 00:00:00-04:00,1.0,1,0.9126795
2007-09-10 00:00:00-04:00,1.0,1,0.9034337
2007-09-11 00:00:00-04:00,1.0,1,0.8924424
2007-09-12 00:00:00-04:00,1.0,1,0.8090905
2007-09-13 00:00:00-04:00,1.0,1,0.78090936
2007-09-14 00:00:00-04:00,1.0,1,0.8631278
2007-09-17 00:00:00-04:00,1.0,1,0.8554684
2007-09-18 00:00:00-04:00,1.0,1,0.87392664
2007-09-19 00:00:00-04:00,1.0,1,0.873512
2007-09-20 00:00:00-04:00,1.0,1,0.81277215
2007-09-21 00:00:00-04:00,1.0,1,0.83085144
2007-09-24 00:00:00-04:00,1.0,1,0.59876156
2007-09-25 00:00:00-04:00,1.0,1,0.5120826
2007-09-26 00:00:00-04:00,0.0,0,0.4402245
2007-09-27 00:00:00-04:00,0.0,0,0.39029166
2007-09-28 00:00:00-04:00,0.0,0,0.37521
2007-10-01 00:00:00-04:00,0.0,0,0.38534528
2007-10-02 00:00:00-04:00,0.0,0,0.32950208
2007-10-03 00:00:00-04:00,0.0,0,0.36930978
2007-10-04 00:00:00-04:00,0.0,0,0.39479157
2007-10-05 00:00:00-04:00,0.0,0,0.3695018
2007-10-08 00:00:00-04:00,0.0,0,0.3073319
2007-10-09 00:00:00-04:00,0.0,0,0.36103752
2007-10-10 00:00:00-04:00,0.0,0,0.28820962
2007-10-11 00:00:00-04:00,0.0,0,0.35709798
2007-10-12 00:00:00-04:00,0.0,0,0.23003109
2007-10-15 00:00:00-04:00,0.0,0,0.33442244
2007-10-16 00:00:00-04:00,0.0,0,0.36391434
2007-10-17 00:00:00-04:00,0.0,0,0.2729918
2007-10-18 00:00:00-04:00,0.0,0,0.25031397
2007-10-19 00:00:00-04:00,0.0,0,0.2580405
2007-10-22 00:00:00-04:00,0.0,0,0.23484574
2007-10-23 00:00:00-04:00,0.0,0,0.25916463
2007-10-24 00:00:00-04:00,0.0,0,0.2659584
2007-10-25 00:00:00-04:00,0.0,0,0.15642865
2007-10-26 00:00:00-04:00,0.0,0,0.09091261
2007-10-29 00:00:00-04:00,0.0,0,0.12912029
2007-10-30 00:00:00-04:00,0.0,0,0.14714412
2007-10-31 00:00:00-04:00,0.0,0,0.082590684
2007-11-01 00:00:00-04:00,0.0,0,0.09021326
2007-11-02 00:00:00-04:00,0.0,0,0.091020614
2007-11-05 00:00:00-05:00,0.0,0,0.099360466
2007-11-06 00:00:00-05:00,0.0,0,0.13510361
2007-11-07 00:00:00-05:00,0.0,0,0.13304786
2007-11-08 00:00:00-05:00,0.0,0,0.14570749
2007-11-09 00:00:00-05:00,0.0,0,0.18918952
2007-11-12 00:00:00-05:00,0.0,0,0.22254337
2007-11-13 00:00:00-05:00,0.0,0,0.15240139
2007-11-14 00:00:00-05:00,0.0,0,0.15815482
2007-11-15 00:00:00-05:00,0.0,0,0.14258355
2007-11-16 00:00:00-05:00,0.0,0,0.15752132
2007-11-19 00:00:00-05:00,0.0,0,0.22460753
2007-11-20 00:00:00-05:00,0.0,0,0.17052394
2007-11-21 00:00:00-05:00,0.0,0,0.18365826
2007-11-23 00:00:00-05:00,0.0,0,0.15176387
2007-11-26 00:00:00-05:00,0.0,0,0.19670273
2007-11-27 00:00:00-05:00,0.0,0,0.21221761
2007-11-28 00:00:00-05:00,0.0,0,0.18955778
2007-11-29 00:00:00-05:00,0.0,0,0.15675579
2007-11-30 00:00:00-05:00,0.0,0,0.10305352
2007-12-03 00:00:00-05:00,0.0,0,0.100441426
2007-12-04 00:00:00-05:00,0.0,0,0.13188884
2007-12-05 00:00:00-05:00,0.0,0,0.11892638
2007-12-06 00:00:00-05:00,0.0,0,0.11985291
2007-12-07 00:00:00-05:00,0.0,0,0.22094548
2007-12-10 00:00:00-05:00,0.0,0,0.23703009
2007-12-11 00:00:00-05:00,0.0,0,0.15911299
2007-12-12 00:00:00-05:00,0.0,0,0.2144826
2007-12-13 00:00:00-05:00,0.0,0,0.22315238
2007-12-14 00:00:00-05:00,0.0,0,0.15508154
2007-12-17 00:00:00-05:00,0.0,0,0.1113152
2007-12-18 00:00:00-05:00,0.0,0,0.09182726
2007-12-19 00:00:00-05:00,0.0,0,0.09205242
2007-12-20 00:00:00-05:00,0.0,0,0.12402613
2007-12-21 00:00:00-05:00,0.0,0,0.1615125
2007-12-24 00:00:00-05:00,0.0,0,0.10116373
2007-12-26 00:00:00-05:00,0.0,0,0.16797814
2007-12-27 00:00:00-05:00,0.0,0,0.11787109
2007-12-28 00:00:00-05:00,0.0,0,0.12564975
2007-12-31 00:00:00-05:00,0.0,0,0.16441263
2008-01-02 00:00:00-05:00,0.0,0,0.12552704
2008-01-03 00:00:00-05:00,0.0,0,0.12446358
2008-01-04 00:00:00-05:00,0.0,0,0.1459502
2008-01-07 00:00:00-05:00,0.0,0,0.2447297
2008-01-08 00:00:00-05:00,0.0,0,0.15963024
2008-01-09 00:00:00-05:00,0.0,0,0.12656602
2008-01-10 00:00:00-05:00,0.0,0,0.12846115
2008-01-11 00:00:00-05:00,0.0,0,0.13728303
2008-01-14 00:00:00-05:00,0.0,0,0.1450099
2008-01-15 00:00:00-05:00,0.0,0,0.14511861
2008-01-16 00:00:00-05:00,0.0,0,0.1310564
2008-01-17 00:00:00-05:00,0.0,0,0.12185599
2008-01-18 00:00:00-05:00,0.0,0,0.13265555
2008-01-22 00:00:00-05:00,0.0,0,0.14095396
2008-01-23 00:00:00-05:00,0.0,0,0.13327783
2008-01-24 00:00:00-05:00,0.0,0,0.09059231
2008-01-25 00:00:00-05:00,0.0,0,0.09174948
2008-01-28 00:00:00-05:00,0.0,0,0.14790404
2008-01-29 00:00:00-05:00,0.0,0,0.13353226
2008-01-30 00:00:00-05:00,0.0,0,0.1370687
2008-01-31 00:00:00-05:00,0.0,0,0.12345104
2008-02-01 00:00:00-05:00,0.0,0,0.07809901
2008-02-04 00:00:00-05:00,0.0,0,0.18698062
2008-02-05 00:00:00-05:00,1.0,0,0.24102286
2008-02-06 00:00:00-05:00,1.0,0,0.2568966
2008-02-07 00:00:00-05:00,1.0,0,0.2267592
2008-02-08 00:00:00-05:00,1.0,0,0.25027403
2008-02-11 00:00:00-05:00,1.0,0,0.22891557
2008-02-12 00:00:00-05:00,1.0,0,0.33707032
2008-02-13 00:00:00-05:00,0.0,0,0.27845597
2008-02-14 00:00:00-05:00,0.0,0,0.30546045
2008-02-15 00:00:00-05:00,1.0,0,0.36687934
2008-02-19 00:00:00-05:00,0.0,0,0.29644337
2008-02-20 00:00:00-05:00,0.0,0,0.3001254
2008-02-21 00:00:00-05:00,0.0,0,0.2459847
2008-02-22 00:00:00-05:00,0.0,0,0.22163704
2008-02-25 00:00:00-05:00,0.0,0,0.18532765
2008-02-26 00:00:00-05:00,0.0,0,0.16413404
2008-02-27 00:00:00-05:00,0.0,0,0.20687397
2008-02-28 00:00:00-05:00,0.0,0,0.21474773
2008-02-29 00:00:00-05:00,0.0,0,0.16818736
2008-03-03 00:00:00-05:00,0.0,0,0.1913408
2008-03-04 00:00:00-05:00,0.0,0,0.17228118
2008-03-05 00:00:00-05:00,0.0,0,0.13240083
2008-03-06 00:00:00-05:00,0.0,0,0.22660032
2008-03-07 00:00:00-05:00,0.0,0,0.30428845
2008-03-10 00:00:00-04:00,0.0,0,0.28131267
2008-03-11 00:00:00-04:00,0.0,0,0.13436231
2008-03-12 00:00:00-04:00,0.0,0,0.14138931
2008-03-13 00:00:00-04:00,0.0,0,0.14802822
2008-03-14 00:00:00-04:00,0.0,0,0.26333123
2008-03-17 00:00:00-04:00,0.0,0,0.16251099
2008-03-18 00:00:00-04:00,0.0,0,0.13087313
2008-03-19 00:00:00-04:00,0.0,0,0.12787926
2008-03-20 00:00:00-04:00,0.0,0,0.11316717
2008-03-24 00:00:00-04:00,0.0,0,0.09103381
2008-03-25 00:00:00-04:00,0.0,0,0.08039378
2008-03-26 00:00:00-04:00,0.0,0,0.092621185
2008-03-27 00:00:00-04:00,0.0,0,0.102043174
2008-03-28 00:00:00-04:00,0.0,0,0.1705767
2008-03-31 00:00:00-04:00,0.0,0,0.19994618
2008-04-01 00:00:00-04:00,0.0,0,0.19512965
2008-04-02 00:00:00-04:00,0.0,0,0.22337171
2008-04-03 00:00:00-04:00,0.0,0,0.15174066
2008-04-04 00:00:00-04:00,0.0,0,0.19001544
2008-04-07 00:00:00-04:00,0.0,0,0.17917441
2008-04-08 00:00:00-04:00,0.0,0,0.20533836
2008-04-09 00:00:00-04:00,0.0,0,0.19704568
2008-04-10 00:00:00-04:00,0.0,0,0.21261787
2008-04-11 00:00:00-04:00,0.0,0,0.26102713
2008-04-14 00:00:00-04:00,0.0,0,0.20348358
2008-04-15 00:00:00-04:00,0.0,0,0.13439237
2008-04-16 00:00:00-04:00,0.0,0,0.23794384
2008-04-17 00:00:00-04:00,0.0,0,0.18226802
2008-04-18 00:00:00-04:00,0.0,0,0.13951464
2008-04-21 00:00:00-04:00,0.0,0,0.12941395
2008-04-22 00:00:00-04:00,0.0,0,0.18701123
2008-04-23 00:00:00-04:00,0.0,0,0.13229704
2008-04-24 00:00:00-04:00,0.0,0,0.10515396
2008-04-25 00:00:00-04:00,0.0,0,0.15809923
2008-04-28 00:00:00-04:00,0.0,0,0.18268567
2008-04-29 00:00:00-04:00,0.0,0,0.10689891
2008-04-30 00:00:00-04:00,0.0,0,0.1553989
2008-05-01 00:00:00-04:00,0.0,0,0.13393566
2008-05-02 00:00:00-04:00,0.0,0,0.14156312
2008-05-05 00:00:00-04:00,0.0,0,0.26003
2008-05-06 00:00:00-04:00,0.0,0,0.21691675
2008-05-07 00:00:00-04:00,0.0,0,0.1978925
2008-05-08 00:00:00-04:00,0.0,0,0.0931473
2008-05-09 00:00:00-04:00,0.0,0,0.05245463
2008-05-12 00:00:00-04:00,0.0,0,0.064919226
2008-05-13 00:00:00-04:00,0.0,0,0.06228477
2008-05-14 00:00:00-04:00,0.0,0,0.06263702
2008-05-15 00:00:00-04:00,0.0,0,0.056050483
2008-05-16 00:00:00-04:00,0.0,0,0.073760286
2008-05-19 00:00:00-04:00,0.0,0,0.119430244
2008-05-20 00:00:00-04:00,0.0,0,0.21825626
2008-05-21 00:00:00-04:00,0.0,0,0.10517837
2008-05-22 00:00:00-04:00,0.0,0,0.15848637
2008-05-23 00:00:00-04:00,0.0,0,0.15315552
2008-05-27 00:00:00-04:00,0.0,0,0.12836781
2008-05-28 00:00:00-04:00,0.0,0,0.15673284
2008-05-29 00:00:00-04:00,0.0,0,0.07735647
2008-05-30 00:00:00-04:00,0.0,0,0.037715252
2008-06-02 00:00:00-04:00,0.0,0,0.055252973
2008-06-03 00:00:00-04:00,0.0,0,0.045256373
2008-06-04 00:00:00-04:00,0.0,0,0.02016486
2008-06-05 00:00:00-04:00,0.0,0,0.14009742
2008-06-06 00:00:00-04:00,0.0,0,0.10043447
2008-06-09 00:00:00-04:00,0.0,0,0.044602476
2008-06-10 00:00:00-04:00,0.0,0,0.09686636
2008-06-11 00:00:00-04:00,0.0,0,0.10588283
2008-06-12 00:00:00-04:00,0.0,0,0.0956545
2008-06-13 00:00:00-04:00,0.0,0,0.038016863
2008-06-16 00:00:00-04:00,0.0,0,0.013581568
2008-06-17 00:00:00-04:00,0.0,0,0.02312315
2008-06-18 00:00:00-04:00,0.0,0,0.019311262
2008-06-19 00:00:00-04:00,0.0,0,0.014031201
2008-06-20 00:00:00-04:00,0.0,0,0.047488317
2008-06-23 00:00:00-04:00,0.0,0,0.047998328
2008-06-24 00:00:00-04:00,0.0,0,0.03735467
2008-06-25 00:00:00-04:00,0.0,0,0.03236321
2008-06-26 00:00:00-04:00,0.0,0,0.035051554
2008-06-27 00:00:00-04:00,0.0,0,0.06309964
2008-06-30 00:00:00-04:00,0.0,0,0.031066887
2008-07-01 00:00:00-04:00,0.0,0,0.020436477
2008-07-02 00:00:00-04:00,0.0,0,0.045284506
2008-07-03 00:00:00-04:00,0.0,0,0.037210032
2008-07-07 00:00:00-04:00,0.0,0,0.03966286
2008-07-08 00:00:00-04:00,0.0,0,0.023433004
2008-07-09 00:00:00-04:00,0.0,0,0.06055993
2008-07-10 00:00:00-04:00,0.0,0,0.026641447
2008-07-11 00:00:00-04:00,0.0,0,0.016776796
2008-07-14 00:00:00-04:00,0.0,0,0.02678801
2008-07-15 00:00:00-04:00,0.0,0,0.0055565373
2008-07-16 00:00:00-04:00,0.0,0,0.0023110774
2008-07-17 00:00:00-04:00,0.0,0,0.0069739195
2008-07-18 00:00:00-04:00,0.0,0,0.02125877
2008-07-21 00:00:00-04:00,0.0,0,0.020905728
2008-07-22 00:00:00-04:00,0.0,0,0.026611047
2008-07-23 00:00:00-04:00,0.0,0,0.019273654
2008-07-24 00:00:00-04:00,0.0,0,0.008863664
2008-07-25 00:00:00-04:00,0.0,0,0.011713852
2008-07-28 00:00:00-04:00,0.0,0,0.025462188
2008-07-29 00:00:00-04:00,0.0,0,0.0111522935
2008-07-30 00:00:00-04:00,0.0,0,0.017849749
2008-07-31 00:00:00-04:00,0.0,0,0.042303488
2008-08-01 00:00:00-04:00,0.0,0,0.04082204
2008-08-04 00:00:00-04:00,0.0,0,0.038329717
2008-08-05 00:00:00-04:00,0.0,0,0.011608485
2008-08-06 00:00:00-04:00,0.0,0,0.0069687436
2008-08-07 00:00:00-04:00,0.0,0,0.005578822
2008-08-08 00:00:00-04:00,0.0,0,0.009259164
2008-08-11 00:00:00-04:00,0.0,0,0.00721687
2008-08-12 00:00:00-04:00,0.0,0,0.005782689
2008-08-13 00:00:00-04:00,0.0,0,0.0068637123
2008-08-14 00:00:00-04:00,0.0,0,0.0076754675
2008-08-15 00:00:00-04:00,0.0,0,0.008514994
2008-08-18 00:00:00-04:00,0.0,0,0.010090435
2008-08-19 00:00:00-04:00,0.0,0,0.010540499
2008-08-20 00:00:00-04:00,0.0,0,0.009200828
2008-08-21 00:00:00-04:00,0.0,0,0.009584759
2008-08-22 00:00:00-04:00,0.0,0,0.009517148
2008-08-25 00:00:00-04:00,0.0,0,0.010709185
2008-08-26 00:00:00-04:00,0.0,0,0.018156458
2008-08-27 00:00:00-04:00,0.0,0,0.018784028
2008-08-28 00:00:00-04:00,0.0,0,0.0075637638
2008-08-29 00:00:00-04:00,0.0,0,0.004984504
2008-09-02 00:00:00-04:00,0.0,0,0.0026030133
2008-09-03 00:00:00-04:00,0.0,0,0.0031002099
2008-09-04 00:00:00-04:00,0.0,0,0.0047742273
2008-09-05 00:00:00-04:00,0.0,0,0.003533652
2008-09-08 00:00:00-04:00,0.0,0,0.0039846953
2008-09-09 00:00:00-04:00,0.0,0,0.0042524557
2008-09-10 00:00:00-04:00,0.0,0,0.0018779365
2008-09-11 00:00:00-04:00,0.0,0,0.0025702585
2008-09-12 00:00:00-04:00,0.0,0,0.00053946103
2008-09-15 00:00:00-04:00,0.0,0,0.0006362189
2008-09-16 00:00:00-04:00,0.0,0,0.0011859247
2008-09-17 00:00:00-04:00,0.0,0,0.002237098
2008-09-18 00:00:00-04:00,0.0,0,0.003294056
2008-09-19 00:00:00-04:00,0.0,0,0.0015632608
2008-09-22 00:00:00-04:00,0.0,0,0.001002705
2008-09-23 00:00:00-04:00,0.0,0,0.0016754654
2008-09-24 00:00:00-04:00,0.0,0,0.0024223053
2008-09-25 00:00:00-04:00,0.0,0,0.0016564807
2008-09-26 00:00:00-04:00,0.0,0,0.0015547075
2008-09-29 00:00:00-04:00,0.0,0,0.005164592
2008-09-30 00:00:00-04:00,0.0,0,0.0029720399
2008-10-01 00:00:00-04:00,0.0,0,0.0018013787
2008-10-02 00:00:00-04:00,0.0,0,0.0026867078
2008-10-03 00:00:00-04:00,0.0,0,0.0027754041
2008-10-06 00:00:00-04:00,0.0,0,0.0056420746
2008-10-07 00:00:00-04:00,0.0,0,0.0069645206
2008-10-08 00:00:00-04:00,0.0,0,0.014027942
2008-10-09 00:00:00-04:00,0.0,0,0.013648096
2008-10-10 00:00:00-04:00,0.0,0,0.037057273
2008-10-13 00:00:00-04:00,0.0,0,0.00066200376
2008-10-14 00:00:00-04:00,0.0,0,0.0024105292
2008-10-15 00:00:00-04:00,0.0,0,0.0059390957
2008-10-16 00:00:00-04:00,0.0,0,0.0025195375
2008-10-17 00:00:00-04:00,0.0,0,0.0019897681
2008-10-20 00:00:00-04:00,0.0,0,0.0011168208
2008-10-21 00:00:00-04:00,0.0,0,0.0016297733
2008-10-22 00:00:00-04:00,0.0,0,0.008093221
2008-10-23 00:00:00-04:00,0.0,0,0.004983345
2008-10-24 00:00:00-04:00,0.0,0,0.0057335077
2008-10-27 00:00:00-04:00,0.0,0,0.008248169
2008-10-28 00:00:00-04:00,0.0,0,0.0072428575
2008-10-29 00:00:00-04:00,0.0,0,0.006829007
2008-10-30 00:00:00-04:00,0.0,0,0.005924708
2008-10-31 00:00:00-04:00,0.0,0,0.007771416
2008-11-03 00:00:00-05:00,0.0,0,0.005199474
2008-11-04 00:00:00-05:00,0.0,0,0.0040387856
2008-11-05 00:00:00-05:00,0.0,0,0.0079146195
2008-11-06 00:00:00-05:00,0.0,0,0.028520929
2008-11-07 00:00:00-05:00,0.0,0,0.02285081
2008-11-10 00:00:00-05:00,0.0,0,0.049463794
2008-11-11 00:00:00-05:00,0.0,0,0.049153287
2008-11-12 00:00:00-05:00,0.0,0,0.09723177
2008-11-13 00:00:00-05:00,0.0,0,0.14652015
2008-11-14 00:00:00-05:00,0.0,0,0.123642266
2008-11-17 00:00:00-05:00,0.0,0,0.18027578
2008-11-18 00:00:00-05:00,0.0,0,0.27701584
2008-11-19 00:00:00-05:00,1.0,0,0.500347
2008-11-20 00:00:00-05:00,1.0,1,0.5746434
2008-11-21 00:00:00-05:00,0.0,0,0.29792386
2008-11-24 00:00:00-05:00,0.0,0,0.16989715
2008-11-25 00:00:00-05:00,0.0,0,0.19635902
2008-11-26 00:00:00-05:00,0.0,0,0.20016351
2008-11-28 00:00:00-05:00,0.0,0,0.294895
2008-12-01 00:00:00-05:00,1.0,1,0.6044773
2008-12-02 00:00:00-05:00,1.0,0,0.4950009
2008-12-03 00:00:00-05:00,0.0,0,0.3442711
2008-12-04 00:00:00-05:00,1.0,1,0.56252277
2008-12-05 00:00:00-05:00,0.0,0,0.3920432
2008-12-08 00:00:00-05:00,0.0,0,0.12106283
2008-12-09 00:00:00-05:00,0.0,0,0.23103996
2008-12-10 00:00:00-05:00,0.0,0,0.19930974
2008-12-11 00:00:00-05:00,0.0,0,0.39712036
2008-12-12 00:00:00-05:00,1.0,1,0.7154558
2008-12-15 00:00:00-05:00,1.0,1,0.6379191
2008-12-16 00:00:00-05:00,0.0,0,0.44418108
2008-12-17 00:00:00-05:00,1.0,0,0.5098393
2008-12-18 00:00:00-05:00,1.0,1,0.59644854
2008-12-19 00:00:00-05:00,1.0,1,0.5900315
2008-12-22 00:00:00-05:00,1.0,1,0.57042086
2008-12-23 00:00:00-05:00,1.0,0,0.49773815
2008-12-24 00:00:00-05:00,1.0,0,0.31541342
2008-12-26 00:00:00-05:00,1.0,0,0.3882026
2008-12-29 00:00:00-05:00,1.0,0,0.5072914
2008-12-30 00:00:00-05:00,1.0,0,0.40818515
2008-12-31 00:00:00-05:00,1.0,0,0.47801653
2009-01-02 00:00:00-05:00,0.0,0,0.38521427
2009-01-05 00:00:00-05:00,0.0,0,0.37301016
2009-01-06 00:00:00-05:00,0.0,0,0.36730266
2009-01-07 00:00:00-05:00,1.0,1,0.608106
2009-01-08 00:00:00-05:00,1.0,0,0.4958132
2009-01-09 00:00:00-05:00,1.0,1,0.58854544
2009-01-12 00:00:00-05:00,1.0,0,0.4827486
2009-01-13 00:00:00-05:00,1.0,0,0.43517047
2009-01-14 00:00:00-05:00,1.0,1,0.6403129
2009-01-15 00:00:00-05:00,1.0,1,0.5911491
2009-01-16 00:00:00-05:00,1.0,1,0.57187724
2009-01-20 00:00:00-05:00,1.0,1,0.8229343
2009-01-21 00:00:00-05:00,1.0,1,0.82354623
2009-01-22 00:00:00-05:00,1.0,1,0.8944244
2009-01-23 00:00:00-05:00,1.0,1,0.9440878
2009-01-26 00:00:00-05:00,1.0,1,0.9393661
2009-01-27 00:00:00-05:00,1.0,1,0.9566147
2009-01-28 00:00:00-05:00,1.0,1,0.94376403
2009-01-29 00:00:00-05:00,1.0,1,0.9570922
2009-01-30 00:00:00-05:00,1.0,1,0.9773771
2009-02-02 00:00:00-05:00,1.0,1,0.971718
2009-02-03 00:00:00-05:00,1.0,1,0.96735203
2009-02-04 00:00:00-05:00,1.0,1,0.96481025
2009-02-05 00:00:00-05:00,1.0,1,0.95843774
2009-02-06 00:00:00-05:00,1.0,1,0.93864554
2009-02-09 00:00:00-05:00,1.0,1,0.94832975
2009-02-10 00:00:00-05:00,1.0,1,0.9729904
2009-02-11 00:00:00-05:00,1.0,1,0.9525488
2009-02-12 00:00:00-05:00,1.0,1,0.9450158
2009-02-13 00:00:00-05:00,1.0,1,0.95863444
2009-02-17 00:00:00-05:00,1.0,1,0.97772455
2009-02-18 00:00:00-05:00,1.0,1,0.97492486
2009-02-19 00:00:00-05:00,1.0,1,0.98448044
2009-02-20 00:00:00-05:00,1.0,1,0.9823773
2009-02-23 00:00:00-05:00,1.0,1,0.9906231
2009-02-24 00:00:00-05:00,1.0,1,0.9822626
2009-02-25 00:00:00-05:00,1.0,1,0.9832932
2009-02-26 00:00:00-05:00,1.0,1,0.98172593
2009-02-27 00:00:00-05:00,1.0,1,0.98509943
2009-03-02 00:00:00-05:00,1.0,1,0.98889226
2009-03-03 00:00:00-05:00,1.0,1,0.98399144
2009-03-04 00:00:00-05:00,1.0,1,0.9885089
2009-03-05 00:00:00-05:00,1.0,1,0.99071634
2009-03-06 00:00:00-05:00,1.0,1,0.9938959
2009-03-09 00:00:00-04:00,1.0,1,0.9955518
2009-03-10 00:00:00-04:00,1.0,1,0.9906191
2009-03-11 00:00:00-04:00,1.0,1,0.9892645
2009-03-12 00:00:00-04:00,1.0,1,0.9889969
2009-03-13 00:00:00-04:00,1.0,1,0.9916665
2009-03-16 00:00:00-04:00,1.0,1,0.99504244
2009-03-17 00:00:00-04:00,1.0,1,0.98582643
2009-03-18 00:00:00-04:00,1.0,1,0.98171484
2009-03-19 00:00:00-04:00,1.0,1,0.9829802
2009-03-20 00:00:00-04:00,1.0,1,0.985916
2009-03-23 00:00:00-04:00,1.0,1,0.9783939
2009-03-24 00:00:00-04:00,1.0,1,0.9751186
2009-03-25 00:00:00-04:00,1.0,1,0.97968394
2009-03-26 00:00:00-04:00,1.0,1,0.9689796
2009-03-27 00:00:00-04:00,1.0,1,0.97523874
2009-03-30 00:00:00-04:00,1.0,1,0.9783679
2009-03-31 00:00:00-04:00,1.0,1,0.9713182
2009-04-01 00:00:00-04:00,1.0,1,0.95051765
2009-04-02 00:00:00-04:00,1.0,1,0.9369149
2009-04-03 00:00:00-04:00,1.0,1,0.9607751
2009-04-06 00:00:00-04:00,1.0,1,0.96170264
2009-04-07 00:00:00-04:00,1.0,1,0.9677257
2009-04-08 00:00:00-04:00,1.0,1,0.95211875
2009-04-09 00:00:00-04:00,1.0,1,0.9461538
2009-04-13 00:00:00-04:00,1.0,1,0.94461036
2009-04-14 00:00:00-04:00,1.0,1,0.95572555
2009-04-15 00:00:00-04:00,1.0,1,0.97391206
2009-04-16 00:00:00-04:00,1.0,1,0.96533227
2009-04-17 00:00:00-04:00,1.0,1,0.97125065
2009-04-20 00:00:00-04:00,1.0,1,0.97846144
2009-04-21 00:00:00-04:00,1.0,1,0.9769497
2009-04-22 00:00:00-04:00,1.0,1,0.9792256
2009-04-23 00:00:00-04:00,1.0,1,0.9729829
2009-04-24 00:00:00-04:00,1.0,1,0.9193145
2009-04-27 00:00:00-04:00,1.0,1,0.932712
2009-04-28 00:00:00-04:00,1.0,1,0.94785523
2009-04-29 00:00:00-04:00,1.0,1,0.95533836
2009-04-30 00:00:00-04:00,1.0,1,0.95571804
2009-05-01 00:00:00-04:00,1.0,1,0.95452404
2009-05-04 00:00:00-04:00,1.0,1,0.95904005
2009-05-05 00:00:00-04:00,1.0,1,0.96492434
2009-05-06 00:00:00-04:00,1.0,1,0.9659317
2009-05-07 00:00:00-04:00,1.0,1,0.97535044
2009-05-08 00:00:00-04:00,1.0,1,0.9745716
2009-05-11 00:00:00-04:00,1.0,1,0.9780296
2009-05-12 00:00:00-04:00,1.0,1,0.96965456
2009-05-13 00:00:00-04:00,1.0,1,0.9707559
2009-05-14 00:00:00-04:00,1.0,1,0.9724791
2009-05-15 00:00:00-04:00,1.0,1,0.96970206
2009-05-18 00:00:00-04:00,1.0,1,0.9635917
2009-05-19 00:00:00-04:00,1.0,1,0.9631297
2009-05-20 00:00:00-04:00,1.0,1,0.96397
2009-05-21 00:00:00-04:00,1.0,1,0.97156763
2009-05-22 00:00:00-04:00,1.0,1,0.96853495
2009-05-26 00:00:00-04:00,1.0,1,0.9512033
2009-05-27 00:00:00-04:00,1.0,1,0.9545857
2009-05-28 00:00:00-04:00,1.0,1,0.93879753
2009-05-29 00:00:00-04:00,1.0,1,0.93903345
2009-06-01 00:00:00-04:00,1.0,1,0.93064475
2009-06-02 00:00:00-04:00,1.0,1,0.7720573
2009-06-03 00:00:00-04:00,1.0,1,0.706511
2009-06-04 00:00:00-04:00,1.0,1,0.7346351
2009-06-05 00:00:00-04:00,1.0,1,0.6816238
2009-06-08 00:00:00-04:00,1.0,1,0.7385081
2009-06-09 00:00:00-04:00,1.0,1,0.7623724
2009-06-10 00:00:00-04:00,1.0,1,0.69655025
2009-06-11 00:00:00-04:00,1.0,1,0.66593945
2009-06-12 00:00:00-04:00,1.0,1,0.6395279
2009-06-15 00:00:00-04:00,1.0,1,0.61653304
2009-06-16 00:00:00-04:00,1.0,1,0.5617852
2009-06-17 00:00:00-04:00,1.0,1,0.65156066
2009-06-18 00:00:00-04:00,1.0,1,0.7295975
2009-06-19 00:00:00-04:00,1.0,1,0.59885573
2009-06-22 00:00:00-04:00,1.0,1,0.7271161
2009-06-23 00:00:00-04:00,1.0,1,0.72769
2009-06-24 00:00:00-04:00,1.0,1,0.6971493
2009-06-25 00:00:00-04:00,1.0,1,0.68717724
2009-06-26 00:00:00-04:00,1.0,1,0.685516
2009-06-29 00:00:00-04:00,1.0,1,0.6710336
2009-06-30 00:00:00-04:00,1.0,1,0.7035259
2009-07-01 00:00:00-04:00,1.0,1,0.6876442
2009-07-02 00:00:00-04:00,1.0,1,0.77354836
2009-07-06 00:00:00-04:00,1.0,1,0.77796406
2009-07-07 00:00:00-04:00,1.0,1,0.83799326
2009-07-08 00:00:00-04:00,1.0,1,0.83720684
2009-07-09 00:00:00-04:00,1.0,1,0.85880244
2009-07-10 00:00:00-04:00,1.0,1,0.8684608
2009-07-13 00:00:00-04:00,1.0,1,0.8299944
2009-07-14 00:00:00-04:00,1.0,1,0.8335699
2009-07-15 00:00:00-04:00,1.0,1,0.7294682
2009-07-16 00:00:00-04:00,1.0,1,0.70019233
2009-07-17 00:00:00-04:00,1.0,1,0.73097265
2009-07-20 00:00:00-04:00,1.0,1,0.71682036
2009-07-21 00:00:00-04:00,1.0,1,0.68398595
2009-07-22 00:00:00-04:00,1.0,1,0.6382594
2009-07-23 00:00:00-04:00,1.0,1,0.5299591
2009-07-24 00:00:00-04:00,1.0,1,0.6727923
2009-07-27 00:00:00-04:00,1.0,1,0.80139637
2009-07-28 00:00:00-04:00,1.0,1,0.79506636
2009-07-29 00:00:00-04:00,1.0,1,0.7605816
2009-07-30 00:00:00-04:00,1.0,1,0.7703484
2009-07-31 00:00:00-04:00,1.0,1,0.78366625
2009-08-03 00:00:00-04:00,1.0,1,0.76708245
2009-08-04 00:00:00-04:00,1.0,1,0.7845838
2009-08-05 00:00:00-04:00,1.0,1,0.76556396
2009-08-06 00:00:00-04:00,1.0,1,0.806687
2009-08-07 00:00:00-04:00,1.0,1,0.80240566
2009-08-10 00:00:00-04:00,1.0,1,0.85601187
2009-08-11 00:00:00-04:00,1.0,1,0.85612446
2009-08-12 00:00:00-04:00,1.0,1,0.8169944
2009-08-13 00:00:00-04:00,1.0,1,0.8392358
2009-08-14 00:00:00-04:00,1.0,1,0.821749
2009-08-17 00:00:00-04:00,1.0,1,0.8618853
2009-08-18 00:00:00-04:00,1.0,1,0.84858465
2009-08-19 00:00:00-04:00,1.0,1,0.8377698
2009-08-20 00:00:00-04:00,1.0,1,0.85022664
2009-08-21 00:00:00-04:00,1.0,1,0.7419776
2009-08-24 00:00:00-04:00,1.0,1,0.7086945
2009-08-25 00:00:00-04:00,1.0,1,0.7337916
2009-08-26 00:00:00-04:00,1.0,1,0.74972445
2009-08-27 00:00:00-04:00,1.0,1,0.72797763
2009-08-28 00:00:00-04:00,1.0,1,0.7265419
2009-08-31 00:00:00-04:00,1.0,1,0.9136388
2009-09-01 00:00:00-04:00,1.0,1,0.93507314
2009-09-02 00:00:00-04:00,1.0,1,0.91752934
2009-09-03 00:00:00-04:00,1.0,1,0.9355371
2009-09-04 00:00:00-04:00,1.0,1,0.92917347
2009-09-08 00:00:00-04:00,1.0,1,0.90412086
2009-09-09 00:00:00-04:00,1.0,1,0.902979
2009-09-10 00:00:00-04:00,1.0,1,0.88272953
2009-09-11 00:00:00-04:00,1.0,1,0.854916
2009-09-14 00:00:00-04:00,1.0,1,0.77998817
2009-09-15 00:00:00-04:00,1.0,1,0.7811325
2009-09-16 00:00:00-04:00,1.0,1,0.7916488
2009-09-17 00:00:00-04:00,1.0,1,0.7893869
2009-09-18 00:00:00-04:00,1.0,1,0.7500101
2009-09-21 00:00:00-04:00,1.0,1,0.74328065
2009-09-22 00:00:00-04:00,1.0,1,0.6734513
2009-09-23 00:00:00-04:00,1.0,1,0.68834364
2009-09-24 00:00:00-04:00,1.0,1,0.67198896
2009-09-25 00:00:00-04:00,1.0,1,0.596249
2009-09-28 00:00:00-04:00,1.0,1,0.6164636
2009-09-29 00:00:00-04:00,1.0,1,0.5332891
2009-09-30 00:00:00-04:00,1.0,1,0.640434
2009-10-01 00:00:00-04:00,1.0,1,0.7279531
2009-10-02 00:00:00-04:00,1.0,1,0.73637116
2009-10-05 00:00:00-04:00,1.0,1,0.7315129
2009-10-06 00:00:00-04:00,1.0,1,0.7411754
2009-10-07 00:00:00-04:00,1.0,1,0.742805
2009-10-08 00:00:00-04:00,1.0,1,0.76555824
2009-10-09 00:00:00-04:00,1.0,1,0.7226504
2009-10-12 00:00:00-04:00,1.0,1,0.7863743
2009-10-13 00:00:00-04:00,1.0,1,0.6848318
2009-10-14 00:00:00-04:00,1.0,1,0.67797804
2009-10-15 00:00:00-04:00,1.0,1,0.66446257
2009-10-16 00:00:00-04:00,1.0,1,0.6514076
2009-10-19 00:00:00-04:00,1.0,1,0.6809012
2009-10-20 00:00:00-04:00,1.0,1,0.6395805
2009-10-21 00:00:00-04:00,1.0,1,0.6015265
2009-10-22 00:00:00-04:00,1.0,1,0.6393665
2009-10-23 00:00:00-04:00,1.0,1,0.61453336
2009-10-26 00:00:00-04:00,1.0,0,0.49188226
2009-10-27 00:00:00-04:00,1.0,0,0.3713208
2009-10-28 00:00:00-04:00,1.0,1,0.5563871
2009-10-29 00:00:00-04:00,1.0,0,0.5041015
2009-10-30 00:00:00-04:00,1.0,1,0.6044688
2009-11-02 00:00:00-05:00,1.0,1,0.56548965
2009-11-03 00:00:00-05:00,1.0,1,0.5213413
2009-11-04 00:00:00-05:00,1.0,1,0.6097292
2009-11-05 00:00:00-05:00,1.0,0,0.45527792
2009-11-06 00:00:00-05:00,1.0,0,0.42446944
2009-11-09 00:00:00-05:00,1.0,0,0.40436003
2009-11-10 00:00:00-05:00,1.0,0,0.45905325
2009-11-11 00:00:00-05:00,1.0,0,0.32083318
2009-11-12 00:00:00-05:00,1.0,0,0.40120625
2009-11-13 00:00:00-05:00,1.0,0,0.2939942
2009-11-16 00:00:00-05:00,1.0,0,0.29880822
2009-11-17 00:00:00-05:00,0.0,0,0.32703742
2009-11-18 00:00:00-05:00,0.0,0,0.19798386
2009-11-19 00:00:00-05:00,0.0,0,0.18632248
2009-11-20 00:00:00-05:00,0.0,0,0.19555177
2009-11-23 00:00:00-05:00,0.0,0,0.17224507
2009-11-24 00:00:00-05:00,0.0,0,0.1675961
2009-11-25 00:00:00-05:00,1.0,0,0.21894221
2009-11-27 00:00:00-05:00,1.0,0,0.4584718
2009-11-30 00:00:00-05:00,1.0,0,0.057825834
2009-12-01 00:00:00-05:00,1.0,0,0.048144996
2009-12-02 00:00:00-05:00,1.0,0,0.12697354
2009-12-03 00:00:00-05:00,1.0,0,0.06354684
2009-12-04 00:00:00-05:00,1.0,0,0.08020691
2009-12-07 00:00:00-05:00,1.0,0,0.082716234
2009-12-08 00:00:00-05:00,1.0,0,0.1375046
2009-12-09 00:00:00-05:00,1.0,0,0.053000808
2009-12-10 00:00:00-05:00,1.0,0,0.20629343
2009-12-11 00:00:00-05:00,1.0,0,0.2559171
2009-12-14 00:00:00-05:00,1.0,0,0.20703278
2009-12-15 00:00:00-05:00,1.0,0,0.17152135
2009-12-16 00:00:00-05:00,1.0,0,0.16606209
2009-12-17 00:00:00-05:00,1.0,0,0.10818148
2009-12-18 00:00:00-05:00,1.0,0,0.11934196
2009-12-21 00:00:00-05:00,1.0,0,0.037735097
2009-12-22 00:00:00-05:00,0.0,0,0.04523114
2009-12-23 00:00:00-05:00,0.0,0,0.20665854
2009-12-24 00:00:00-05:00,0.0,0,0.39010885
2009-12-28 00:00:00-05:00,0.0,0,0.17439246
2009-12-29 00:00:00-05:00,0.0,0,0.1302656
2009-12-30 00:00:00-05:00,0.0,0,0.016035292
2009-12-31 00:00:00-05:00,0.0,0,0.029669901
2010-01-04 00:00:00-05:00,0.0,0,0.018075561
2010-01-05 00:00:00-05:00,0.0,0,0.027752617
2010-01-06 00:00:00-05:00,0.0,0,0.031496543
2010-01-07 00:00:00-05:00,0.0,0,0.027232781
2010-01-08 00:00:00-05:00,0.0,0,0.01750698
2010-01-11 00:00:00-05:00,0.0,0,0.015739258
2010-01-12 00:00:00-05:00,0.0,0,0.01792796
2010-01-13 00:00:00-05:00,0.0,0,0.010314344
2010-01-14 00:00:00-05:00,0.0,0,0.006925029
2010-01-15 00:00:00-05:00,0.0,0,0.0065625673
2010-01-19 00:00:00-05:00,0.0,0,0.0046585025
2010-01-20 00:00:00-05:00,0.0,0,0.006633331
2010-01-21 00:00:00-05:00,0.0,0,0.009320674
2010-01-22 00:00:00-05:00,0.0,0,0.03566157
2010-01-25 00:00:00-05:00,0.0,0,0.018963406
2010-01-26 00:00:00-05:00,0.0,0,0.009257335
2010-01-27 00:00:00-05:00,0.0,0,0.006930248
2010-01-28 00:00:00-05:00,0.0,0,0.020132605
2010-01-29 00:00:00-05:00,0.0,0,0.035657335
2010-02-01 00:00:00-05:00,0.0,0,0.015531402
2010-02-02 00:00:00-05:00,0.0,0,0.025255384
2010-02-03 00:00:00-05:00,0.0,0,0.0112556955
2010-02-04 00:00:00-05:00,0.0,0,0.04212347
2010-02-05 00:00:00-05:00,0.0,0,0.037677724
2010-02-08 00:00:00-05:00,0.0,0,0.028811907
2010-02-09 00:00:00-05:00,0.0,0,0.027537465
2010-02-10 00:00:00-05:00,0.0,0,0.025019882
2010-02-11 00:00:00-05:00,0.0,0,0.020543199
2010-02-12 00:00:00-05:00,0.0,0,0.029557228
2010-02-16 00:00:00-05:00,0.0,0,0.01682187
2010-02-17 00:00:00-05:00,0.0,0,0.01076009
2010-02-18 00:00:00-05:00,0.0,0,0.0032986775
2010-02-19 00:00:00-05:00,0.0,0,0.012014554
2010-02-22 00:00:00-05:00,0.0,0,0.004249925
2010-02-23 00:00:00-05:00,0.0,0,0.003258259
2010-02-24 00:00:00-05:00,0.0,0,0.002771116
2010-02-25 00:00:00-05:00,0.0,0,0.0038238568
2010-02-26 00:00:00-05:00,0.0,0,0.0046207765
2010-03-01 00:00:00-05:00,0.0,0,0.0036157488
2010-03-02 00:00:00-05:00,0.0,0,0.012375174
2010-03-03 00:00:00-05:00,0.0,0,0.0848092
2010-03-04 00:00:00-05:00,0.0,0,0.059314743
2010-03-05 00:00:00-05:00,0.0,0,0.12664184
2010-03-08 00:00:00-05:00,0.0,0,0.06099132
2010-03-09 00:00:00-05:00,0.0,0,0.045728695
2010-03-10 00:00:00-05:00,0.0,0,0.07789052
2010-03-11 00:00:00-05:00,0.0,0,0.07486607
2010-03-12 00:00:00-05:00,0.0,0,0.05630701
2010-03-15 00:00:00-04:00,0.0,0,0.0840097
2010-03-16 00:00:00-04:00,0.0,0,0.1043297
2010-03-17 00:00:00-04:00,0.0,0,0.0718002
2010-03-18 00:00:00-04:00,0.0,0,0.12578209
2010-03-19 00:00:00-04:00,0.0,0,0.08319489
2010-03-22 00:00:00-04:00,0.0,0,0.10737574
2010-03-23 00:00:00-04:00,0.0,0,0.04747218
2010-03-24 00:00:00-04:00,0.0,0,0.1353731
2010-03-25 00:00:00-04:00,0.0,0,0.07798731
2010-03-26 00:00:00-04:00,0.0,0,0.058990117
2010-03-29 00:00:00-04:00,0.0,0,0.0875957
2010-03-30 00:00:00-04:00,0.0,0,0.064222805
2010-03-31 00:00:00-04:00,0.0,0,0.07222305
2010-04-01 00:00:00-04:00,0.0,0,0.06714119
2010-04-05 00:00:00-04:00,0.0,0,0.043096907
2010-04-06 00:00:00-04:00,0.0,0,0.03285707
2010-04-07 00:00:00-04:00,0.0,0,0.033550914
2010-04-08 00:00:00-04:00,0.0,0,0.033662196
2010-04-09 00:00:00-04:00,0.0,0,0.030259408
2010-04-12 00:00:00-04:00,0.0,0,0.056072287
2010-04-13 00:00:00-04:00,0.0,0,0.028467858
2010-04-14 00:00:00-04:00,0.0,0,0.026141373
2010-04-15 00:00:00-04:00,0.0,0,0.04060938
2010-04-16 00:00:00-04:00,0.0,0,0.022415249
2010-04-19 00:00:00-04:00,0.0,0,0.019659191
2010-04-20 00:00:00-04:00,0.0,0,0.02033008
2010-04-21 00:00:00-04:00,0.0,0,0.027466156
2010-04-22 00:00:00-04:00,0.0,0,0.014338897
2010-04-23 00:00:00-04:00,0.0,0,0.01892893
2010-04-26 00:00:00-04:00,0.0,0,0.01701428
2010-04-27 00:00:00-04:00,0.0,0,0.018564666
2010-04-28 00:00:00-04:00,0.0,0,0.022581672
2010-04-29 00:00:00-04:00,0.0,0,0.017012537
2010-04-30 00:00:00-04:00,0.0,0,0.021167332
2010-05-03 00:00:00-04:00,0.0,0,0.020748025
2010-05-04 00:00:00-04:00,0.0,0,0.024309171
2010-05-05 00:00:00-04:00,0.0,0,0.051171392
2010-05-06 00:00:00-04:00,0.0,0,0.07956571
2010-05-07 00:00:00-04:00,0.0,0,0.16008468
2010-05-10 00:00:00-04:00,0.0,0,0.07827357
2010-05-11 00:00:00-04:00,0.0,0,0.07769959
2010-05-12 00:00:00-04:00,0.0,0,0.0475132
2010-05-13 00:00:00-04:00,0.0,0,0.042642653
2010-05-14 00:00:00-04:00,0.0,0,0.045020793
2010-05-17 00:00:00-04:00,0.0,0,0.034615897
2010-05-18 00:00:00-04:00,0.0,0,0.047253564
2010-05-19 00:00:00-04:00,0.0,0,0.07120378
2010-05-20 00:00:00-04:00,0.0,0,0.108862706
2010-05-21 00:00:00-04:00,0.0,0,0.13395059
2010-05-24 00:00:00-04:00,0.0,0,0.1274094
2010-05-25 00:00:00-04:00,0.0,0,0.18797082
2010-05-26 00:00:00-04:00,0.0,0,0.33667374
2010-05-27 00:00:00-04:00,0.0,0,0.20293301
2010-05-28 00:00:00-04:00,0.0,0,0.18251193
2010-06-01 00:00:00-04:00,0.0,0,0.19691436
2010-06-02 00:00:00-04:00,0.0,0,0.1670794
2010-06-03 00:00:00-04:00,0.0,0,0.15156114
2010-06-04 00:00:00-04:00,0.0,0,0.3257192
2010-06-07 00:00:00-04:00,1.0,0,0.40709794
2010-06-08 00:00:00-04:00,1.0,0,0.4213805
2010-06-09 00:00:00-04:00,1.0,1,0.557019
2010-06-10 00:00:00-04:00,1.0,1,0.5181048
2010-06-11 00:00:00-04:00,0.0,0,0.3698068
2010-06-14 00:00:00-04:00,0.0,0,0.36703447
2010-06-15 00:00:00-04:00,0.0,0,0.2983052
2010-06-16 00:00:00-04:00,0.0,0,0.26905906
2010-06-17 00:00:00-04:00,0.0,0,0.21410534
2010-06-18 00:00:00-04:00,0.0,0,0.33295614
2010-06-21 00:00:00-04:00,1.0,0,0.4372123
2010-06-22 00:00:00-04:00,1.0,0,0.46717355
2010-06-23 00:00:00-04:00,1.0,1,0.58467424
2010-06-24 00:00:00-04:00,1.0,1,0.72873753
2010-06-25 00:00:00-04:00,1.0,1,0.80321115
2010-06-28 00:00:00-04:00,1.0,1,0.7797633
2010-06-29 00:00:00-04:00,1.0,1,0.9060928
2010-06-30 00:00:00-04:00,1.0,1,0.91184795
2010-07-01 00:00:00-04:00,1.0,1,0.8956945
2010-07-02 00:00:00-04:00,1.0,1,0.8749838
2010-07-06 00:00:00-04:00,1.0,1,0.8425711
2010-07-07 00:00:00-04:00,1.0,1,0.8034187
2010-07-08 00:00:00-04:00,1.0,1,0.7236662
2010-07-09 00:00:00-04:00,1.0,1,0.68729603
2010-07-12 00:00:00-04:00,1.0,1,0.603621
2010-07-13 00:00:00-04:00,1.0,1,0.5103425
2010-07-14 00:00:00-04:00,1.0,1,0.5121381
2010-07-15 00:00:00-04:00,1.0,0,0.46801955
2010-07-16 00:00:00-04:00,1.0,1,0.61515844
2010-07-19 00:00:00-04:00,1.0,0,0.3927473
2010-07-20 00:00:00-04:00,1.0,0,0.43463388
2010-07-21 00:00:00-04:00,1.0,0,0.4664369
2010-07-22 00:00:00-04:00,0.0,0,0.37627268
2010-07-23 00:00:00-04:00,0.0,0,0.38596058
2010-07-26 00:00:00-04:00,1.0,0,0.41414744
2010-07-27 00:00:00-04:00,1.0,0,0.4969757
2010-07-28 00:00:00-04:00,1.0,1,0.55045795
2010-07-29 00:00:00-04:00,1.0,1,0.57187784
2010-07-30 00:00:00-04:00,1.0,1,0.5790342
2010-08-02 00:00:00-04:00,1.0,1,0.51979625
2010-08-03 00:00:00-04:00,1.0,0,0.5014413
2010-08-04 00:00:00-04:00,1.0,1,0.6901803
2010-08-05 00:00:00-04:00,1.0,1,0.63814366
2010-08-06 00:00:00-04:00,1.0,1,0.68674856
2010-08-09 00:00:00-04:00,1.0,1,0.6512553
2010-08-10 00:00:00-04:00,1.0,1,0.78112584
2010-08-11 00:00:00-04:00,1.0,1,0.78756887
2010-08-12 00:00:00-04:00,1.0,1,0.8144412
2010-08-13 00:00:00-04:00,1.0,1,0.8435252
2010-08-16 00:00:00-04:00,1.0,1,0.83530366
2010-08-17 00:00:00-04:00,1.0,1,0.8066106
2010-08-18 00:00:00-04:00,1.0,1,0.80427295
2010-08-19 00:00:00-04:00,1.0,1,0.83444726
2010-08-20 00:00:00-04:00,1.0,1,0.8225575
2010-08-23 00:00:00-04:00,1.0,1,0.8253833
2010-08-24 00:00:00-04:00,1.0,1,0.8609479
2010-08-25 00:00:00-04:00,1.0,1,0.853593
2010-08-26 00:00:00-04:00,1.0,1,0.88941574
2010-08-27 00:00:00-04:00,1.0,1,0.89451134
2010-08-30 00:00:00-04:00,1.0,1,0.9373659
2010-08-31 00:00:00-04:00,1.0,1,0.97911716
2010-09-01 00:00:00-04:00,1.0,1,0.969049
2010-09-02 00:00:00-04:00,1.0,1,0.9529024
2010-09-03 00:00:00-04:00,1.0,1,0.9538172
2010-09-07 00:00:00-04:00,1.0,1,0.964207
2010-09-08 00:00:00-04:00,1.0,1,0.9700715
2010-09-09 00:00:00-04:00,1.0,1,0.9558114
2010-09-10 00:00:00-04:00,1.0,1,0.9655567
2010-09-13 00:00:00-04:00,1.0,1,0.9199244
2010-09-14 00:00:00-04:00,1.0,1,0.89816403
2010-09-15 00:00:00-04:00,1.0,1,0.9096242
2010-09-16 00:00:00-04:00,1.0,1,0.89118373
2010-09-17 00:00:00-04:00,1.0,1,0.92634565
2010-09-20 00:00:00-04:00,1.0,1,0.9105268
2010-09-21 00:00:00-04:00,1.0,1,0.8714595
2010-09-22 00:00:00-04:00,1.0,1,0.91461205
2010-09-23 00:00:00-04:00,1.0,1,0.9142448
2010-09-24 00:00:00-04:00,1.0,1,0.8906986
2010-09-27 00:00:00-04:00,1.0,1,0.9005859
2010-09-28 00:00:00-04:00,1.0,1,0.92665255
2010-09-29 00:00:00-04:00,1.0,1,0.9195348
2010-09-30 00:00:00-04:00,1.0,1,0.9492103
2010-10-01 00:00:00-04:00,1.0,1,0.94900024
2010-10-04 00:00:00-04:00,1.0,1,0.9251932
2010-10-05 00:00:00-04:00,1.0,1,0.93081385
2010-10-06 00:00:00-04:00,1.0,1,0.9189596
2010-10-07 00:00:00-04:00,1.0,1,0.91118914
2010-10-08 00:00:00-04:00,1.0,1,0.8804175
2010-10-11 00:00:00-04:00,1.0,1,0.87754464
2010-10-12 00:00:00-04:00,1.0,1,0.9017655
2010-10-13 00:00:00-04:00,1.0,1,0.8346517
2010-10-14 00:00:00-04:00,1.0,1,0.8001684
2010-10-15 00:00:00-04:00,1.0,1,0.775633
2010-10-18 00:00:00-04:00,1.0,1,0.7391795
2010-10-19 00:00:00-04:00,1.0,1,0.83099914
2010-10-20 00:00:00-04:00,1.0,1,0.69034535
2010-10-21 00:00:00-04:00,1.0,1,0.6977366
2010-10-22 00:00:00-04:00,1.0,1,0.5889642
2010-10-25 00:00:00-04:00,1.0,1,0.63724846
2010-10-26 00:00:00-04:00,1.0,1,0.56762767
2010-10-27 00:00:00-04:00,1.0,1,0.53432393
2010-10-28 00:00:00-04:00,0.0,0,0.44631734
2010-10-29 00:00:00-04:00,0.0,0,0.24595715
2010-11-01 00:00:00-04:00,0.0,0,0.26648045
2010-11-02 00:00:00-04:00,0.0,0,0.17774433
2010-11-03 00:00:00-04:00,0.0,0,0.18580893
2010-11-04 00:00:00-04:00,0.0,0,0.07861955
2010-11-05 00:00:00-04:00,0.0,0,0.09209543
2010-11-08 00:00:00-05:00,0.0,0,0.10461503
2010-11-09 00:00:00-05:00,0.0,0,0.140134
2010-11-10 00:00:00-05:00,0.0,0,0.13735032
2010-11-11 00:00:00-05:00,0.0,0,0.22020172
2010-11-12 00:00:00-05:00,0.0,0,0.36621165
2010-11-15 00:00:00-05:00,0.0,0,0.3177954
2010-11-16 00:00:00-05:00,0.0,0,0.33072534
2010-11-17 00:00:00-05:00,1.0,0,0.3882253
2010-11-18 00:00:00-05:00,0.0,0,0.40264615
2010-11-19 00:00:00-05:00,0.0,0,0.32751718
2010-11-22 00:00:00-05:00,0.0,0,0.35726064
2010-11-23 00:00:00-05:00,1.0,1,0.55793315
2010-11-24 00:00:00-05:00,1.0,1,0.5432937
2010-11-26 00:00:00-05:00,1.0,0,0.508204
2010-11-29 00:00:00-05:00,1.0,1,0.7013049
2010-11-30 00:00:00-05:00,1.0,1,0.5219961
2010-12-01 00:00:00-05:00,1.0,0,0.46729678
2010-12-02 00:00:00-05:00,0.0,0,0.32601038
2010-12-03 00:00:00-05:00,0.0,0,0.34906578
2010-12-06 00:00:00-05:00,0.0,0,0.3120428
2010-12-07 00:00:00-05:00,0.0,0,0.33146527
2010-12-08 00:00:00-05:00,0.0,0,0.24644887
2010-12-09 00:00:00-05:00,0.0,0,0.2714609
2010-12-10 00:00:00-05:00,0.0,0,0.3084931
2010-12-13 00:00:00-05:00,0.0,0,0.29859385
2010-12-14 00:00:00-05:00,0.0,0,0.3073192
2010-12-15 00:00:00-05:00,0.0,0,0.35517052
2010-12-16 00:00:00-05:00,0.0,0,0.3614214
2010-12-17 00:00:00-05:00,0.0,0,0.3716765
2010-12-20 00:00:00-05:00,0.0,0,0.30890438
2010-12-21 00:00:00-05:00,0.0,0,0.24162759
2010-12-22 00:00:00-05:00,0.0,0,0.25900078
2010-12-23 00:00:00-05:00,0.0,0,0.34297603
2010-12-27 00:00:00-05:00,0.0,0,0.36609808
2010-12-28 00:00:00-05:00,0.0,0,0.35183358
2010-12-29 00:00:00-05:00,0.0,0,0.37517464
2010-12-30 00:00:00-05:00,0.0,0,0.3577896
2010-12-31 00:00:00-05:00,0.0,0,0.305598
2011-01-03 00:00:00-05:00,0.0,0,0.250553
2011-01-04 00:00:00-05:00,0.0,0,0.2260065
2011-01-05 00:00:00-05:00,0.0,0,0.20272116
2011-01-06 00:00:00-05:00,0.0,0,0.1303831
2011-01-07 00:00:00-05:00,0.0,0,0.20670411
2011-01-10 00:00:00-05:00,0.0,0,0.21417534
2011-01-11 00:00:00-05:00,0.0,0,0.20068951
2011-01-12 00:00:00-05:00,0.0,0,0.1331401
2011-01-13 00:00:00-05:00,0.0,0,0.1778981
2011-01-14 00:00:00-05:00,0.0,0,0.15763833
2011-01-18 00:00:00-05:00,0.0,0,0.15787357
2011-01-19 00:00:00-05:00,0.0,0,0.19708881
2011-01-20 00:00:00-05:00,0.0,0,0.22578773
2011-01-21 00:00:00-05:00,0.0,0,0.19872758
2011-01-24 00:00:00-05:00,0.0,0,0.13496706
2011-01-25 00:00:00-05:00,0.0,0,0.13196562
2011-01-26 00:00:00-05:00,0.0,0,0.13498212
2011-01-27 00:00:00-05:00,0.0,0,0.07996054
2011-01-28 00:00:00-05:00,0.0,0,0.095565036
2011-01-31 00:00:00-05:00,0.0,0,0.15892595
2011-02-01 00:00:00-05:00,0.0,0,0.12724175
2011-02-02 00:00:00-05:00,0.0,0,0.16995877
2011-02-03 00:00:00-05:00,0.0,0,0.19419922
2011-02-04 00:00:00-05:00,0.0,0,0.13423687
2011-02-07 00:00:00-05:00,0.0,0,0.13646732
2011-02-08 00:00:00-05:00,0.0,0,0.15634514
2011-02-09 00:00:00-05:00,0.0,0,0.19995266
2011-02-10 00:00:00-05:00,0.0,0,0.2428153
2011-02-11 00:00:00-05:00,0.0,0,0.24603419
2011-02-14 00:00:00-05:00,0.0,0,0.23755243
2011-02-15 00:00:00-05:00,0.0,0,0.20463641
2011-02-16 00:00:00-05:00,0.0,0,0.2959342
2011-02-17 00:00:00-05:00,0.0,0,0.33941993
2011-02-18 00:00:00-05:00,0.0,0,0.34588262
2011-02-22 00:00:00-05:00,0.0,0,0.42008352
2011-02-23 00:00:00-05:00,0.0,0,0.41707534
2011-02-24 00:00:00-05:00,0.0,0,0.41842067
2011-02-25 00:00:00-05:00,0.0,0,0.42620257
2011-02-28 00:00:00-05:00,1.0,0,0.44222566
2011-03-01 00:00:00-05:00,1.0,1,0.5262495
2011-03-02 00:00:00-05:00,1.0,0,0.47193933
2011-03-03 00:00:00-05:00,1.0,0,0.49522316
2011-03-04 00:00:00-05:00,1.0,1,0.51544714
2011-03-07 00:00:00-05:00,1.0,1,0.52876705
2011-03-08 00:00:00-05:00,1.0,0,0.50833505
2011-03-09 00:00:00-05:00,1.0,0,0.46458006
2011-03-10 00:00:00-05:00,1.0,1,0.60974383
2011-03-11 00:00:00-05:00,1.0,1,0.5475848
2011-03-14 00:00:00-04:00,1.0,1,0.5558119
2011-03-15 00:00:00-04:00,1.0,1,0.61005175
2011-03-16 00:00:00-04:00,1.0,1,0.6894584
2011-03-17 00:00:00-04:00,1.0,1,0.7017144
2011-03-18 00:00:00-04:00,1.0,1,0.6394586
2011-03-21 00:00:00-04:00,1.0,1,0.61623454
2011-03-22 00:00:00-04:00,1.0,1,0.59096193
2011-03-23 00:00:00-04:00,1.0,1,0.56887114
2011-03-24 00:00:00-04:00,1.0,0,0.4935335
2011-03-25 00:00:00-04:00,1.0,1,0.5525814
2011-03-28 00:00:00-04:00,1.0,0,0.48027822
2011-03-29 00:00:00-04:00,1.0,0,0.44862178
2011-03-30 00:00:00-04:00,0.0,0,0.31468403
2011-03-31 00:00:00-04:00,1.0,0,0.47669473
2011-04-01 00:00:00-04:00,0.0,0,0.29971313
2011-04-04 00:00:00-04:00,0.0,0,0.35957205
2011-04-05 00:00:00-04:00,0.0,0,0.38871366
2011-04-06 00:00:00-04:00,0.0,0,0.40321264
2011-04-07 00:00:00-04:00,0.0,0,0.3687057
2011-04-08 00:00:00-04:00,0.0,0,0.35018328
2011-04-11 00:00:00-04:00,0.0,0,0.2530616
2011-04-12 00:00:00-04:00,0.0,0,0.24511226
2011-04-13 00:00:00-04:00,0.0,0,0.24531713
2011-04-14 00:00:00-04:00,0.0,0,0.37809902
2011-04-15 00:00:00-04:00,0.0,0,0.4165726
2011-04-18 00:00:00-04:00,0.0,0,0.4056067
2011-04-19 00:00:00-04:00,1.0,0,0.42778468
2011-04-20 00:00:00-04:00,1.0,0,0.479333
2011-04-21 00:00:00-04:00,1.0,0,0.5010128
2011-04-25 00:00:00-04:00,1.0,0,0.4946515
2011-04-26 00:00:00-04:00,1.0,0,0.48972827
2011-04-27 00:00:00-04:00,0.0,0,0.41491032
2011-04-28 00:00:00-04:00,0.0,0,0.35999897
2011-04-29 00:00:00-04:00,1.0,0,0.10528469
2011-05-02 00:00:00-04:00,1.0,0,0.49818265
2011-05-03 00:00:00-04:00,1.0,0,0.4776186
2011-05-04 00:00:00-04:00,1.0,0,0.46197078
2011-05-05 00:00:00-04:00,1.0,0,0.47413886
2011-05-06 00:00:00-04:00,1.0,0,0.5095207
2011-05-09 00:00:00-04:00,1.0,1,0.5192615
2011-05-10 00:00:00-04:00,1.0,1,0.5354969
2011-05-11 00:00:00-04:00,1.0,1,0.59676236
2011-05-12 00:00:00-04:00,1.0,1,0.59359705
2011-05-13 00:00:00-04:00,1.0,1,0.5536378
2011-05-16 00:00:00-04:00,1.0,0,0.49874315
2011-05-17 00:00:00-04:00,1.0,0,0.50222015
2011-05-18 00:00:00-04:00,1.0,1,0.51384175
2011-05-19 00:00:00-04:00,1.0,0,0.4866009
2011-05-20 00:00:00-04:00,1.0,1,0.52824646
2011-05-23 00:00:00-04:00,1.0,1,0.57121325
2011-05-24 00:00:00-04:00,1.0,1,0.5125929
2011-05-25 00:00:00-04:00,1.0,0,0.42099205
2011-05-26 00:00:00-04:00,1.0,1,0.53046644
2011-05-27 00:00:00-04:00,1.0,1,0.548924
2011-05-31 00:00:00-04:00,1.0,1,0.56875056
2011-06-01 00:00:00-04:00,1.0,1,0.9238304
2011-06-02 00:00:00-04:00,1.0,1,0.95857966
2011-06-03 00:00:00-04:00,1.0,1,0.96471494
2011-06-06 00:00:00-04:00,1.0,1,0.9672275
2011-06-07 00:00:00-04:00,1.0,1,0.958029
2011-06-08 00:00:00-04:00,1.0,1,0.96507627
2011-06-09 00:00:00-04:00,1.0,1,0.9569428
2011-06-10 00:00:00-04:00,1.0,1,0.9717972
2011-06-13 00:00:00-04:00,1.0,1,0.96897614
2011-06-14 00:00:00-04:00,1.0,1,0.9546168
2011-06-15 00:00:00-04:00,1.0,1,0.9705835
2011-06-16 00:00:00-04:00,1.0,1,0.9707471
2011-06-17 00:00:00-04:00,1.0,1,0.94536424
2011-06-20 00:00:00-04:00,1.0,1,0.94119555
2011-06-21 00:00:00-04:00,1.0,1,0.94957936
2011-06-22 00:00:00-04:00,1.0,1,0.9327808
2011-06-23 00:00:00-04:00,1.0,1,0.92460316
2011-06-24 00:00:00-04:00,1.0,1,0.8906486
2011-06-27 00:00:00-04:00,1.0,1,0.8448154
2011-06-28 00:00:00-04:00,1.0,1,0.8018149
2011-06-29 00:00:00-04:00,1.0,1,0.7576227
2011-06-30 00:00:00-04:00,1.0,1,0.78829765
2011-07-01 00:00:00-04:00,1.0,1,0.82302713
2011-07-05 00:00:00-04:00,1.0,1,0.6327045
2011-07-06 00:00:00-04:00,1.0,1,0.6490718
2011-07-07 00:00:00-04:00,1.0,1,0.69342047
2011-07-08 00:00:00-04:00,1.0,1,0.61792445
2011-07-11 00:00:00-04:00,1.0,1,0.682233
2011-07-12 00:00:00-04:00,0.0,1,0.55405265
2011-07-13 00:00:00-04:00,0.0,0,0.3925069
2011-07-14 00:00:00-04:00,0.0,0,0.3548696
2011-07-15 00:00:00-04:00,0.0,0,0.23153865
2011-07-18 00:00:00-04:00,0.0,0,0.1463863
2011-07-19 00:00:00-04:00,0.0,0,0.080432825
2011-07-20 00:00:00-04:00,0.0,0,0.07734876
2011-07-21 00:00:00-04:00,0.0,0,0.16950142
2011-07-22 00:00:00-04:00,0.0,0,0.09488547
2011-07-25 00:00:00-04:00,0.0,0,0.25226107
2011-07-26 00:00:00-04:00,0.0,0,0.13781795
2011-07-27 00:00:00-04:00,0.0,0,0.12383853
2011-07-28 00:00:00-04:00,0.0,0,0.24222921
2011-07-29 00:00:00-04:00,0.0,0,0.2931972
2011-08-01 00:00:00-04:00,0.0,0,0.18907271
2011-08-02 00:00:00-04:00,0.0,0,0.29936135
2011-08-03 00:00:00-04:00,0.0,0,0.36131802
2011-08-04 00:00:00-04:00,0.0,1,0.5821339
2011-08-05 00:00:00-04:00,1.0,1,0.6833575
2011-08-08 00:00:00-04:00,1.0,1,0.873562
2011-08-09 00:00:00-04:00,1.0,1,0.6928216
2011-08-10 00:00:00-04:00,1.0,1,0.92298806
2011-08-11 00:00:00-04:00,1.0,1,0.7888794
2011-08-12 00:00:00-04:00,1.0,1,0.8449898
2011-08-15 00:00:00-04:00,1.0,1,0.7362778
2011-08-16 00:00:00-04:00,1.0,1,0.7530289
2011-08-17 00:00:00-04:00,1.0,1,0.8180101
2011-08-18 00:00:00-04:00,1.0,1,0.8865209
2011-08-19 00:00:00-04:00,1.0,1,0.9250203
2011-08-22 00:00:00-04:00,1.0,1,0.9377278
2011-08-23 00:00:00-04:00,1.0,1,0.88580406
2011-08-24 00:00:00-04:00,1.0,1,0.91206765
2011-08-25 00:00:00-04:00,1.0,1,0.9582501
2011-08-26 00:00:00-04:00,1.0,1,0.94272834
2011-08-29 00:00:00-04:00,1.0,1,0.9163568
2011-08-30 00:00:00-04:00,1.0,0,0.34675133
2011-08-31 00:00:00-04:00,1.0,0,0.33765787
2011-09-01 00:00:00-04:00,1.0,0,0.32485077
2011-09-02 00:00:00-04:00,1.0,0,0.37060523
2011-09-06 00:00:00-04:00,1.0,0,0.49266472
2011-09-07 00:00:00-04:00,1.0,0,0.29670972
2011-09-08 00:00:00-04:00,1.0,0,0.38041005
2011-09-09 00:00:00-04:00,1.0,0,0.42589587
2011-09-12 00:00:00-04:00,1.0,1,0.52262425
2011-09-13 00:00:00-04:00,1.0,0,0.4912934
2011-09-14 00:00:00-04:00,1.0,0,0.42731023
2011-09-15 00:00:00-04:00,1.0,0,0.3960377
2011-09-16 00:00:00-04:00,1.0,0,0.40017596
2011-09-19 00:00:00-04:00,1.0,0,0.28320894
2011-09-20 00:00:00-04:00,1.0,0,0.3120205
2011-09-21 00:00:00-04:00,1.0,0,0.43422014
2011-09-22 00:00:00-04:00,1.0,1,0.6139596
2011-09-23 00:00:00-04:00,1.0,1,0.5939884
2011-09-26 00:00:00-04:00,1.0,1,0.5773685
2011-09-27 00:00:00-04:00,1.0,1,0.54580796
2011-09-28 00:00:00-04:00,1.0,1,0.57929635
2011-09-29 00:00:00-04:00,1.0,1,0.61770785
2011-09-30 00:00:00-04:00,1.0,1,0.6607759
2011-10-03 00:00:00-04:00,1.0,1,0.69489634
2011-10-04 00:00:00-04:00,1.0,1,0.63590235
2011-10-05 00:00:00-04:00,1.0,1,0.5663507
2011-10-06 00:00:00-04:00,1.0,1,0.5139278
2011-10-07 00:00:00-04:00,1.0,1,0.5612924
2011-10-10 00:00:00-04:00,1.0,0,0.4596273
2011-10-11 00:00:00-04:00,1.0,0,0.45598066
2011-10-12 00:00:00-04:00,1.0,0,0.4981972
2011-10-13 00:00:00-04:00,1.0,0,0.42840746
2011-10-14 00:00:00-04:00,1.0,0,0.49174142
2011-10-17 00:00:00-04:00,1.0,0,0.37333542
2011-10-18 00:00:00-04:00,1.0,0,0.5089962
2011-10-19 00:00:00-04:00,1.0,0,0.47834915
2011-10-20 00:00:00-04:00,1.0,1,0.5609324
2011-10-21 00:00:00-04:00,1.0,1,0.5176722
2011-10-24 00:00:00-04:00,1.0,0,0.4957598
2011-10-25 00:00:00-04:00,1.0,1,0.52367496
2011-10-26 00:00:00-04:00,1.0,1,0.56920433
2011-10-27 00:00:00-04:00,1.0,1,0.5263957
2011-10-28 00:00:00-04:00,1.0,1,0.52582145
2011-10-31 00:00:00-04:00,1.0,1,0.5587025
2011-11-01 00:00:00-04:00,1.0,1,0.6635999
2011-11-02 00:00:00-04:00,1.0,1,0.66183686
2011-11-03 00:00:00-04:00,1.0,1,0.6307791
2011-11-04 00:00:00-04:00,1.0,1,0.59879875
2011-11-07 00:00:00-05:00,1.0,1,0.5557312
2011-11-08 00:00:00-05:00,1.0,1,0.5167282
2011-11-09 00:00:00-05:00,1.0,1,0.61332685
2011-11-10 00:00:00-05:00,1.0,1,0.54042006
2011-11-11 00:00:00-05:00,1.0,0,0.488651
2011-11-14 00:00:00-05:00,1.0,1,0.5294397
2011-11-15 00:00:00-05:00,1.0,1,0.56479335
2011-11-16 00:00:00-05:00,1.0,1,0.6081978
2011-11-17 00:00:00-05:00,1.0,1,0.6676035
2011-11-18 00:00:00-05:00,1.0,1,0.6835648
2011-11-21 00:00:00-05:00,1.0,1,0.7066288
2011-11-22 00:00:00-05:00,1.0,1,0.71330273
2011-11-23 00:00:00-05:00,1.0,1,0.70948446
2011-11-25 00:00:00-05:00,1.0,1,0.7879961
2011-11-28 00:00:00-05:00,1.0,1,0.6652034
2011-11-29 00:00:00-05:00,1.0,1,0.6197847
2011-11-30 00:00:00-05:00,1.0,1,0.6028079
2011-12-01 00:00:00-05:00,1.0,1,0.60910004
2011-12-02 00:00:00-05:00,1.0,1,0.6079719
2011-12-05 00:00:00-05:00,1.0,1,0.57777226
2011-12-06 00:00:00-05:00,1.0,1,0.57800436
2011-12-07 00:00:00-05:00,1.0,1,0.59653294
2011-12-08 00:00:00-05:00,1.0,1,0.59881866
2011-12-09 00:00:00-05:00,1.0,1,0.60439587
2011-12-12 00:00:00-05:00,1.0,1,0.6164429
2011-12-13 00:00:00-05:00,1.0,1,0.59415674
2011-12-14 00:00:00-05:00,1.0,1,0.5962603
2011-12-15 00:00:00-05:00,1.0,1,0.60662353
2011-12-16 00:00:00-05:00,1.0,1,0.6153722
2011-12-19 00:00:00-05:00,1.0,1,0.6367919
2011-12-20 00:00:00-05:00,1.0,1,0.57962584
2011-12-21 00:00:00-05:00,1.0,1,0.6264742
2011-12-22 00:00:00-05:00,1.0,1,0.60044175
2011-12-23 00:00:00-05:00,1.0,1,0.6165702
2011-12-27 00:00:00-05:00,1.0,1,0.5581907
2011-12-28 00:00:00-05:00,1.0,1,0.6451377
2011-12-29 00:00:00-05:00,1.0,1,0.550644
2011-12-30 00:00:00-05:00,1.0,1,0.56911063
2012-01-03 00:00:00-05:00,1.0,1,0.5396149
2012-01-04 00:00:00-05:00,1.0,1,0.51391757
2012-01-05 00:00:00-05:00,1.0,0,0.48633638
2012-01-06 00:00:00-05:00,1.0,0,0.4592055
2012-01-09 00:00:00-05:00,1.0,0,0.47717458
2012-01-10 00:00:00-05:00,1.0,0,0.45383403
2012-01-11 00:00:00-05:00,1.0,0,0.4886522
2012-01-12 00:00:00-05:00,1.0,0,0.43816066
2012-01-13 00:00:00-05:00,1.0,0,0.41991875
2012-01-17 00:00:00-05:00,1.0,0,0.43235663
2012-01-18 00:00:00-05:00,1.0,0,0.4238817
2012-01-19 00:00:00-05:00,1.0,0,0.4625609
2012-01-20 00:00:00-05:00,1.0,0,0.28973335
2012-01-23 00:00:00-05:00,0.0,0,0.346692
2012-01-24 00:00:00-05:00,0.0,0,0.29502842
2012-01-25 00:00:00-05:00,0.0,0,0.29993224
2012-01-26 00:00:00-05:00,0.0,0,0.28613597
2012-01-27 00:00:00-05:00,1.0,0,0.3380866
2012-01-30 00:00:00-05:00,1.0,0,0.29675227
2012-01-31 00:00:00-05:00,1.0,0,0.35301235
2012-02-01 00:00:00-05:00,0.0,0,0.3238894
2012-02-02 00:00:00-05:00,0.0,0,0.31792146
2012-02-03 00:00:00-05:00,0.0,0,0.27179423
2012-02-06 00:00:00-05:00,0.0,0,0.30162093
2012-02-07 00:00:00-05:00,1.0,0,0.29723373
2012-02-08 00:00:00-05:00,0.0,0,0.30916083
2012-02-09 00:00:00-05:00,1.0,0,0.34211737
2012-02-10 00:00:00-05:00,1.0,0,0.34779814
2012-02-13 00:00:00-05:00,0.0,0,0.30453
2012-02-14 00:00:00-05:00,1.0,0,0.37696236
2012-02-15 00:00:00-05:00,1.0,0,0.31435105
2012-02-16 00:00:00-05:00,0.0,0,0.31255206
2012-02-17 00:00:00-05:00,0.0,0,0.33186233
2012-02-21 00:00:00-05:00,0.0,0,0.2664395
2012-02-22 00:00:00-05:00,0.0,0,0.29724094
2012-02-23 00:00:00-05:00,0.0,0,0.19028962
2012-02-24 00:00:00-05:00,0.0,0,0.2895544
2012-02-27 00:00:00-05:00,0.0,0,0.2647606
2012-02-28 00:00:00-05:00,0.0,0,0.20287226
2012-02-29 00:00:00-05:00,0.0,0,0.30015135
2012-03-01 00:00:00-05:00,0.0,0,0.37751058
2012-03-02 00:00:00-05:00,0.0,0,0.34565416
2012-03-05 00:00:00-05:00,0.0,0,0.29218236
2012-03-06 00:00:00-05:00,0.0,0,0.38478342
2012-03-07 00:00:00-05:00,0.0,0,0.40324995
2012-03-08 00:00:00-05:00,0.0,0,0.42022368
2012-03-09 00:00:00-05:00,0.0,1,0.5177735
2012-03-12 00:00:00-04:00,0.0,1,0.5353668
2012-03-13 00:00:00-04:00,0.0,0,0.38036683
2012-03-14 00:00:00-04:00,0.0,0,0.3036231
2012-03-15 00:00:00-04:00,0.0,0,0.2741994
2012-03-16 00:00:00-04:00,0.0,0,0.25879323
2012-03-19 00:00:00-04:00,0.0,0,0.3192743
2012-03-20 00:00:00-04:00,0.0,0,0.40254024
2012-03-21 00:00:00-04:00,0.0,0,0.40684637
2012-03-22 00:00:00-04:00,0.0,0,0.38003466
2012-03-23 00:00:00-04:00,0.0,0,0.37491888
2012-03-26 00:00:00-04:00,0.0,0,0.3034509
2012-03-27 00:00:00-04:00,0.0,0,0.38235235
2012-03-28 00:00:00-04:00,0.0,0,0.4154787
2012-03-29 00:00:00-04:00,0.0,0,0.4522171
2012-03-30 00:00:00-04:00,0.0,0,0.43633103
2012-04-02 00:00:00-04:00,0.0,0,0.48632157
2012-04-03 00:00:00-04:00,0.0,0,0.47813484
2012-04-04 00:00:00-04:00,0.0,1,0.5481725
2012-04-05 00:00:00-04:00,0.0,0,0.5058787
2012-04-09 00:00:00-04:00,0.0,1,0.5576159
2012-04-10 00:00:00-04:00,1.0,1,0.6555456
2012-04-11 00:00:00-04:00,1.0,1,0.6071824
2012-04-12 00:00:00-04:00,1.0,1,0.644027
2012-04-13 00:00:00-04:00,1.0,1,0.6117165
2012-04-16 00:00:00-04:00,0.0,1,0.5967028
2012-04-17 00:00:00-04:00,0.0,1,0.56441784
2012-04-18 00:00:00-04:00,0.0,1,0.5864928
2012-04-19 00:00:00-04:00,1.0,1,0.6377323
2012-04-20 00:00:00-04:00,0.0,0,0.48143643
2012-04-23 00:00:00-04:00,0.0,0,0.48821583
2012-04-24 00:00:00-04:00,0.0,1,0.5338762
2012-04-25 00:00:00-04:00,0.0,0,0.49784297
2012-04-26 00:00:00-04:00,0.0,0,0.48163578
2012-04-27 00:00:00-04:00,0.0,0,0.48913857
2012-04-30 00:00:00-04:00,0.0,1,0.625373
2012-05-01 00:00:00-04:00,0.0,1,0.541808
2012-05-02 00:00:00-04:00,0.0,1,0.5473819
2012-05-03 00:00:00-04:00,0.0,1,0.5437148
2012-05-04 00:00:00-04:00,1.0,1,0.59126794
2012-05-07 00:00:00-04:00,1.0,1,0.5753194
2012-05-08 00:00:00-04:00,1.0,1,0.63552195
2012-05-09 00:00:00-04:00,1.0,1,0.6458205
2012-05-10 00:00:00-04:00,1.0,1,0.617308
2012-05-11 00:00:00-04:00,1.0,1,0.6619954
2012-05-14 00:00:00-04:00,1.0,1,0.6211835
2012-05-15 00:00:00-04:00,1.0,1,0.6455035
2012-05-16 00:00:00-04:00,1.0,1,0.6139537
2012-05-17 00:00:00-04:00,1.0,1,0.5834373
2012-05-18 00:00:00-04:00,1.0,1,0.6184143
2012-05-21 00:00:00-04:00,1.0,1,0.6576158
2012-05-22 00:00:00-04:00,1.0,1,0.57386696
2012-05-23 00:00:00-04:00,1.0,1,0.63703746
2012-05-24 00:00:00-04:00,1.0,1,0.5957327
2012-05-25 00:00:00-04:00,1.0,1,0.5841321
2012-05-29 00:00:00-04:00,1.0,1,0.6234541
2012-05-30 00:00:00-04:00,1.0,1,0.59616816
2012-05-31 00:00:00-04:00,1.0,0,0.40118682
2012-06-01 00:00:00-04:00,1.0,0,0.39902216
2012-06-04 00:00:00-04:00,1.0,0,0.34687823
2012-06-05 00:00:00-04:00,1.0,0,0.3397451
2012-06-06 00:00:00-04:00,1.0,0,0.3252209
2012-06-07 00:00:00-04:00,1.0,0,0.4286602
2012-06-08 00:00:00-04:00,1.0,0,0.3370437
2012-06-11 00:00:00-04:00,1.0,0,0.38065076
2012-06-12 00:00:00-04:00,1.0,0,0.40463814
2012-06-13 00:00:00-04:00,0.0,0,0.32517743
2012-06-14 00:00:00-04:00,0.0,0,0.28156725
2012-06-15 00:00:00-04:00,0.0,0,0.2586895
2012-06-18 00:00:00-04:00,0.0,0,0.24211353
2012-06-19 00:00:00-04:00,0.0,0,0.25658497
2012-06-20 00:00:00-04:00,0.0,0,0.2120042
2012-06-21 00:00:00-04:00,0.0,0,0.2531049
2012-06-22 00:00:00-04:00,0.0,0,0.27687484
2012-06-25 00:00:00-04:00,0.0,0,0.3461171
2012-06-26 00:00:00-04:00,0.0,0,0.3022724
2012-06-27 00:00:00-04:00,0.0,0,0.36547348
2012-06-28 00:00:00-04:00,0.0,0,0.29522893
2012-06-29 00:00:00-04:00,0.0,0,0.24619772
2012-07-02 00:00:00-04:00,0.0,0,0.27078694
2012-07-03 00:00:00-04:00,0.0,0,0.4141494
2012-07-05 00:00:00-04:00,0.0,0,0.18672478
2012-07-06 00:00:00-04:00,0.0,0,0.19317651
2012-07-09 00:00:00-04:00,0.0,0,0.17372929
2012-07-10 00:00:00-04:00,0.0,0,0.18184832
2012-07-11 00:00:00-04:00,0.0,0,0.21509205
2012-07-12 00:00:00-04:00,0.0,0,0.26432076
2012-07-13 00:00:00-04:00,0.0,0,0.2201358
2012-07-16 00:00:00-04:00,0.0,0,0.33588448
2012-07-17 00:00:00-04:00,0.0,0,0.27515018
2012-07-18 00:00:00-04:00,0.0,0,0.18649796
2012-07-19 00:00:00-04:00,0.0,0,0.18326642
2012-07-20 00:00:00-04:00,0.0,0,0.20600829
2012-07-23 00:00:00-04:00,0.0,0,0.20930313
2012-07-24 00:00:00-04:00,0.0,0,0.18083227
2012-07-25 00:00:00-04:00,0.0,0,0.20991397
2012-07-26 00:00:00-04:00,0.0,0,0.2013836
2012-07-27 00:00:00-04:00,0.0,0,0.18946342
2012-07-30 00:00:00-04:00,0.0,0,0.18066657
2012-07-31 00:00:00-04:00,0.0,0,0.19923408
2012-08-01 00:00:00-04:00,0.0,0,0.2406586
2012-08-02 00:00:00-04:00,0.0,0,0.25795433
2012-08-03 00:00:00-04:00,0.0,0,0.21567345
2012-08-06 00:00:00-04:00,0.0,0,0.21413676
2012-08-07 00:00:00-04:00,0.0,0,0.2313075
2012-08-08 00:00:00-04:00,0.0,0,0.28456032
2012-08-09 00:00:00-04:00,0.0,0,0.27480924
2012-08-10 00:00:00-04:00,0.0,0,0.2576188
2012-08-13 00:00:00-04:00,0.0,0,0.2962747
2012-08-14 00:00:00-04:00,0.0,0,0.17054164
2012-08-15 00:00:00-04:00,0.0,0,0.22995842
2012-08-16 00:00:00-04:00,0.0,0,0.16407044
2012-08-17 00:00:00-04:00,0.0,0,0.11598724
2012-08-20 00:00:00-04:00,0.0,0,0.2060699
2012-08-21 00:00:00-04:00,0.0,0,0.2114451
2012-08-22 00:00:00-04:00,0.0,0,0.17511182
2012-08-23 00:00:00-04:00,0.0,0,0.18001305
2012-08-24 00:00:00-04:00,0.0,0,0.2359581
2012-08-27 00:00:00-04:00,0.0,0,0.11934504
2012-08-28 00:00:00-04:00,0.0,0,0.21317019
2012-08-29 00:00:00-04:00,0.0,0,0.05714998
2012-08-30 00:00:00-04:00,0.0,0,0.08949452
2012-08-31 00:00:00-04:00,0.0,0,0.114088625
2012-09-04 00:00:00-04:00,0.0,0,0.12607582
2012-09-05 00:00:00-04:00,0.0,0,0.10096358
2012-09-06 00:00:00-04:00,0.0,0,0.12468793
2012-09-07 00:00:00-04:00,0.0,0,0.09549671
2012-09-10 00:00:00-04:00,0.0,0,0.09636229
2012-09-11 00:00:00-04:00,0.0,0,0.106501535
2012-09-12 00:00:00-04:00,0.0,0,0.121291675
2012-09-13 00:00:00-04:00,0.0,0,0.16039261
2012-09-14 00:00:00-04:00,0.0,0,0.12162319
2012-09-17 00:00:00-04:00,0.0,0,0.13149694
2012-09-18 00:00:00-04:00,0.0,0,0.118124604
2012-09-19 00:00:00-04:00,0.0,0,0.105966896
2012-09-20 00:00:00-04:00,0.0,0,0.13492185
2012-09-21 00:00:00-04:00,0.0,0,0.10948582
2012-09-24 00:00:00-04:00,0.0,0,0.10988528
2012-09-25 00:00:00-04:00,0.0,0,0.14024512
2012-09-26 00:00:00-04:00,0.0,0,0.14127758
2012-09-27 00:00:00-04:00,0.0,0,0.14076401
2012-09-28 00:00:00-04:00,0.0,0,0.18327348
2012-10-01 00:00:00-04:00,0.0,0,0.20824817
2012-10-02 00:00:00-04:00,0.0,0,0.16471404
2012-10-03 00:00:00-04:00,0.0,0,0.16092618
2012-10-04 00:00:00-04:00,0.0,0,0.15763558
2012-10-05 00:00:00-04:00,0.0,0,0.18941443
2012-10-08 00:00:00-04:00,0.0,0,0.15721619
2012-10-09 00:00:00-04:00,0.0,0,0.19070974
2012-10-10 00:00:00-04:00,0.0,0,0.18465088
2012-10-11 00:00:00-04:00,0.0,0,0.16123714
2012-10-12 00:00:00-04:00,0.0,0,0.18138123
2012-10-15 00:00:00-04:00,0.0,0,0.18191965
2012-10-16 00:00:00-04:00,0.0,0,0.18102294
2012-10-17 00:00:00-04:00,0.0,0,0.21374238
2012-10-18 00:00:00-04:00,0.0,0,0.23700075
2012-10-19 00:00:00-04:00,1.0,0,0.33497936
2012-10-22 00:00:00-04:00,1.0,0,0.30805945
2012-10-23 00:00:00-04:00,1.0,0,0.34379682
2012-10-24 00:00:00-04:00,1.0,0,0.28651413
2012-10-25 00:00:00-04:00,1.0,0,0.28030854
2012-10-26 00:00:00-04:00,1.0,0,0.3087515
2012-10-31 00:00:00-04:00,0.0,0,0.27478084
2012-11-01 00:00:00-04:00,0.0,0,0.29455927
2012-11-02 00:00:00-04:00,0.0,0,0.21610686
2012-11-05 00:00:00-05:00,0.0,0,0.17135729
2012-11-06 00:00:00-05:00,0.0,0,0.22012064
2012-11-07 00:00:00-05:00,0.0,0,0.29393867
2012-11-08 00:00:00-05:00,0.0,0,0.26945275
2012-11-09 00:00:00-05:00,0.0,0,0.22813715
2012-11-12 00:00:00-05:00,1.0,0,0.3096529
2012-11-13 00:00:00-05:00,1.0,0,0.35461468
2012-11-14 00:00:00-05:00,1.0,0,0.42340964
2012-11-15 00:00:00-05:00,1.0,0,0.38294354
2012-11-16 00:00:00-05:00,1.0,0,0.4316601
2012-11-19 00:00:00-05:00,1.0,0,0.409586
2012-11-20 00:00:00-05:00,1.0,0,0.37848678
2012-11-21 00:00:00-05:00,1.0,0,0.44408816
2012-11-23 00:00:00-05:00,1.0,0,0.39842185
2012-11-26 00:00:00-05:00,1.0,0,0.39303994
2012-11-27 00:00:00-05:00,1.0,0,0.40181342
2012-11-28 00:00:00-05:00,1.0,1,0.51818365
2012-11-29 00:00:00-05:00,1.0,0,0.4608765
2012-11-30 00:00:00-05:00,1.0,1,0.76183176
2012-12-03 00:00:00-05:00,1.0,1,0.72825646
2012-12-04 00:00:00-05:00,1.0,1,0.73865926
2012-12-05 00:00:00-05:00,1.0,1,0.7701699
2012-12-06 00:00:00-05:00,1.0,1,0.6774335
2012-12-07 00:00:00-05:00,1.0,1,0.8100122
2012-12-10 00:00:00-05:00,1.0,1,0.83573115
2012-12-11 00:00:00-05:00,1.0,1,0.79978776
2012-12-12 00:00:00-05:00,1.0,1,0.87407523
2012-12-13 00:00:00-05:00,1.0,1,0.88606274
2012-12-14 00:00:00-05:00,1.0,1,0.8674461
2012-12-17 00:00:00-05:00,1.0,1,0.8747742
2012-12-18 00:00:00-05:00,1.0,1,0.8561819
2012-12-19 00:00:00-05:00,1.0,1,0.86871064
2012-12-20 00:00:00-05:00,1.0,1,0.85723925
2012-12-21 00:00:00-05:00,1.0,1,0.82734346
2012-12-24 00:00:00-05:00,1.0,1,0.8031119
2012-12-26 00:00:00-05:00,1.0,1,0.8159689
2012-12-27 00:00:00-05:00,1.0,1,0.8638207
2012-12-28 00:00:00-05:00,1.0,1,0.7750617
2012-12-31 00:00:00-05:00,1.0,1,0.8651615
2013-01-02 00:00:00-05:00,1.0,1,0.8696176
2013-01-03 00:00:00-05:00,1.0,1,0.87038064
2013-01-04 00:00:00-05:00,1.0,1,0.9131131
2013-01-07 00:00:00-05:00,1.0,1,0.8168324
2013-01-08 00:00:00-05:00,1.0,1,0.8628956
2013-01-09 00:00:00-05:00,1.0,1,0.8466951
2013-01-10 00:00:00-05:00,1.0,1,0.92416537
2013-01-11 00:00:00-05:00,1.0,1,0.9101722
2013-01-14 00:00:00-05:00,1.0,1,0.8490901
2013-01-15 00:00:00-05:00,1.0,1,0.8673079
2013-01-16 00:00:00-05:00,1.0,1,0.8165949
2013-01-17 00:00:00-05:00,1.0,1,0.85673624
2013-01-18 00:00:00-05:00,1.0,1,0.82259315
2013-01-22 00:00:00-05:00,1.0,1,0.8682005
2013-01-23 00:00:00-05:00,1.0,1,0.84657913
2013-01-24 00:00:00-05:00,1.0,1,0.8456433
2013-01-25 00:00:00-05:00,1.0,1,0.8759254
2013-01-28 00:00:00-05:00,1.0,1,0.83856934
2013-01-29 00:00:00-05:00,1.0,1,0.8415941
2013-01-30 00:00:00-05:00,1.0,1,0.8203097
2013-01-31 00:00:00-05:00,1.0,1,0.8795273
2013-02-01 00:00:00-05:00,1.0,1,0.84294844
2013-02-04 00:00:00-05:00,1.0,1,0.88565564
2013-02-05 00:00:00-05:00,1.0,1,0.76951486
2013-02-06 00:00:00-05:00,1.0,1,0.79551494
2013-02-07 00:00:00-05:00,1.0,1,0.7869802
2013-02-08 00:00:00-05:00,1.0,1,0.7764929
2013-02-11 00:00:00-05:00,1.0,1,0.7489617
2013-02-12 00:00:00-05:00,1.0,1,0.7635457
2013-02-13 00:00:00-05:00,1.0,1,0.77860606
2013-02-14 00:00:00-05:00,1.0,1,0.7035748
2013-02-15 00:00:00-05:00,1.0,1,0.7901664
2013-02-19 00:00:00-05:00,1.0,1,0.758617
2013-02-20 00:00:00-05:00,1.0,1,0.7897806
2013-02-21 00:00:00-05:00,1.0,1,0.8537308
2013-02-22 00:00:00-05:00,1.0,1,0.68859756
2013-02-25 00:00:00-05:00,1.0,1,0.8910593
2013-02-26 00:00:00-05:00,1.0,1,0.80400133
2013-02-27 00:00:00-05:00,1.0,1,0.8336667
2013-02-28 00:00:00-05:00,1.0,1,0.75383306
2013-03-01 00:00:00-05:00,1.0,1,0.76791334
2013-03-04 00:00:00-05:00,1.0,1,0.77915204
2013-03-05 00:00:00-05:00,1.0,1,0.8654701
2013-03-06 00:00:00-05:00,1.0,1,0.8739952
2013-03-07 00:00:00-05:00,1.0,1,0.8482353
2013-03-08 00:00:00-05:00,1.0,1,0.8868828
2013-03-11 00:00:00-04:00,1.0,1,0.876746
2013-03-12 00:00:00-04:00,1.0,1,0.6742281
2013-03-13 00:00:00-04:00,1.0,1,0.66283834
2013-03-14 00:00:00-04:00,1.0,1,0.65408534
2013-03-15 00:00:00-04:00,1.0,1,0.7327359
2013-03-18 00:00:00-04:00,1.0,1,0.6631353
2013-03-19 00:00:00-04:00,1.0,1,0.6085906
2013-03-20 00:00:00-04:00,1.0,1,0.65673363
2013-03-21 00:00:00-04:00,1.0,1,0.6930725
2013-03-22 00:00:00-04:00,1.0,1,0.6133844
2013-03-25 00:00:00-04:00,1.0,1,0.6699687
2013-03-26 00:00:00-04:00,1.0,1,0.63140094
2013-03-27 00:00:00-04:00,1.0,1,0.6872301
2013-03-28 00:00:00-04:00,1.0,1,0.6192315
2013-04-01 00:00:00-04:00,1.0,1,0.6012983
2013-04-02 00:00:00-04:00,1.0,1,0.66577494
2013-04-03 00:00:00-04:00,1.0,1,0.7475934
2013-04-04 00:00:00-04:00,1.0,1,0.69356084
2013-04-05 00:00:00-04:00,1.0,1,0.7256154
2013-04-08 00:00:00-04:00,1.0,1,0.68172216
2013-04-09 00:00:00-04:00,1.0,1,0.69923115
2013-04-10 00:00:00-04:00,1.0,1,0.6201534
2013-04-11 00:00:00-04:00,1.0,1,0.6555783
2013-04-12 00:00:00-04:00,1.0,1,0.64156055
2013-04-15 00:00:00-04:00,1.0,1,0.6596556
2013-04-16 00:00:00-04:00,1.0,1,0.66514146
2013-04-17 00:00:00-04:00,1.0,1,0.80121976
2013-04-18 00:00:00-04:00,1.0,1,0.7949856
2013-04-19 00:00:00-04:00,1.0,1,0.7375908
2013-04-22 00:00:00-04:00,1.0,1,0.6619954
2013-04-23 00:00:00-04:00,1.0,1,0.6453359
2013-04-24 00:00:00-04:00,1.0,1,0.63851154
2013-04-25 00:00:00-04:00,1.0,1,0.55795586
2013-04-26 00:00:00-04:00,0.0,0,0.32935405
2013-04-29 00:00:00-04:00,0.0,0,0.35788065
2013-04-30 00:00:00-04:00,0.0,0,0.35740432
2013-05-01 00:00:00-04:00,0.0,0,0.2956487
2013-05-02 00:00:00-04:00,0.0,0,0.37329993
2013-05-03 00:00:00-04:00,0.0,0,0.31863996
2013-05-06 00:00:00-04:00,0.0,0,0.3538713
2013-05-07 00:00:00-04:00,1.0,0,0.39439496
2013-05-08 00:00:00-04:00,1.0,0,0.34955063
2013-05-09 00:00:00-04:00,1.0,0,0.3805086
2013-05-10 00:00:00-04:00,1.0,0,0.3966088
2013-05-13 00:00:00-04:00,1.0,0,0.41896987
2013-05-14 00:00:00-04:00,0.0,0,0.33539715
2013-05-15 00:00:00-04:00,0.0,0,0.28809786
2013-05-16 00:00:00-04:00,0.0,0,0.27174315
2013-05-17 00:00:00-04:00,0.0,0,0.25780442
2013-05-20 00:00:00-04:00,0.0,0,0.21399942
2013-05-21 00:00:00-04:00,0.0,0,0.26417065
2013-05-22 00:00:00-04:00,0.0,0,0.28613594
2013-05-23 00:00:00-04:00,0.0,0,0.32369417
2013-05-24 00:00:00-04:00,0.0,0,0.27436882
2013-05-28 00:00:00-04:00,0.0,0,0.31643
2013-05-29 00:00:00-04:00,0.0,0,0.2667266
2013-05-30 00:00:00-04:00,0.0,0,0.24166235
2013-05-31 00:00:00-04:00,0.0,0,0.22970892
2013-06-03 00:00:00-04:00,0.0,0,0.23648451
2013-06-04 00:00:00-04:00,0.0,1,0.5210292
2013-06-05 00:00:00-04:00,0.0,0,0.45144507
2013-06-06 00:00:00-04:00,0.0,0,0.4988542
2013-06-07 00:00:00-04:00,0.0,0,0.45776743
2013-06-10 00:00:00-04:00,0.0,0,0.40587696
2013-06-11 00:00:00-04:00,1.0,1,0.51241684
2013-06-12 00:00:00-04:00,1.0,0,0.47160888
2013-06-13 00:00:00-04:00,1.0,0,0.50567937
2013-06-14 00:00:00-04:00,1.0,1,0.51272863
2013-06-17 00:00:00-04:00,0.0,0,0.4012872
2013-06-18 00:00:00-04:00,0.0,0,0.3355031
2013-06-19 00:00:00-04:00,1.0,0,0.5015278
2013-06-20 00:00:00-04:00,1.0,1,0.76890594
2013-06-21 00:00:00-04:00,1.0,1,0.71910703
2013-06-24 00:00:00-04:00,1.0,1,0.78658915
2013-06-25 00:00:00-04:00,1.0,1,0.7571909
2013-06-26 00:00:00-04:00,1.0,1,0.6050265
2013-06-27 00:00:00-04:00,1.0,0,0.4619798
2013-06-28 00:00:00-04:00,1.0,1,0.57900596
2013-07-01 00:00:00-04:00,1.0,1,0.5791272
2013-07-02 00:00:00-04:00,1.0,1,0.70267093
2013-07-03 00:00:00-04:00,1.0,1,0.8606554
2013-07-05 00:00:00-04:00,1.0,1,0.6713252
2013-07-08 00:00:00-04:00,1.0,1,0.516446
2013-07-09 00:00:00-04:00,1.0,1,0.60207254
2013-07-10 00:00:00-04:00,1.0,1,0.5154611
2013-07-11 00:00:00-04:00,1.0,1,0.62938166
2013-07-12 00:00:00-04:00,1.0,0,0.44966292
2013-07-15 00:00:00-04:00,1.0,0,0.48143566
2013-07-16 00:00:00-04:00,1.0,0,0.4574799
2013-07-17 00:00:00-04:00,1.0,1,0.6455929
2013-07-18 00:00:00-04:00,1.0,1,0.5824643
2013-07-19 00:00:00-04:00,1.0,1,0.9216714
2013-07-22 00:00:00-04:00,1.0,1,0.65953064
2013-07-23 00:00:00-04:00,1.0,1,0.6175262
2013-07-24 00:00:00-04:00,1.0,1,0.58450127
2013-07-25 00:00:00-04:00,1.0,1,0.6558188
2013-07-26 00:00:00-04:00,1.0,1,0.6048416
2013-07-29 00:00:00-04:00,1.0,0,0.4971947
2013-07-30 00:00:00-04:00,1.0,1,0.6647178
2013-07-31 00:00:00-04:00,1.0,1,0.5881505
2013-08-01 00:00:00-04:00,1.0,1,0.63980603
2013-08-02 00:00:00-04:00,1.0,1,0.5305611
2013-08-05 00:00:00-04:00,1.0,1,0.5104557
2013-08-06 00:00:00-04:00,1.0,1,0.5477857
2013-08-07 00:00:00-04:00,1.0,1,0.7352062
2013-08-08 00:00:00-04:00,1.0,1,0.7589707
2013-08-09 00:00:00-04:00,1.0,1,0.6115109
2013-08-12 00:00:00-04:00,1.0,1,0.6752057
2013-08-13 00:00:00-04:00,1.0,1,0.5628349
2013-08-14 00:00:00-04:00,1.0,1,0.7935506
2013-08-15 00:00:00-04:00,1.0,1,0.75517905
2013-08-16 00:00:00-04:00,1.0,0,0.4840353
2013-08-19 00:00:00-04:00,1.0,1,0.7069697
2013-08-20 00:00:00-04:00,1.0,1,0.7532949
2013-08-21 00:00:00-04:00,1.0,1,0.61252177
2013-08-22 00:00:00-04:00,1.0,0,0.49285316
2013-08-23 00:00:00-04:00,1.0,1,0.8105823
2013-08-26 00:00:00-04:00,1.0,1,0.64189786
2013-08-27 00:00:00-04:00,1.0,1,0.754878
2013-08-28 00:00:00-04:00,1.0,1,0.6376983
2013-08-29 00:00:00-04:00,1.0,1,0.67811775
2013-08-30 00:00:00-04:00,1.0,1,0.53923845
2013-09-03 00:00:00-04:00,1.0,1,0.78458536
2013-09-04 00:00:00-04:00,1.0,1,0.7863972
2013-09-05 00:00:00-04:00,1.0,1,0.8783135
2013-09-06 00:00:00-04:00,1.0,1,0.8655565
2013-09-09 00:00:00-04:00,1.0,1,0.8600952
2013-09-10 00:00:00-04:00,1.0,1,0.8492817
2013-09-11 00:00:00-04:00,1.0,1,0.8006731
2013-09-12 00:00:00-04:00,1.0,1,0.67444605
2013-09-13 00:00:00-04:00,1.0,1,0.8097808
2013-09-16 00:00:00-04:00,1.0,1,0.87277067
2013-09-17 00:00:00-04:00,1.0,1,0.8268983
2013-09-18 00:00:00-04:00,1.0,1,0.8093552
2013-09-19 00:00:00-04:00,1.0,1,0.7927889
2013-09-20 00:00:00-04:00,1.0,1,0.8569152
2013-09-23 00:00:00-04:00,1.0,1,0.8260968
2013-09-24 00:00:00-04:00,1.0,1,0.8680565
2013-09-25 00:00:00-04:00,1.0,1,0.7683231
2013-09-26 00:00:00-04:00,1.0,1,0.7400513
2013-09-27 00:00:00-04:00,1.0,1,0.83840466
2013-09-30 00:00:00-04:00,1.0,1,0.80020684
2013-10-01 00:00:00-04:00,1.0,1,0.71972
2013-10-02 00:00:00-04:00,1.0,1,0.8226764
2013-10-03 00:00:00-04:00,1.0,1,0.77799076
2013-10-04 00:00:00-04:00,1.0,1,0.72436947
2013-10-07 00:00:00-04:00,1.0,1,0.7754338
2013-10-08 00:00:00-04:00,1.0,1,0.8362396
2013-10-09 00:00:00-04:00,1.0,1,0.7687577
2013-10-10 00:00:00-04:00,1.0,1,0.8352539
2013-10-11 00:00:00-04:00,1.0,1,0.73518276
2013-10-14 00:00:00-04:00,1.0,1,0.78735423
2013-10-15 00:00:00-04:00,1.0,1,0.8175673
2013-10-16 00:00:00-04:00,1.0,1,0.7068321
2013-10-17 00:00:00-04:00,1.0,1,0.7291886
2013-10-18 00:00:00-04:00,1.0,1,0.8096206
2013-10-21 00:00:00-04:00,1.0,1,0.6990977
2013-10-22 00:00:00-04:00,1.0,1,0.8057039
2013-10-23 00:00:00-04:00,1.0,1,0.8731642
2013-10-24 00:00:00-04:00,1.0,1,0.83485234
2013-10-25 00:00:00-04:00,1.0,1,0.7455741
2013-10-28 00:00:00-04:00,1.0,1,0.6932378
2013-10-29 00:00:00-04:00,1.0,1,0.6693543
2013-10-30 00:00:00-04:00,1.0,1,0.71462756
2013-10-31 00:00:00-04:00,1.0,1,0.748568
2013-11-01 00:00:00-04:00,1.0,1,0.6737191
2013-11-04 00:00:00-05:00,1.0,1,0.6593307
2013-11-05 00:00:00-05:00,1.0,1,0.82401097
2013-11-06 00:00:00-05:00,1.0,1,0.67712677
2013-11-07 00:00:00-05:00,1.0,1,0.80374783
2013-11-08 00:00:00-05:00,1.0,1,0.6642957
2013-11-11 00:00:00-05:00,1.0,1,0.73190665
2013-11-12 00:00:00-05:00,1.0,1,0.68913656
2013-11-13 00:00:00-05:00,1.0,1,0.75433666
2013-11-14 00:00:00-05:00,1.0,1,0.68280935
2013-11-15 00:00:00-05:00,1.0,1,0.7510872
2013-11-18 00:00:00-05:00,1.0,1,0.8143966
2013-11-19 00:00:00-05:00,1.0,1,0.8141419
2013-11-20 00:00:00-05:00,1.0,1,0.73929644
2013-11-21 00:00:00-05:00,1.0,1,0.6776167
2013-11-22 00:00:00-05:00,1.0,1,0.6417304
2013-11-25 00:00:00-05:00,1.0,1,0.6108502
2013-11-26 00:00:00-05:00,1.0,1,0.6380831
2013-11-27 00:00:00-05:00,1.0,1,0.6688521
2013-11-29 00:00:00-05:00,1.0,1,0.5929824
2013-12-02 00:00:00-05:00,1.0,1,0.65216935
2013-12-03 00:00:00-05:00,1.0,1,0.67601025
2013-12-04 00:00:00-05:00,1.0,1,0.69304836
2013-12-05 00:00:00-05:00,1.0,1,0.667627
2013-12-06 00:00:00-05:00,1.0,1,0.68614155
2013-12-09 00:00:00-05:00,1.0,1,0.7299231
2013-12-10 00:00:00-05:00,1.0,1,0.74744713
2013-12-11 00:00:00-05:00,1.0,1,0.7427349
2013-12-12 00:00:00-05:00,1.0,1,0.71658826
2013-12-13 00:00:00-05:00,1.0,1,0.75635064
2013-12-16 00:00:00-05:00,1.0,1,0.7497723
2013-12-17 00:00:00-05:00,1.0,1,0.77846944
2013-12-18 00:00:00-05:00,1.0,1,0.77253896
2013-12-19 00:00:00-05:00,1.0,1,0.7229029
2013-12-20 00:00:00-05:00,1.0,1,0.7688652
2013-12-23 00:00:00-05:00,1.0,1,0.8378015
2013-12-24 00:00:00-05:00,1.0,1,0.8839678
2013-12-26 00:00:00-05:00,1.0,1,0.85112953
2013-12-27 00:00:00-05:00,1.0,1,0.87646663
2013-12-30 00:00:00-05:00,1.0,1,0.8731965
2013-12-31 00:00:00-05:00,1.0,1,0.86492306
2014-01-02 00:00:00-05:00,1.0,1,0.75712353
2014-01-03 00:00:00-05:00,1.0,1,0.7619654
2014-01-06 00:00:00-05:00,1.0,1,0.77495503
2014-01-07 00:00:00-05:00,1.0,1,0.68557024
2014-01-08 00:00:00-05:00,1.0,1,0.7753678
2014-01-09 00:00:00-05:00,1.0,1,0.7206297
2014-01-10 00:00:00-05:00,1.0,1,0.71318114
2014-01-13 00:00:00-05:00,1.0,1,0.8186716
2014-01-14 00:00:00-05:00,1.0,1,0.75783974
2014-01-15 00:00:00-05:00,1.0,1,0.7559763
2014-01-16 00:00:00-05:00,1.0,1,0.70429206
2014-01-17 00:00:00-05:00,1.0,1,0.7675043
2014-01-21 00:00:00-05:00,1.0,1,0.7884348
2014-01-22 00:00:00-05:00,1.0,1,0.8757761
2014-01-23 00:00:00-05:00,1.0,1,0.738119
2014-01-24 00:00:00-05:00,1.0,1,0.7828353
2014-01-27 00:00:00-05:00,1.0,1,0.79892325
2014-01-28 00:00:00-05:00,1.0,1,0.7111721
2014-01-29 00:00:00-05:00,1.0,1,0.77610815
2014-01-30 00:00:00-05:00,1.0,1,0.7108487
2014-01-31 00:00:00-05:00,1.0,1,0.7402162
2014-02-03 00:00:00-05:00,1.0,1,0.76375085
2014-02-04 00:00:00-05:00,1.0,1,0.8037623
2014-02-05 00:00:00-05:00,1.0,1,0.78715
2014-02-06 00:00:00-05:00,1.0,1,0.71452415
2014-02-07 00:00:00-05:00,1.0,1,0.7230165
2014-02-10 00:00:00-05:00,1.0,1,0.82033324
2014-02-11 00:00:00-05:00,1.0,1,0.73532283
2014-02-12 00:00:00-05:00,1.0,1,0.81667084
2014-02-13 00:00:00-05:00,1.0,1,0.7052554
2014-02-14 00:00:00-05:00,1.0,1,0.7517341
2014-02-18 00:00:00-05:00,1.0,1,0.7283766
2014-02-19 00:00:00-05:00,1.0,1,0.78482926
2014-02-20 00:00:00-05:00,1.0,1,0.8086591
2014-02-21 00:00:00-05:00,1.0,1,0.7035577
2014-02-24 00:00:00-05:00,1.0,1,0.7441539
2014-02-25 00:00:00-05:00,1.0,1,0.764847
2014-02-26 00:00:00-05:00,1.0,1,0.7008841
2014-02-27 00:00:00-05:00,1.0,1,0.71886325
2014-02-28 00:00:00-05:00,1.0,1,0.70226955
2014-03-03 00:00:00-05:00,1.0,1,0.79052347
2014-03-04 00:00:00-05:00,1.0,1,0.8158118
2014-03-05 00:00:00-05:00,1.0,0,0.319936
2014-03-06 00:00:00-05:00,1.0,0,0.37094912
2014-03-07 00:00:00-05:00,1.0,1,0.51459426
2014-03-10 00:00:00-04:00,1.0,1,0.6229783
2014-03-11 00:00:00-04:00,1.0,1,0.55278945
2014-03-12 00:00:00-04:00,1.0,0,0.44942534
2014-03-13 00:00:00-04:00,1.0,1,0.53842604
2014-03-14 00:00:00-04:00,1.0,1,0.5768909
2014-03-17 00:00:00-04:00,1.0,1,0.5907403
2014-03-18 00:00:00-04:00,1.0,0,0.42879257
2014-03-19 00:00:00-04:00,1.0,0,0.3581357
2014-03-20 00:00:00-04:00,1.0,0,0.37556288
2014-03-21 00:00:00-04:00,1.0,0,0.38892165
2014-03-24 00:00:00-04:00,1.0,0,0.2929757
2014-03-25 00:00:00-04:00,1.0,0,0.29611441
2014-03-26 00:00:00-04:00,1.0,0,0.34491783
2014-03-27 00:00:00-04:00,1.0,0,0.33108386
2014-03-28 00:00:00-04:00,1.0,0,0.29390073
2014-03-31 00:00:00-04:00,1.0,0,0.29178637
2014-04-01 00:00:00-04:00,1.0,0,0.2558682
2014-04-02 00:00:00-04:00,1.0,0,0.25191274
2014-04-03 00:00:00-04:00,1.0,0,0.26837975
2014-04-04 00:00:00-04:00,1.0,0,0.3076974
2014-04-07 00:00:00-04:00,1.0,0,0.36067763
2014-04-08 00:00:00-04:00,1.0,0,0.36573905
2014-04-09 00:00:00-04:00,1.0,0,0.3343236
2014-04-10 00:00:00-04:00,1.0,0,0.4909087
2014-04-11 00:00:00-04:00,1.0,0,0.44330093
2014-04-14 00:00:00-04:00,1.0,0,0.44831234
2014-04-15 00:00:00-04:00,1.0,0,0.4088616
2014-04-16 00:00:00-04:00,1.0,0,0.34261903
2014-04-17 00:00:00-04:00,1.0,0,0.3841146
2014-04-21 00:00:00-04:00,1.0,0,0.4613845
2014-04-22 00:00:00-04:00,1.0,0,0.47216412
2014-04-23 00:00:00-04:00,1.0,0,0.50579166
2014-04-24 00:00:00-04:00,1.0,0,0.38705784
2014-04-25 00:00:00-04:00,1.0,0,0.44093892
2014-04-28 00:00:00-04:00,1.0,0,0.39508244
2014-04-29 00:00:00-04:00,1.0,0,0.4116496
2014-04-30 00:00:00-04:00,1.0,1,0.5381458
2014-05-01 00:00:00-04:00,1.0,1,0.58426404
2014-05-02 00:00:00-04:00,1.0,1,0.57256085
2014-05-05 00:00:00-04:00,1.0,1,0.6949954
2014-05-06 00:00:00-04:00,1.0,1,0.6509169
2014-05-07 00:00:00-04:00,1.0,1,0.54712516
2014-05-08 00:00:00-04:00,1.0,1,0.57098645
2014-05-09 00:00:00-04:00,1.0,1,0.5666746
2014-05-12 00:00:00-04:00,1.0,1,0.62390286
2014-05-13 00:00:00-04:00,1.0,1,0.57358205
2014-05-14 00:00:00-04:00,1.0,1,0.6571374
2014-05-15 00:00:00-04:00,1.0,1,0.5790423
2014-05-16 00:00:00-04:00,1.0,1,0.5407039
2014-05-19 00:00:00-04:00,1.0,1,0.55482316
2014-05-20 00:00:00-04:00,1.0,1,0.6249682
2014-05-21 00:00:00-04:00,1.0,1,0.53795457
2014-05-22 00:00:00-04:00,1.0,1,0.6032915
2014-05-23 00:00:00-04:00,1.0,1,0.583707
2014-05-27 00:00:00-04:00,1.0,0,0.48101464
2014-05-28 00:00:00-04:00,1.0,1,0.5540894
2014-05-29 00:00:00-04:00,1.0,1,0.5349618
2014-05-30 00:00:00-04:00,1.0,0,0.3409098
2014-06-02 00:00:00-04:00,1.0,1,0.6051272
2014-06-03 00:00:00-04:00,1.0,1,0.56949747
2014-06-04 00:00:00-04:00,1.0,1,0.5105959
2014-06-05 00:00:00-04:00,1.0,0,0.23870641
2014-06-06 00:00:00-04:00,1.0,0,0.32026476
2014-06-09 00:00:00-04:00,1.0,0,0.23103549
2014-06-10 00:00:00-04:00,1.0,0,0.21066232
2014-06-11 00:00:00-04:00,1.0,0,0.4172204
2014-06-12 00:00:00-04:00,1.0,0,0.36057302
2014-06-13 00:00:00-04:00,1.0,0,0.43209302
2014-06-16 00:00:00-04:00,1.0,0,0.37501505
2014-06-17 00:00:00-04:00,1.0,1,0.56286764
2014-06-18 00:00:00-04:00,1.0,0,0.49983802
2014-06-19 00:00:00-04:00,1.0,1,0.6918328
2014-06-20 00:00:00-04:00,1.0,0,0.31239516
2014-06-23 00:00:00-04:00,1.0,1,0.6959253
2014-06-24 00:00:00-04:00,1.0,0,0.5083758
2014-06-25 00:00:00-04:00,1.0,1,0.74438465
2014-06-26 00:00:00-04:00,1.0,1,0.74513364
2014-06-27 00:00:00-04:00,1.0,0,0.45720005
2014-06-30 00:00:00-04:00,1.0,1,0.5169908
2014-07-01 00:00:00-04:00,1.0,1,0.68842506
2014-07-02 00:00:00-04:00,1.0,1,0.8600192
2014-07-03 00:00:00-04:00,1.0,1,0.8897802
2014-07-07 00:00:00-04:00,1.0,1,0.8502203
2014-07-08 00:00:00-04:00,1.0,1,0.59041154
2014-07-09 00:00:00-04:00,1.0,1,0.90533924
2014-07-10 00:00:00-04:00,1.0,1,0.91150486
2014-07-11 00:00:00-04:00,1.0,1,0.8186233
2014-07-14 00:00:00-04:00,1.0,1,0.84937125
2014-07-15 00:00:00-04:00,1.0,1,0.607563
2014-07-16 00:00:00-04:00,1.0,0,0.43043828
2014-07-17 00:00:00-04:00,1.0,0,0.3857018
2014-07-18 00:00:00-04:00,1.0,0,0.23485631
2014-07-21 00:00:00-04:00,1.0,0,0.23841901
2014-07-22 00:00:00-04:00,1.0,0,0.24449316
2014-07-23 00:00:00-04:00,1.0,0,0.21699195
2014-07-24 00:00:00-04:00,1.0,0,0.47925282
2014-07-25 00:00:00-04:00,1.0,1,0.5465367
2014-07-28 00:00:00-04:00,1.0,1,0.52025485
2014-07-29 00:00:00-04:00,1.0,1,0.62305975
2014-07-30 00:00:00-04:00,1.0,1,0.5348969
2014-07-31 00:00:00-04:00,1.0,0,0.5099319
2014-08-01 00:00:00-04:00,1.0,1,0.5729718
2014-08-04 00:00:00-04:00,1.0,0,0.36871412
2014-08-05 00:00:00-04:00,1.0,1,0.65536344
2014-08-06 00:00:00-04:00,1.0,1,0.72113574
2014-08-07 00:00:00-04:00,1.0,1,0.54399455
2014-08-08 00:00:00-04:00,1.0,0,0.495251
2014-08-11 00:00:00-04:00,1.0,1,0.55754197
2014-08-12 00:00:00-04:00,1.0,1,0.7182114
2014-08-13 00:00:00-04:00,1.0,1,0.64223444
2014-08-14 00:00:00-04:00,1.0,1,0.7095653
2014-08-15 00:00:00-04:00,1.0,0,0.2792839
2014-08-18 00:00:00-04:00,1.0,0,0.5053568
2014-08-19 00:00:00-04:00,1.0,0,0.43625185
2014-08-20 00:00:00-04:00,1.0,0,0.43661112
2014-08-21 00:00:00-04:00,1.0,0,0.42358142
2014-08-22 00:00:00-04:00,1.0,0,0.39388868
2014-08-25 00:00:00-04:00,1.0,0,0.3990069
2014-08-26 00:00:00-04:00,1.0,0,0.30927384
2014-08-27 00:00:00-04:00,1.0,0,0.39653146
2014-08-28 00:00:00-04:00,1.0,0,0.38587305
2014-08-29 00:00:00-04:00,1.0,0,0.46722373
2014-09-02 00:00:00-04:00,1.0,0,0.4951344
2014-09-03 00:00:00-04:00,1.0,0,0.40521938
2014-09-04 00:00:00-04:00,1.0,0,0.47082877
2014-09-05 00:00:00-04:00,1.0,0,0.32841963
2014-09-08 00:00:00-04:00,0.0,0,0.26187485
2014-09-09 00:00:00-04:00,0.0,0,0.29892698
2014-09-10 00:00:00-04:00,0.0,0,0.41556942
2014-09-11 00:00:00-04:00,0.0,0,0.36416274
2014-09-12 00:00:00-04:00,1.0,0,0.3353301
2014-09-15 00:00:00-04:00,1.0,0,0.36086276
2014-09-16 00:00:00-04:00,1.0,0,0.42512393
2014-09-17 00:00:00-04:00,0.0,0,0.22368278
2014-09-18 00:00:00-04:00,0.0,0,0.21582116
2014-09-19 00:00:00-04:00,0.0,0,0.17904131
2014-09-22 00:00:00-04:00,0.0,0,0.16782339
2014-09-23 00:00:00-04:00,0.0,0,0.25679237
2014-09-24 00:00:00-04:00,0.0,0,0.19467935
2014-09-25 00:00:00-04:00,0.0,0,0.2366549
2014-09-26 00:00:00-04:00,0.0,0,0.2010691
2014-09-29 00:00:00-04:00,0.0,0,0.1836164
2014-09-30 00:00:00-04:00,0.0,0,0.26473942
2014-10-01 00:00:00-04:00,0.0,0,0.22068112
2014-10-02 00:00:00-04:00,0.0,0,0.2315617
2014-10-03 00:00:00-04:00,0.0,0,0.28548586
2014-10-06 00:00:00-04:00,0.0,0,0.23777772
2014-10-07 00:00:00-04:00,0.0,0,0.33938456
2014-10-08 00:00:00-04:00,0.0,0,0.16895562
2014-10-09 00:00:00-04:00,0.0,0,0.27939856
2014-10-10 00:00:00-04:00,1.0,0,0.12498529
2014-10-13 00:00:00-04:00,1.0,0,0.34124795
2014-10-14 00:00:00-04:00,1.0,0,0.34311867
2014-10-15 00:00:00-04:00,1.0,0,0.27102184
2014-10-16 00:00:00-04:00,1.0,0,0.33920512
2014-10-17 00:00:00-04:00,1.0,0,0.29058874
2014-10-20 00:00:00-04:00,1.0,0,0.32673684
2014-10-21 00:00:00-04:00,0.0,0,0.30306152
2014-10-22 00:00:00-04:00,0.0,0,0.37779272
2014-10-23 00:00:00-04:00,0.0,0,0.22557014
2014-10-24 00:00:00-04:00,0.0,0,0.099152215
2014-10-27 00:00:00-04:00,0.0,0,0.37712
2014-10-28 00:00:00-04:00,0.0,0,0.33996192
2014-10-29 00:00:00-04:00,0.0,0,0.33542547
2014-10-30 00:00:00-04:00,0.0,0,0.4134709
2014-10-31 00:00:00-04:00,0.0,0,0.27740654
2014-11-03 00:00:00-05:00,0.0,0,0.16515236
2014-11-04 00:00:00-05:00,0.0,0,0.15495932
2014-11-05 00:00:00-05:00,0.0,0,0.16369839
2014-11-06 00:00:00-05:00,0.0,0,0.2051498
2014-11-07 00:00:00-05:00,0.0,0,0.26520202
2014-11-10 00:00:00-05:00,0.0,0,0.21678679
2014-11-11 00:00:00-05:00,0.0,0,0.1619914
2014-11-12 00:00:00-05:00,0.0,0,0.12738548
2014-11-13 00:00:00-05:00,0.0,0,0.110404424
2014-11-14 00:00:00-05:00,0.0,0,0.22930954
2014-11-17 00:00:00-05:00,0.0,0,0.25190762
2014-11-18 00:00:00-05:00,0.0,0,0.11772274
2014-11-19 00:00:00-05:00,0.0,0,0.1888482
2014-11-20 00:00:00-05:00,0.0,0,0.054714065
2014-11-21 00:00:00-05:00,0.0,0,0.08227953
2014-11-24 00:00:00-05:00,0.0,0,0.25928488
2014-11-25 00:00:00-05:00,0.0,0,0.26583254
2014-11-26 00:00:00-05:00,0.0,0,0.20551264
2014-11-28 00:00:00-05:00,0.0,0,0.10305871
2014-12-01 00:00:00-05:00,0.0,0,0.15951312
2014-12-02 00:00:00-05:00,0.0,0,0.053280625
2014-12-03 00:00:00-05:00,0.0,0,0.06315501
2014-12-04 00:00:00-05:00,0.0,0,0.074650824
2014-12-05 00:00:00-05:00,0.0,0,0.06206933
2014-12-08 00:00:00-05:00,0.0,0,0.1075285
2014-12-09 00:00:00-05:00,0.0,0,0.08508335
2014-12-10 00:00:00-05:00,0.0,0,0.1485329
2014-12-11 00:00:00-05:00,0.0,0,0.13660276
2014-12-12 00:00:00-05:00,1.0,0,0.49403816
2014-12-15 00:00:00-05:00,1.0,1,0.66152793
2014-12-16 00:00:00-05:00,1.0,1,0.8470527
2014-12-17 00:00:00-05:00,1.0,1,0.7274653
2014-12-18 00:00:00-05:00,1.0,0,0.46969357
2014-12-19 00:00:00-05:00,1.0,0,0.47604093
2014-12-22 00:00:00-05:00,1.0,0,0.49198347
2014-12-23 00:00:00-05:00,0.0,0,0.47949418
2014-12-24 00:00:00-05:00,0.0,1,0.6257682
2014-12-26 00:00:00-05:00,0.0,1,0.6686028
2014-12-29 00:00:00-05:00,1.0,1,0.73434293
2014-12-30 00:00:00-05:00,1.0,1,0.744185
2014-12-31 00:00:00-05:00,1.0,1,0.76802623
2015-01-02 00:00:00-05:00,1.0,1,0.58563566
2015-01-05 00:00:00-05:00,1.0,1,0.5846422
2015-01-06 00:00:00-05:00,1.0,1,0.7369877
2015-01-07 00:00:00-05:00,1.0,1,0.64069456
2015-01-08 00:00:00-05:00,1.0,0,0.45972997
2015-01-09 00:00:00-05:00,1.0,1,0.65967476
2015-01-12 00:00:00-05:00,1.0,1,0.7510136
2015-01-13 00:00:00-05:00,1.0,0,0.4521228
2015-01-14 00:00:00-05:00,1.0,0,0.45245042
2015-01-15 00:00:00-05:00,1.0,1,0.63781035
2015-01-16 00:00:00-05:00,1.0,0,0.4704406
2015-01-20 00:00:00-05:00,1.0,0,0.4150897
2015-01-21 00:00:00-05:00,1.0,0,0.4622706
2015-01-22 00:00:00-05:00,1.0,0,0.33480352
2015-01-23 00:00:00-05:00,1.0,0,0.42707485
2015-01-26 00:00:00-05:00,0.0,0,0.33417168
2015-01-27 00:00:00-05:00,1.0,1,0.6441752
2015-01-28 00:00:00-05:00,1.0,1,0.7772572
2015-01-29 00:00:00-05:00,1.0,1,0.6658054
2015-01-30 00:00:00-05:00,1.0,1,0.90405387
2015-02-02 00:00:00-05:00,1.0,1,0.8849101
2015-02-03 00:00:00-05:00,1.0,1,0.8370298
2015-02-04 00:00:00-05:00,1.0,1,0.77484643
2015-02-05 00:00:00-05:00,1.0,1,0.7216593
2015-02-06 00:00:00-05:00,1.0,1,0.7246294
2015-02-09 00:00:00-05:00,1.0,1,0.7949479
2015-02-10 00:00:00-05:00,1.0,1,0.7619418
2015-02-11 00:00:00-05:00,1.0,1,0.72670436
2015-02-12 00:00:00-05:00,1.0,1,0.6237388
2015-02-13 00:00:00-05:00,1.0,1,0.5382036
2015-02-17 00:00:00-05:00,1.0,1,0.5482819
2015-02-18 00:00:00-05:00,1.0,1,0.60857177
2015-02-19 00:00:00-05:00,1.0,0,0.50581336
2015-02-20 00:00:00-05:00,1.0,0,0.37919328
2015-02-23 00:00:00-05:00,1.0,0,0.31213894
2015-02-24 00:00:00-05:00,1.0,1,0.5173112
2015-02-25 00:00:00-05:00,1.0,0,0.39261818
2015-02-26 00:00:00-05:00,1.0,0,0.3825369
2015-02-27 00:00:00-05:00,1.0,0,0.31741503
2015-03-02 00:00:00-05:00,1.0,0,0.38094985
2015-03-03 00:00:00-05:00,1.0,0,0.499727
2015-03-04 00:00:00-05:00,1.0,1,0.73447734
2015-03-05 00:00:00-05:00,1.0,1,0.83127797
2015-03-06 00:00:00-05:00,1.0,1,0.7639818
2015-03-09 00:00:00-04:00,1.0,1,0.763728
2015-03-10 00:00:00-04:00,1.0,1,0.73427784
2015-03-11 00:00:00-04:00,1.0,1,0.7369238
2015-03-12 00:00:00-04:00,1.0,1,0.73975253
2015-03-13 00:00:00-04:00,1.0,1,0.74085426
2015-03-16 00:00:00-04:00,1.0,1,0.71035755
2015-03-17 00:00:00-04:00,1.0,1,0.7412958
2015-03-18 00:00:00-04:00,1.0,1,0.777336
2015-03-19 00:00:00-04:00,1.0,1,0.7135295
2015-03-20 00:00:00-04:00,1.0,1,0.73842204
2015-03-23 00:00:00-04:00,1.0,1,0.80677617
2015-03-24 00:00:00-04:00,1.0,1,0.8104969
2015-03-25 00:00:00-04:00,1.0,1,0.78814113
2015-03-26 00:00:00-04:00,1.0,1,0.731287
2015-03-27 00:00:00-04:00,1.0,1,0.7285615
2015-03-30 00:00:00-04:00,1.0,1,0.7276006
2015-03-31 00:00:00-04:00,1.0,1,0.7286435
2015-04-01 00:00:00-04:00,1.0,1,0.72920907
2015-04-02 00:00:00-04:00,1.0,1,0.7365272
2015-04-06 00:00:00-04:00,1.0,1,0.79484975
2015-04-07 00:00:00-04:00,1.0,1,0.77640945
2015-04-08 00:00:00-04:00,1.0,1,0.82449555
2015-04-09 00:00:00-04:00,1.0,1,0.8205931
2015-04-10 00:00:00-04:00,1.0,1,0.79145193
2015-04-13 00:00:00-04:00,1.0,1,0.7690687
2015-04-14 00:00:00-04:00,1.0,1,0.840042
2015-04-15 00:00:00-04:00,1.0,1,0.8097052
2015-04-16 00:00:00-04:00,1.0,1,0.8480589
2015-04-17 00:00:00-04:00,0.0,1,0.7494035
2015-04-20 00:00:00-04:00,1.0,1,0.8030611
2015-04-21 00:00:00-04:00,1.0,1,0.8212493
2015-04-22 00:00:00-04:00,1.0,1,0.82569695
2015-04-23 00:00:00-04:00,1.0,1,0.7522365
2015-04-24 00:00:00-04:00,0.0,1,0.690919
2015-04-27 00:00:00-04:00,0.0,1,0.7315019
2015-04-28 00:00:00-04:00,0.0,1,0.7715647
2015-04-29 00:00:00-04:00,0.0,1,0.72833276
2015-04-30 00:00:00-04:00,0.0,1,0.73842156
2015-05-01 00:00:00-04:00,0.0,1,0.7246048
2015-05-04 00:00:00-04:00,0.0,1,0.7399881
2015-05-05 00:00:00-04:00,0.0,1,0.73704505
2015-05-06 00:00:00-04:00,0.0,1,0.79364574
2015-05-07 00:00:00-04:00,0.0,1,0.7620826
2015-05-08 00:00:00-04:00,0.0,1,0.72665024
2015-05-11 00:00:00-04:00,0.0,1,0.82438016
2015-05-12 00:00:00-04:00,0.0,1,0.802634
2015-05-13 00:00:00-04:00,0.0,1,0.7442416
2015-05-14 00:00:00-04:00,0.0,1,0.7400709
2015-05-15 00:00:00-04:00,0.0,1,0.7868855
2015-05-18 00:00:00-04:00,0.0,1,0.82463235
2015-05-19 00:00:00-04:00,0.0,1,0.77701473
2015-05-20 00:00:00-04:00,0.0,1,0.8147683
2015-05-21 00:00:00-04:00,0.0,1,0.8337438
2015-05-22 00:00:00-04:00,0.0,1,0.81244224
2015-05-26 00:00:00-04:00,0.0,1,0.7656067
2015-05-27 00:00:00-04:00,0.0,1,0.81463265
2015-05-28 00:00:00-04:00,0.0,1,0.85003686
2015-05-29 00:00:00-04:00,1.0,1,0.74850476
2015-06-01 00:00:00-04:00,0.0,1,0.79595876
2015-06-02 00:00:00-04:00,1.0,1,0.83877563
2015-06-03 00:00:00-04:00,1.0,1,0.7969051
2015-06-04 00:00:00-04:00,1.0,0,0.4011927
2015-06-05 00:00:00-04:00,1.0,0,0.41771185
2015-06-08 00:00:00-04:00,1.0,0,0.37785527
2015-06-09 00:00:00-04:00,1.0,0,0.4093901
2015-06-10 00:00:00-04:00,1.0,0,0.37540463
2015-06-11 00:00:00-04:00,1.0,0,0.41648045
2015-06-12 00:00:00-04:00,1.0,0,0.41570684
2015-06-15 00:00:00-04:00,1.0,0,0.36192113
2015-06-16 00:00:00-04:00,1.0,0,0.4353652
2015-06-17 00:00:00-04:00,1.0,1,0.53162146
2015-06-18 00:00:00-04:00,1.0,1,0.51662624
2015-06-19 00:00:00-04:00,1.0,1,0.52863026
2015-06-22 00:00:00-04:00,1.0,1,0.57676005
2015-06-23 00:00:00-04:00,1.0,1,0.5713387
2015-06-24 00:00:00-04:00,1.0,0,0.49891108
2015-06-25 00:00:00-04:00,1.0,1,0.57334673
2015-06-26 00:00:00-04:00,1.0,1,0.6667448
2015-06-29 00:00:00-04:00,1.0,1,0.67541647
2015-06-30 00:00:00-04:00,1.0,1,0.65866727
2015-07-01 00:00:00-04:00,1.0,1,0.7183311
2015-07-02 00:00:00-04:00,1.0,1,0.67253876
2015-07-06 00:00:00-04:00,1.0,1,0.6260804
2015-07-07 00:00:00-04:00,1.0,1,0.67441607
2015-07-08 00:00:00-04:00,1.0,1,0.61883295
2015-07-09 00:00:00-04:00,1.0,1,0.5704949
2015-07-10 00:00:00-04:00,1.0,1,0.6346198
2015-07-13 00:00:00-04:00,1.0,1,0.55678344
2015-07-14 00:00:00-04:00,1.0,1,0.5967393
2015-07-15 00:00:00-04:00,1.0,1,0.5979028
2015-07-16 00:00:00-04:00,1.0,1,0.57696074
2015-07-17 00:00:00-04:00,1.0,1,0.54484427
2015-07-20 00:00:00-04:00,1.0,1,0.54256797
2015-07-21 00:00:00-04:00,1.0,0,0.48840782
2015-07-22 00:00:00-04:00,1.0,1,0.6368792
2015-07-23 00:00:00-04:00,1.0,1,0.6161089
2015-07-24 00:00:00-04:00,1.0,1,0.5984725
2015-07-27 00:00:00-04:00,1.0,1,0.64730495
2015-07-28 00:00:00-04:00,1.0,1,0.612165
2015-07-29 00:00:00-04:00,1.0,1,0.6966303
2015-07-30 00:00:00-04:00,1.0,1,0.6693587
2015-07-31 00:00:00-04:00,1.0,1,0.6380867
2015-08-03 00:00:00-04:00,1.0,1,0.60123074
2015-08-04 00:00:00-04:00,1.0,1,0.57456106
2015-08-05 00:00:00-04:00,1.0,1,0.57307774
2015-08-06 00:00:00-04:00,1.0,1,0.68468475
2015-08-07 00:00:00-04:00,1.0,1,0.60463345
2015-08-10 00:00:00-04:00,1.0,1,0.6179249
2015-08-11 00:00:00-04:00,1.0,1,0.65275
2015-08-12 00:00:00-04:00,1.0,1,0.5919882
2015-08-13 00:00:00-04:00,1.0,1,0.59351325
2015-08-14 00:00:00-04:00,1.0,1,0.6032834
2015-08-17 00:00:00-04:00,1.0,1,0.62172437
2015-08-18 00:00:00-04:00,1.0,1,0.58600664
2015-08-19 00:00:00-04:00,1.0,1,0.60685265
2015-08-20 00:00:00-04:00,1.0,1,0.68438417
2015-08-21 00:00:00-04:00,1.0,1,0.7286376
2015-08-24 00:00:00-04:00,1.0,1,0.70023
2015-08-25 00:00:00-04:00,1.0,1,0.80743796
2015-08-26 00:00:00-04:00,1.0,1,0.7758374
2015-08-27 00:00:00-04:00,1.0,1,0.6715416
2015-08-28 00:00:00-04:00,1.0,1,0.57399535
2015-08-31 00:00:00-04:00,1.0,1,0.5997641
2015-09-01 00:00:00-04:00,1.0,1,0.7136227
2015-09-02 00:00:00-04:00,1.0,1,0.9781814
2015-09-03 00:00:00-04:00,1.0,1,0.91366863
2015-09-04 00:00:00-04:00,1.0,1,0.9807216
2015-09-08 00:00:00-04:00,1.0,1,0.87113106
2015-09-09 00:00:00-04:00,1.0,1,0.9580947
2015-09-10 00:00:00-04:00,1.0,1,0.93537897
2015-09-11 00:00:00-04:00,1.0,1,0.8606434
2015-09-14 00:00:00-04:00,1.0,1,0.9636368
2015-09-15 00:00:00-04:00,1.0,1,0.9419458
2015-09-16 00:00:00-04:00,1.0,1,0.92420715
2015-09-17 00:00:00-04:00,1.0,1,0.9025539
2015-09-18 00:00:00-04:00,1.0,1,0.89550436
2015-09-21 00:00:00-04:00,1.0,1,0.98184896
2015-09-22 00:00:00-04:00,1.0,1,0.9747583
2015-09-23 00:00:00-04:00,1.0,1,0.97338873
2015-09-24 00:00:00-04:00,1.0,1,0.9354507
2015-09-25 00:00:00-04:00,1.0,1,0.95358866
2015-09-28 00:00:00-04:00,1.0,1,0.90283805
2015-09-29 00:00:00-04:00,1.0,1,0.7115586
2015-09-30 00:00:00-04:00,1.0,1,0.54224646
2015-10-01 00:00:00-04:00,1.0,1,0.73812103
2015-10-02 00:00:00-04:00,1.0,1,0.7120165
2015-10-05 00:00:00-04:00,1.0,1,0.6035801
2015-10-06 00:00:00-04:00,1.0,1,0.6517383
2015-10-07 00:00:00-04:00,1.0,1,0.88807726
2015-10-08 00:00:00-04:00,1.0,1,0.6836089
2015-10-09 00:00:00-04:00,1.0,1,0.64602065
2015-10-12 00:00:00-04:00,1.0,1,0.87956953
2015-10-13 00:00:00-04:00,1.0,1,0.78224826
2015-10-14 00:00:00-04:00,1.0,1,0.7645661
2015-10-15 00:00:00-04:00,1.0,1,0.7444853
2015-10-16 00:00:00-04:00,1.0,1,0.5406238
2015-10-19 00:00:00-04:00,1.0,0,0.44800493
2015-10-20 00:00:00-04:00,1.0,1,0.6499623
2015-10-21 00:00:00-04:00,1.0,1,0.8805442
2015-10-22 00:00:00-04:00,1.0,1,0.76971716
2015-10-23 00:00:00-04:00,0.0,0,0.21837689
2015-10-26 00:00:00-04:00,0.0,0,0.16937615
2015-10-27 00:00:00-04:00,0.0,0,0.16504961
2015-10-28 00:00:00-04:00,0.0,0,0.21444187
2015-10-29 00:00:00-04:00,0.0,0,0.18771945
2015-10-30 00:00:00-04:00,1.0,0,0.40266928
2015-11-02 00:00:00-05:00,1.0,0,0.22950514
2015-11-03 00:00:00-05:00,1.0,0,0.29385036
2015-11-04 00:00:00-05:00,1.0,0,0.2347442
2015-11-05 00:00:00-05:00,1.0,0,0.24062458
2015-11-06 00:00:00-05:00,0.0,0,0.20995064
2015-11-09 00:00:00-05:00,1.0,0,0.31045458
2015-11-10 00:00:00-05:00,1.0,0,0.22932883
2015-11-11 00:00:00-05:00,1.0,0,0.24669203
2015-11-12 00:00:00-05:00,1.0,0,0.2778618
2015-11-13 00:00:00-05:00,1.0,0,0.2682304
2015-11-16 00:00:00-05:00,1.0,0,0.29308227
2015-11-17 00:00:00-05:00,1.0,0,0.32111543
2015-11-18 00:00:00-05:00,1.0,0,0.27498096
2015-11-19 00:00:00-05:00,1.0,0,0.3128615
2015-11-20 00:00:00-05:00,1.0,0,0.29875258
2015-11-23 00:00:00-05:00,1.0,0,0.23655467
2015-11-24 00:00:00-05:00,1.0,0,0.28738338
2015-11-25 00:00:00-05:00,1.0,0,0.3666329
2015-11-27 00:00:00-05:00,1.0,0,0.38507682
2015-11-30 00:00:00-05:00,1.0,0,0.20975482
2015-12-01 00:00:00-05:00,0.0,0,0.20599203
2015-12-02 00:00:00-05:00,1.0,0,0.30771485
2015-12-03 00:00:00-05:00,1.0,0,0.3799171
2015-12-04 00:00:00-05:00,1.0,0,0.3091205
2015-12-07 00:00:00-05:00,1.0,0,0.29283607
2015-12-08 00:00:00-05:00,1.0,0,0.33096936
2015-12-09 00:00:00-05:00,1.0,0,0.364286
2015-12-10 00:00:00-05:00,1.0,0,0.3107931
2015-12-11 00:00:00-05:00,0.0,0,0.26544148
2015-12-14 00:00:00-05:00,0.0,0,0.200936
2015-12-15 00:00:00-05:00,0.0,0,0.22046663
2015-12-16 00:00:00-05:00,0.0,0,0.17490694
2015-12-17 00:00:00-05:00,0.0,0,0.15915012
2015-12-18 00:00:00-05:00,0.0,0,0.09380215
2015-12-21 00:00:00-05:00,0.0,0,0.20631123
2015-12-22 00:00:00-05:00,0.0,0,0.1723012
2015-12-23 00:00:00-05:00,0.0,0,0.16757615
2015-12-24 00:00:00-05:00,0.0,0,0.09619611
2015-12-28 00:00:00-05:00,0.0,0,0.15125783
2015-12-29 00:00:00-05:00,0.0,0,0.1557889
2015-12-30 00:00:00-05:00,0.0,0,0.17113142
2015-12-31 00:00:00-05:00,0.0,0,0.17969903
2016-01-04 00:00:00-05:00,0.0,0,0.1711859
2016-01-05 00:00:00-05:00,0.0,0,0.21239604
2016-01-06 00:00:00-05:00,0.0,0,0.26046893
2016-01-07 00:00:00-05:00,0.0,0,0.21073695
2016-01-08 00:00:00-05:00,0.0,0,0.2520359
2016-01-11 00:00:00-05:00,0.0,0,0.2722617
2016-01-12 00:00:00-05:00,0.0,0,0.28979522
2016-01-13 00:00:00-05:00,0.0,0,0.10449374
2016-01-14 00:00:00-05:00,0.0,0,0.21742494
2016-01-15 00:00:00-05:00,1.0,0,0.2883935
2016-01-19 00:00:00-05:00,1.0,0,0.41549382
2016-01-20 00:00:00-05:00,1.0,0,0.27404636
2016-01-21 00:00:00-05:00,1.0,0,0.47882858
2016-01-22 00:00:00-05:00,1.0,0,0.35347247
2016-01-25 00:00:00-05:00,1.0,0,0.35940155
2016-01-26 00:00:00-05:00,1.0,0,0.27508017
2016-01-27 00:00:00-05:00,1.0,0,0.38238522
2016-01-28 00:00:00-05:00,1.0,0,0.22815031
2016-01-29 00:00:00-05:00,0.0,0,0.20427352
2016-02-01 00:00:00-05:00,0.0,0,0.22060385
2016-02-02 00:00:00-05:00,0.0,0,0.1934189
2016-02-03 00:00:00-05:00,0.0,0,0.15551904
2016-02-04 00:00:00-05:00,0.0,0,0.2345197
2016-02-05 00:00:00-05:00,1.0,0,0.15025964
2016-02-08 00:00:00-05:00,1.0,0,0.2586842
2016-02-09 00:00:00-05:00,1.0,0,0.33727595
2016-02-10 00:00:00-05:00,1.0,0,0.34125635
2016-02-11 00:00:00-05:00,1.0,0,0.33556005
2016-02-12 00:00:00-05:00,1.0,0,0.34007442
2016-02-16 00:00:00-05:00,1.0,0,0.34437084
2016-02-17 00:00:00-05:00,0.0,0,0.22206399
2016-02-18 00:00:00-05:00,0.0,0,0.20173028
2016-02-19 00:00:00-05:00,0.0,0,0.2520341
2016-02-22 00:00:00-05:00,0.0,0,0.21610874
2016-02-23 00:00:00-05:00,1.0,0,0.26987368
2016-02-24 00:00:00-05:00,1.0,0,0.29655442
2016-02-25 00:00:00-05:00,0.0,0,0.22678305
2016-02-26 00:00:00-05:00,1.0,0,0.32262054
2016-02-29 00:00:00-05:00,1.0,0,0.32774535
2016-03-01 00:00:00-05:00,1.0,0,0.28739515
2016-03-02 00:00:00-05:00,1.0,0,0.27203462
2016-03-03 00:00:00-05:00,1.0,0,0.28336275
2016-03-04 00:00:00-05:00,1.0,0,0.3126592
2016-03-07 00:00:00-05:00,1.0,0,0.32140386
2016-03-08 00:00:00-05:00,1.0,0,0.2981065
2016-03-09 00:00:00-05:00,1.0,0,0.24527124
2016-03-10 00:00:00-05:00,1.0,0,0.24796519
2016-03-11 00:00:00-05:00,1.0,0,0.33977282
2016-03-14 00:00:00-04:00,1.0,0,0.22714987
2016-03-15 00:00:00-04:00,1.0,0,0.2080485
2016-03-16 00:00:00-04:00,1.0,0,0.32125658
2016-03-17 00:00:00-04:00,1.0,0,0.2744834
2016-03-18 00:00:00-04:00,1.0,0,0.24292897
2016-03-21 00:00:00-04:00,1.0,0,0.21107641
2016-03-22 00:00:00-04:00,1.0,0,0.21714716
2016-03-23 00:00:00-04:00,1.0,0,0.15699303
2016-03-24 00:00:00-04:00,1.0,0,0.16168137
2016-03-28 00:00:00-04:00,1.0,0,0.17731324
2016-03-29 00:00:00-04:00,1.0,0,0.21161765
2016-03-30 00:00:00-04:00,1.0,0,0.22274221
2016-03-31 00:00:00-04:00,1.0,0,0.25928155
2016-04-01 00:00:00-04:00,1.0,0,0.22784775
2016-04-04 00:00:00-04:00,1.0,0,0.162727
2016-04-05 00:00:00-04:00,1.0,0,0.21650356
2016-04-06 00:00:00-04:00,1.0,0,0.20358159
2016-04-07 00:00:00-04:00,1.0,0,0.19859399
2016-04-08 00:00:00-04:00,1.0,0,0.24018645
2016-04-11 00:00:00-04:00,1.0,0,0.23834273
2016-04-12 00:00:00-04:00,1.0,0,0.2572096
2016-04-13 00:00:00-04:00,1.0,0,0.16833434
2016-04-14 00:00:00-04:00,1.0,0,0.16286929
2016-04-15 00:00:00-04:00,1.0,0,0.27743652
2016-04-18 00:00:00-04:00,1.0,0,0.19945431
2016-04-19 00:00:00-04:00,1.0,0,0.2879075
2016-04-20 00:00:00-04:00,1.0,0,0.33649018
2016-04-21 00:00:00-04:00,1.0,0,0.31344143
2016-04-22 00:00:00-04:00,1.0,0,0.4831425
2016-04-25 00:00:00-04:00,1.0,0,0.43440688
2016-04-26 00:00:00-04:00,1.0,0,0.49027476
2016-04-27 00:00:00-04:00,1.0,0,0.4808174
2016-04-28 00:00:00-04:00,1.0,1,0.595948
2016-04-29 00:00:00-04:00,1.0,1,0.5298481
2016-05-02 00:00:00-04:00,1.0,0,0.5098118
2016-05-03 00:00:00-04:00,1.0,0,0.40393433
2016-05-04 00:00:00-04:00,1.0,0,0.38125956
2016-05-05 00:00:00-04:00,1.0,0,0.36918783
2016-05-06 00:00:00-04:00,1.0,0,0.34417
2016-05-09 00:00:00-04:00,1.0,0,0.29211682
2016-05-10 00:00:00-04:00,1.0,0,0.35395104
2016-05-11 00:00:00-04:00,1.0,0,0.35400787
2016-05-12 00:00:00-04:00,1.0,0,0.33893824
2016-05-13 00:00:00-04:00,1.0,0,0.36911815
2016-05-16 00:00:00-04:00,1.0,0,0.29265565
2016-05-17 00:00:00-04:00,1.0,0,0.45655298
2016-05-18 00:00:00-04:00,1.0,0,0.35646975
2016-05-19 00:00:00-04:00,1.0,0,0.39059073
2016-05-20 00:00:00-04:00,1.0,0,0.38768297
2016-05-23 00:00:00-04:00,1.0,0,0.42058602
2016-05-24 00:00:00-04:00,1.0,0,0.4433911
2016-05-25 00:00:00-04:00,1.0,0,0.30938897
2016-05-26 00:00:00-04:00,1.0,0,0.2996756
2016-05-27 00:00:00-04:00,1.0,0,0.20863901
2016-05-31 00:00:00-04:00,1.0,0,0.39906815
2016-06-01 00:00:00-04:00,1.0,0,0.29005527
2016-06-02 00:00:00-04:00,1.0,0,0.32453898
2016-06-03 00:00:00-04:00,1.0,1,0.90413195
2016-06-06 00:00:00-04:00,1.0,1,0.88675624
2016-06-07 00:00:00-04:00,1.0,1,0.9048002
2016-06-08 00:00:00-04:00,1.0,1,0.90092576
2016-06-09 00:00:00-04:00,1.0,1,0.9018139
2016-06-10 00:00:00-04:00,1.0,1,0.91492003
2016-06-13 00:00:00-04:00,1.0,1,0.8971079
2016-06-14 00:00:00-04:00,1.0,1,0.87344825
2016-06-15 00:00:00-04:00,1.0,1,0.88957655
2016-06-16 00:00:00-04:00,1.0,1,0.90059805
2016-06-17 00:00:00-04:00,1.0,1,0.86590064
2016-06-20 00:00:00-04:00,1.0,1,0.90031034
2016-06-21 00:00:00-04:00,1.0,1,0.9018702
2016-06-22 00:00:00-04:00,1.0,1,0.9013032
2016-06-23 00:00:00-04:00,1.0,1,0.8945694
2016-06-24 00:00:00-04:00,1.0,1,0.8651874
2016-06-27 00:00:00-04:00,1.0,1,0.9110455
2016-06-28 00:00:00-04:00,1.0,1,0.8891408
2016-06-29 00:00:00-04:00,1.0,1,0.9017306
2016-06-30 00:00:00-04:00,1.0,1,0.8970657
2016-07-01 00:00:00-04:00,1.0,1,0.90996695
2016-07-05 00:00:00-04:00,1.0,1,0.89925385
2016-07-06 00:00:00-04:00,1.0,1,0.9120998
2016-07-07 00:00:00-04:00,1.0,1,0.90020245
2016-07-08 00:00:00-04:00,1.0,1,0.89623535
2016-07-11 00:00:00-04:00,1.0,1,0.9134373
2016-07-12 00:00:00-04:00,1.0,1,0.89536566
2016-07-13 00:00:00-04:00,1.0,1,0.8998961
2016-07-14 00:00:00-04:00,1.0,1,0.9072913
2016-07-15 00:00:00-04:00,1.0,1,0.8790524
2016-07-18 00:00:00-04:00,1.0,1,0.8904231
2016-07-19 00:00:00-04:00,1.0,1,0.89177436
2016-07-20 00:00:00-04:00,1.0,1,0.87669647
2016-07-21 00:00:00-04:00,1.0,1,0.88341564
2016-07-22 00:00:00-04:00,1.0,1,0.8690517
2016-07-25 00:00:00-04:00,1.0,1,0.89248854
2016-07-26 00:00:00-04:00,1.0,1,0.900798
2016-07-27 00:00:00-04:00,1.0,1,0.8854343
2016-07-28 00:00:00-04:00,1.0,1,0.87156624
2016-07-29 00:00:00-04:00,1.0,1,0.882022
2016-08-01 00:00:00-04:00,1.0,1,0.89443535
2016-08-02 00:00:00-04:00,1.0,1,0.87373805
2016-08-03 00:00:00-04:00,1.0,1,0.8947311
2016-08-04 00:00:00-04:00,1.0,1,0.8953
2016-08-05 00:00:00-04:00,1.0,1,0.8858487
2016-08-08 00:00:00-04:00,1.0,1,0.9001518
2016-08-09 00:00:00-04:00,1.0,1,0.87464285
2016-08-10 00:00:00-04:00,1.0,1,0.86560607
2016-08-11 00:00:00-04:00,1.0,1,0.8845936
2016-08-12 00:00:00-04:00,1.0,1,0.89545393
2016-08-15 00:00:00-04:00,1.0,1,0.8885324
2016-08-16 00:00:00-04:00,1.0,1,0.9048306
2016-08-17 00:00:00-04:00,1.0,1,0.88314486
2016-08-18 00:00:00-04:00,1.0,1,0.85795516
2016-08-19 00:00:00-04:00,1.0,1,0.8656397
2016-08-22 00:00:00-04:00,1.0,1,0.8543662
2016-08-23 00:00:00-04:00,1.0,1,0.9031224
2016-08-24 00:00:00-04:00,1.0,1,0.89484054
2016-08-25 00:00:00-04:00,1.0,1,0.8712614
2016-08-26 00:00:00-04:00,1.0,1,0.8947499
2016-08-29 00:00:00-04:00,1.0,1,0.87266695
2016-08-30 00:00:00-04:00,1.0,1,0.8605951
2016-08-31 00:00:00-04:00,1.0,1,0.8984908
2016-09-01 00:00:00-04:00,1.0,1,0.847993
2016-09-02 00:00:00-04:00,1.0,1,0.81615984
2016-09-06 00:00:00-04:00,1.0,1,0.8169891
2016-09-07 00:00:00-04:00,1.0,1,0.81938964
2016-09-08 00:00:00-04:00,1.0,1,0.8218968
2016-09-09 00:00:00-04:00,1.0,1,0.90130305
2016-09-12 00:00:00-04:00,1.0,1,0.8704555
2016-09-13 00:00:00-04:00,1.0,1,0.8762721
2016-09-14 00:00:00-04:00,1.0,1,0.91430944
2016-09-15 00:00:00-04:00,1.0,1,0.8995056
2016-09-16 00:00:00-04:00,1.0,1,0.89771897
2016-09-19 00:00:00-04:00,1.0,1,0.9538021
2016-09-20 00:00:00-04:00,1.0,1,0.93550843
2016-09-21 00:00:00-04:00,1.0,1,0.8933682
2016-09-22 00:00:00-04:00,1.0,1,0.8535127
2016-09-23 00:00:00-04:00,1.0,1,0.8525615
2016-09-26 00:00:00-04:00,1.0,1,0.89984244
2016-09-27 00:00:00-04:00,1.0,1,0.86249006
2016-09-28 00:00:00-04:00,1.0,1,0.834248
2016-09-29 00:00:00-04:00,1.0,1,0.8765597
2016-09-30 00:00:00-04:00,1.0,1,0.87774074
2016-10-03 00:00:00-04:00,1.0,1,0.8786564
2016-10-04 00:00:00-04:00,1.0,1,0.9146843
2016-10-05 00:00:00-04:00,1.0,1,0.90357
2016-10-06 00:00:00-04:00,1.0,1,0.89480054
2016-10-07 00:00:00-04:00,1.0,1,0.90213275
2016-10-10 00:00:00-04:00,1.0,1,0.89996046
2016-10-11 00:00:00-04:00,1.0,1,0.9415279
2016-10-12 00:00:00-04:00,1.0,1,0.92577255
2016-10-13 00:00:00-04:00,1.0,1,0.94562507
2016-10-14 00:00:00-04:00,1.0,1,0.9229128
2016-10-17 00:00:00-04:00,1.0,1,0.9180892
2016-10-18 00:00:00-04:00,1.0,1,0.8899461
2016-10-19 00:00:00-04:00,1.0,1,0.92957914
2016-10-20 00:00:00-04:00,1.0,1,0.89583296
2016-10-21 00:00:00-04:00,1.0,1,0.8259157
2016-10-24 00:00:00-04:00,1.0,1,0.6923109
2016-10-25 00:00:00-04:00,1.0,1,0.74350667
2016-10-26 00:00:00-04:00,1.0,1,0.8025862
2016-10-27 00:00:00-04:00,1.0,1,0.8220973
2016-10-28 00:00:00-04:00,1.0,1,0.84580463
2016-10-31 00:00:00-04:00,1.0,1,0.8365539
2016-11-01 00:00:00-04:00,1.0,1,0.8189564
2016-11-02 00:00:00-04:00,1.0,1,0.85333097
2016-11-03 00:00:00-04:00,1.0,1,0.85813814
2016-11-04 00:00:00-04:00,1.0,1,0.8938327
2016-11-07 00:00:00-05:00,1.0,1,0.8068027
2016-11-08 00:00:00-05:00,1.0,1,0.77917534
2016-11-09 00:00:00-05:00,1.0,1,0.83609426
2016-11-10 00:00:00-05:00,1.0,1,0.9148568
2016-11-11 00:00:00-05:00,1.0,1,0.88640785
2016-11-14 00:00:00-05:00,1.0,1,0.94487953
2016-11-15 00:00:00-05:00,1.0,1,0.8966626
2016-11-16 00:00:00-05:00,1.0,1,0.85642385
2016-11-17 00:00:00-05:00,1.0,1,0.81590194
2016-11-18 00:00:00-05:00,1.0,1,0.85247
2016-11-21 00:00:00-05:00,1.0,1,0.7936553
2016-11-22 00:00:00-05:00,1.0,1,0.80404145
2016-11-23 00:00:00-05:00,1.0,1,0.83274895
2016-11-25 00:00:00-05:00,1.0,1,0.8637593
2016-11-28 00:00:00-05:00,1.0,1,0.82356334
2016-11-29 00:00:00-05:00,1.0,1,0.79548174
2016-11-30 00:00:00-05:00,1.0,1,0.8483513
2016-12-01 00:00:00-05:00,1.0,1,0.86861765
2016-12-02 00:00:00-05:00,1.0,1,0.8707348
2016-12-05 00:00:00-05:00,1.0,1,0.8644033
2016-12-06 00:00:00-05:00,1.0,1,0.87292016
2016-12-07 00:00:00-05:00,1.0,1,0.7478999
2016-12-08 00:00:00-05:00,1.0,1,0.830577
2016-12-09 00:00:00-05:00,1.0,1,0.79191464
2016-12-12 00:00:00-05:00,1.0,1,0.85901225
2016-12-13 00:00:00-05:00,1.0,1,0.79258865
2016-12-14 00:00:00-05:00,1.0,1,0.83614093
2016-12-15 00:00:00-05:00,1.0,1,0.8640541
2016-12-16 00:00:00-05:00,1.0,1,0.84806275
2016-12-19 00:00:00-05:00,1.0,1,0.8338251
2016-12-20 00:00:00-05:00,1.0,1,0.86555886
2016-12-21 00:00:00-05:00,1.0,1,0.85619843
2016-12-22 00:00:00-05:00,1.0,1,0.8576181
2016-12-23 00:00:00-05:00,1.0,1,0.84744775
2016-12-27 00:00:00-05:00,1.0,1,0.85385454
2016-12-28 00:00:00-05:00,1.0,1,0.8737577
2016-12-29 00:00:00-05:00,1.0,1,0.88439524
2016-12-30 00:00:00-05:00,1.0,1,0.9062386
2017-01-03 00:00:00-05:00,1.0,1,0.8754822
2017-01-04 00:00:00-05:00,1.0,1,0.89141536
2017-01-05 00:00:00-05:00,1.0,1,0.9325529
2017-01-06 00:00:00-05:00,1.0,1,0.85128695
2017-01-09 00:00:00-05:00,1.0,1,0.87071514
2017-01-10 00:00:00-05:00,1.0,1,0.8669795
2017-01-11 00:00:00-05:00,1.0,1,0.86752445
2017-01-12 00:00:00-05:00,1.0,1,0.91483724
2017-01-13 00:00:00-05:00,1.0,1,0.90085083
2017-01-17 00:00:00-05:00,1.0,1,0.928236
2017-01-18 00:00:00-05:00,1.0,1,0.93468136
2017-01-19 00:00:00-05:00,1.0,1,0.9504881
2017-01-20 00:00:00-05:00,1.0,1,0.9230032
2017-01-23 00:00:00-05:00,1.0,1,0.9311129
2017-01-24 00:00:00-05:00,1.0,1,0.9526997
2017-01-25 00:00:00-05:00,1.0,1,0.9592007
2017-01-26 00:00:00-05:00,1.0,1,0.9292886
2017-01-27 00:00:00-05:00,1.0,1,0.8729045
2017-01-30 00:00:00-05:00,1.0,1,0.91538334
2017-01-31 00:00:00-05:00,1.0,1,0.8896297
2017-02-01 00:00:00-05:00,1.0,1,0.88667816
2017-02-02 00:00:00-05:00,1.0,1,0.905516
2017-02-03 00:00:00-05:00,1.0,1,0.9057682
2017-02-06 00:00:00-05:00,1.0,1,0.903661
2017-02-07 00:00:00-05:00,1.0,1,0.9172627
2017-02-08 00:00:00-05:00,1.0,1,0.9373048
2017-02-09 00:00:00-05:00,1.0,1,0.9012844
2017-02-10 00:00:00-05:00,1.0,1,0.92033297
2017-02-13 00:00:00-05:00,1.0,1,0.87858635
2017-02-14 00:00:00-05:00,1.0,1,0.904254
2017-02-15 00:00:00-05:00,1.0,1,0.8800246
2017-02-16 00:00:00-05:00,1.0,1,0.84188473
2017-02-17 00:00:00-05:00,1.0,1,0.86567044
2017-02-21 00:00:00-05:00,1.0,1,0.8127694
2017-02-22 00:00:00-05:00,1.0,1,0.85143864
2017-02-23 00:00:00-05:00,1.0,1,0.78122294
2017-02-24 00:00:00-05:00,1.0,1,0.8203746
2017-02-27 00:00:00-05:00,1.0,1,0.8137219
2017-02-28 00:00:00-05:00,1.0,1,0.87307656
2017-03-01 00:00:00-05:00,1.0,1,0.8347387
2017-03-02 00:00:00-05:00,1.0,1,0.8934507
2017-03-03 00:00:00-05:00,1.0,1,0.9039859
2017-03-06 00:00:00-05:00,1.0,1,0.92068624
2017-03-07 00:00:00-05:00,1.0,1,0.9598714
2017-03-08 00:00:00-05:00,1.0,1,0.9527905
2017-03-09 00:00:00-05:00,1.0,1,0.9650907
2017-03-10 00:00:00-05:00,1.0,1,0.9755218
2017-03-13 00:00:00-04:00,1.0,1,0.98474765
2017-03-14 00:00:00-04:00,1.0,1,0.98669904
2017-03-15 00:00:00-04:00,1.0,1,0.96542495
2017-03-16 00:00:00-04:00,1.0,1,0.9854907
2017-03-17 00:00:00-04:00,1.0,1,0.93136716
2017-03-20 00:00:00-04:00,1.0,1,0.96297324
2017-03-21 00:00:00-04:00,1.0,1,0.9661841
2017-03-22 00:00:00-04:00,1.0,1,0.9251871
2017-03-23 00:00:00-04:00,1.0,1,0.9377372
2017-03-24 00:00:00-04:00,1.0,1,0.89960355
2017-03-27 00:00:00-04:00,1.0,1,0.88748413
2017-03-28 00:00:00-04:00,1.0,1,0.9113829
2017-03-29 00:00:00-04:00,1.0,1,0.8894751
2017-03-30 00:00:00-04:00,1.0,1,0.89848775
2017-03-31 00:00:00-04:00,1.0,1,0.84851664
2017-04-03 00:00:00-04:00,1.0,1,0.79236674
2017-04-04 00:00:00-04:00,1.0,1,0.8804424
2017-04-05 00:00:00-04:00,1.0,1,0.9455154
2017-04-06 00:00:00-04:00,1.0,1,0.94342786
2017-04-07 00:00:00-04:00,1.0,1,0.96684724
2017-04-10 00:00:00-04:00,1.0,1,0.9195765
2017-04-11 00:00:00-04:00,1.0,1,0.91844225
2017-04-12 00:00:00-04:00,1.0,1,0.9275838
2017-04-13 00:00:00-04:00,1.0,1,0.97040653
2017-04-17 00:00:00-04:00,1.0,1,0.94010586
2017-04-18 00:00:00-04:00,1.0,1,0.9444075
2017-04-19 00:00:00-04:00,1.0,1,0.936055
2017-04-20 00:00:00-04:00,1.0,1,0.93020713
2017-04-21 00:00:00-04:00,1.0,1,0.794914
2017-04-24 00:00:00-04:00,1.0,1,0.8249695
2017-04-25 00:00:00-04:00,1.0,1,0.8593002
2017-04-26 00:00:00-04:00,1.0,1,0.8300033
2017-04-27 00:00:00-04:00,1.0,1,0.672642
2017-04-28 00:00:00-04:00,1.0,1,0.60894
2017-05-01 00:00:00-04:00,1.0,1,0.66129684
2017-05-02 00:00:00-04:00,1.0,1,0.7521335
2017-05-03 00:00:00-04:00,1.0,1,0.77306396
2017-05-04 00:00:00-04:00,1.0,1,0.8447325
2017-05-05 00:00:00-04:00,1.0,1,0.85984504
2017-05-08 00:00:00-04:00,1.0,1,0.8321508
2017-05-09 00:00:00-04:00,1.0,1,0.854974
2017-05-10 00:00:00-04:00,1.0,1,0.83416957
2017-05-11 00:00:00-04:00,1.0,1,0.87110865
2017-05-12 00:00:00-04:00,1.0,1,0.8971501
2017-05-15 00:00:00-04:00,1.0,1,0.7446207
2017-05-16 00:00:00-04:00,1.0,1,0.59270597
2017-05-17 00:00:00-04:00,1.0,1,0.76813877
2017-05-18 00:00:00-04:00,1.0,1,0.77663064
2017-05-19 00:00:00-04:00,1.0,1,0.8066892
2017-05-22 00:00:00-04:00,1.0,1,0.76313734
2017-05-23 00:00:00-04:00,1.0,1,0.84433395
2017-05-24 00:00:00-04:00,1.0,1,0.83836806
2017-05-25 00:00:00-04:00,1.0,1,0.7010885
2017-05-26 00:00:00-04:00,1.0,1,0.7103299
2017-05-30 00:00:00-04:00,1.0,1,0.7789894
2017-05-31 00:00:00-04:00,1.0,1,0.7718097
2017-06-01 00:00:00-04:00,1.0,1,0.8202332
2017-06-02 00:00:00-04:00,1.0,1,0.5636661
2017-06-05 00:00:00-04:00,1.0,1,0.75250065
2017-06-06 00:00:00-04:00,1.0,1,0.82990015
2017-06-07 00:00:00-04:00,1.0,1,0.88816625
2017-06-08 00:00:00-04:00,1.0,1,0.91874534
2017-06-09 00:00:00-04:00,1.0,1,0.9416519
2017-06-12 00:00:00-04:00,1.0,1,0.9457481
2017-06-13 00:00:00-04:00,1.0,1,0.9519295
2017-06-14 00:00:00-04:00,1.0,1,0.9757432
2017-06-15 00:00:00-04:00,1.0,1,0.9759401
2017-06-16 00:00:00-04:00,1.0,1,0.9499925
2017-06-19 00:00:00-04:00,1.0,1,0.96476054
2017-06-20 00:00:00-04:00,1.0,1,0.98121023
2017-06-21 00:00:00-04:00,1.0,1,0.9948771
2017-06-22 00:00:00-04:00,1.0,1,0.99455166
2017-06-23 00:00:00-04:00,1.0,1,0.99365747
2017-06-26 00:00:00-04:00,1.0,1,0.99558586
2017-06-27 00:00:00-04:00,1.0,1,0.99511284
2017-06-28 00:00:00-04:00,1.0,1,0.9942387
2017-06-29 00:00:00-04:00,1.0,1,0.9959644
2017-06-30 00:00:00-04:00,1.0,1,0.9948985
2017-07-03 00:00:00-04:00,1.0,1,0.99653363
2017-07-05 00:00:00-04:00,1.0,1,0.9951269
2017-07-06 00:00:00-04:00,1.0,1,0.9951665
2017-07-07 00:00:00-04:00,1.0,1,0.9952783
2017-07-10 00:00:00-04:00,1.0,1,0.99511755
2017-07-11 00:00:00-04:00,1.0,1,0.99557173
2017-07-12 00:00:00-04:00,1.0,1,0.99513245
2017-07-13 00:00:00-04:00,1.0,1,0.99222124
2017-07-14 00:00:00-04:00,1.0,1,0.9864621
2017-07-17 00:00:00-04:00,1.0,1,0.9904229
2017-07-18 00:00:00-04:00,1.0,1,0.986573
2017-07-19 00:00:00-04:00,1.0,1,0.9865064
2017-07-20 00:00:00-04:00,1.0,1,0.97644496
2017-07-21 00:00:00-04:00,1.0,1,0.98663515
2017-07-24 00:00:00-04:00,1.0,1,0.98881316
2017-07-25 00:00:00-04:00,1.0,1,0.9890856
2017-07-26 00:00:00-04:00,1.0,1,0.99207014
2017-07-27 00:00:00-04:00,1.0,1,0.9736113
2017-07-28 00:00:00-04:00,1.0,1,0.9820917
2017-07-31 00:00:00-04:00,1.0,1,0.9903718
2017-08-01 00:00:00-04:00,1.0,1,0.9900218
2017-08-02 00:00:00-04:00,1.0,1,0.9948146
2017-08-03 00:00:00-04:00,1.0,1,0.9954615
2017-08-04 00:00:00-04:00,1.0,1,0.9947234
2017-08-07 00:00:00-04:00,1.0,1,0.99540794
2017-08-08 00:00:00-04:00,1.0,1,0.99495864
2017-08-09 00:00:00-04:00,1.0,1,0.9951388
2017-08-10 00:00:00-04:00,1.0,1,0.994915
2017-08-11 00:00:00-04:00,1.0,1,0.99478227
2017-08-14 00:00:00-04:00,1.0,1,0.9947728
2017-08-15 00:00:00-04:00,1.0,1,0.9954379
2017-08-16 00:00:00-04:00,1.0,1,0.99477404
2017-08-17 00:00:00-04:00,1.0,1,0.99629503
2017-08-18 00:00:00-04:00,1.0,1,0.9952004
2017-08-21 00:00:00-04:00,1.0,1,0.9953674
2017-08-22 00:00:00-04:00,1.0,1,0.994728
2017-08-23 00:00:00-04:00,1.0,1,0.99543345
2017-08-24 00:00:00-04:00,1.0,1,0.9952293
2017-08-25 00:00:00-04:00,1.0,1,0.9950718
2017-08-28 00:00:00-04:00,1.0,1,0.99565524
2017-08-29 00:00:00-04:00,1.0,1,0.994484
2017-08-30 00:00:00-04:00,1.0,1,0.9947731
2017-08-31 00:00:00-04:00,1.0,1,0.99436575
2017-09-01 00:00:00-04:00,1.0,1,0.9087151
2017-09-05 00:00:00-04:00,1.0,1,0.9344297
2017-09-06 00:00:00-04:00,1.0,1,0.93676734
2017-09-07 00:00:00-04:00,1.0,1,0.9424779
2017-09-08 00:00:00-04:00,1.0,1,0.9546426
2017-09-11 00:00:00-04:00,1.0,1,0.93034446
2017-09-12 00:00:00-04:00,1.0,1,0.9601653
2017-09-13 00:00:00-04:00,1.0,1,0.95916444
2017-09-14 00:00:00-04:00,1.0,1,0.95999175
2017-09-15 00:00:00-04:00,1.0,1,0.8467398
2017-09-18 00:00:00-04:00,1.0,1,0.966745
2017-09-19 00:00:00-04:00,1.0,1,0.97154975
2017-09-20 00:00:00-04:00,1.0,1,0.95930636
2017-09-21 00:00:00-04:00,1.0,1,0.9872085
2017-09-22 00:00:00-04:00,1.0,1,0.98253363
2017-09-25 00:00:00-04:00,1.0,1,0.96466625
2017-09-26 00:00:00-04:00,1.0,1,0.931938
2017-09-27 00:00:00-04:00,1.0,1,0.95978427
2017-09-28 00:00:00-04:00,1.0,1,0.95464504
2017-09-29 00:00:00-04:00,1.0,1,0.8428848
2017-10-02 00:00:00-04:00,1.0,1,0.9228212
2017-10-03 00:00:00-04:00,1.0,1,0.947405
2017-10-04 00:00:00-04:00,1.0,1,0.9454892
2017-10-05 00:00:00-04:00,1.0,1,0.92901516
2017-10-06 00:00:00-04:00,1.0,1,0.96807295
2017-10-09 00:00:00-04:00,1.0,1,0.96010256
2017-10-10 00:00:00-04:00,1.0,1,0.96727353
2017-10-11 00:00:00-04:00,1.0,1,0.9489364
2017-10-12 00:00:00-04:00,1.0,1,0.93949807
2017-10-13 00:00:00-04:00,1.0,1,0.97041684
2017-10-16 00:00:00-04:00,1.0,1,0.97982365
2017-10-17 00:00:00-04:00,1.0,1,0.96480525
2017-10-18 00:00:00-04:00,1.0,1,0.9690763
2017-10-19 00:00:00-04:00,1.0,1,0.9548529
2017-10-20 00:00:00-04:00,1.0,1,0.91758317
2017-10-23 00:00:00-04:00,1.0,1,0.9400097
2017-10-24 00:00:00-04:00,1.0,1,0.9457727
2017-10-25 00:00:00-04:00,1.0,1,0.9486208
2017-10-26 00:00:00-04:00,1.0,1,0.8879294
2017-10-27 00:00:00-04:00,1.0,1,0.71543217
2017-10-30 00:00:00-04:00,1.0,1,0.8277279
2017-10-31 00:00:00-04:00,1.0,1,0.8549339
2017-11-01 00:00:00-04:00,1.0,1,0.8524853
2017-11-02 00:00:00-04:00,1.0,1,0.8258459
2017-11-03 00:00:00-04:00,1.0,1,0.8716705
2017-11-06 00:00:00-05:00,1.0,1,0.7723052
2017-11-07 00:00:00-05:00,1.0,1,0.7991205
2017-11-08 00:00:00-05:00,1.0,1,0.7353028
2017-11-09 00:00:00-05:00,1.0,1,0.6207921
2017-11-10 00:00:00-05:00,1.0,1,0.5250587
2017-11-13 00:00:00-05:00,1.0,1,0.8716262
2017-11-14 00:00:00-05:00,1.0,1,0.6029984
2017-11-15 00:00:00-05:00,1.0,1,0.6690986
2017-11-16 00:00:00-05:00,1.0,1,0.74015635
2017-11-17 00:00:00-05:00,1.0,1,0.61876726
2017-11-20 00:00:00-05:00,1.0,1,0.6937096
2017-11-21 00:00:00-05:00,1.0,1,0.7229781
2017-11-22 00:00:00-05:00,1.0,1,0.78949213
2017-11-24 00:00:00-05:00,1.0,1,0.69920456
2017-11-27 00:00:00-05:00,1.0,1,0.6838726
2017-11-28 00:00:00-05:00,1.0,1,0.7078881
2017-11-29 00:00:00-05:00,1.0,1,0.7558452
2017-11-30 00:00:00-05:00,1.0,1,0.6665769
2017-12-01 00:00:00-05:00,1.0,1,0.7684986
2017-12-04 00:00:00-05:00,1.0,1,0.98596996
2017-12-05 00:00:00-05:00,1.0,1,0.9912362
2017-12-06 00:00:00-05:00,1.0,1,0.98478985
2017-12-07 00:00:00-05:00,1.0,1,0.9866946
2017-12-08 00:00:00-05:00,1.0,1,0.90104526
2017-12-11 00:00:00-05:00,1.0,1,0.86580235
2017-12-12 00:00:00-05:00,1.0,1,0.7251114
2017-12-13 00:00:00-05:00,1.0,1,0.7275176
2017-12-14 00:00:00-05:00,1.0,1,0.89019024
2017-12-15 00:00:00-05:00,1.0,1,0.65096897
2017-12-18 00:00:00-05:00,1.0,1,0.7622755
2017-12-19 00:00:00-05:00,1.0,1,0.8351364
2017-12-20 00:00:00-05:00,1.0,1,0.7975444
2017-12-21 00:00:00-05:00,1.0,1,0.83693933
2017-12-22 00:00:00-05:00,1.0,1,0.8834098
2017-12-26 00:00:00-05:00,1.0,1,0.9457728
2017-12-27 00:00:00-05:00,1.0,1,0.9022859
2017-12-28 00:00:00-05:00,1.0,1,0.95401907
2017-12-29 00:00:00-05:00,1.0,1,0.97436297
2018-01-02 00:00:00-05:00,1.0,1,0.9543385
2018-01-03 00:00:00-05:00,1.0,1,0.93590784
2018-01-04 00:00:00-05:00,1.0,1,0.8866991
2018-01-05 00:00:00-05:00,1.0,1,0.84516317
2018-01-08 00:00:00-05:00,1.0,1,0.8026013
2018-01-09 00:00:00-05:00,1.0,1,0.83529013
2018-01-10 00:00:00-05:00,1.0,1,0.89723164
2018-01-11 00:00:00-05:00,1.0,1,0.8923514
2018-01-12 00:00:00-05:00,1.0,1,0.85771745
2018-01-16 00:00:00-05:00,1.0,1,0.89005226
2018-01-17 00:00:00-05:00,1.0,1,0.804374
2018-01-18 00:00:00-05:00,1.0,1,0.8011292
2018-01-19 00:00:00-05:00,1.0,1,0.773739
2018-01-22 00:00:00-05:00,1.0,1,0.73495686
2018-01-23 00:00:00-05:00,1.0,1,0.84382164
2018-01-24 00:00:00-05:00,1.0,1,0.87365836
2018-01-25 00:00:00-05:00,1.0,1,0.87299347
2018-01-26 00:00:00-05:00,1.0,1,0.75838983
2018-01-29 00:00:00-05:00,1.0,1,0.7131354
2018-01-30 00:00:00-05:00,1.0,1,0.7570667
2018-01-31 00:00:00-05:00,1.0,1,0.5273284
2018-02-01 00:00:00-05:00,1.0,1,0.6260127
2018-02-02 00:00:00-05:00,1.0,1,0.7915096
2018-02-05 00:00:00-05:00,1.0,1,0.9937435
2018-02-06 00:00:00-05:00,1.0,1,0.57105696
2018-02-07 00:00:00-05:00,1.0,1,0.93648815
2018-02-08 00:00:00-05:00,1.0,1,0.9982478
2018-02-09 00:00:00-05:00,1.0,1,0.9800063
2018-02-12 00:00:00-05:00,1.0,1,0.9625435
2018-02-13 00:00:00-05:00,1.0,1,0.9109294
2018-02-14 00:00:00-05:00,1.0,1,0.6743139
2018-02-15 00:00:00-05:00,1.0,1,0.6439296
2018-02-16 00:00:00-05:00,1.0,1,0.66411775
2018-02-20 00:00:00-05:00,1.0,1,0.63100314
2018-02-21 00:00:00-05:00,1.0,1,0.78793263
2018-02-22 00:00:00-05:00,1.0,1,0.8216193
2018-02-23 00:00:00-05:00,1.0,1,0.60859585
2018-02-26 00:00:00-05:00,1.0,1,0.5705738
2018-02-27 00:00:00-05:00,1.0,1,0.7851372
2018-02-28 00:00:00-05:00,1.0,1,0.7925341
2018-03-01 00:00:00-05:00,1.0,1,0.82230246
2018-03-02 00:00:00-05:00,1.0,1,0.7689461
2018-03-05 00:00:00-05:00,1.0,1,0.9069242
2018-03-06 00:00:00-05:00,1.0,1,0.99617416
2018-03-07 00:00:00-05:00,1.0,1,0.9933245
2018-03-08 00:00:00-05:00,1.0,1,0.9940523
2018-03-09 00:00:00-05:00,1.0,1,0.98663527
2018-03-12 00:00:00-04:00,1.0,1,0.9943725
2018-03-13 00:00:00-04:00,1.0,1,0.99265033
2018-03-14 00:00:00-04:00,1.0,1,0.9927571
2018-03-15 00:00:00-04:00,1.0,1,0.99269986
2018-03-16 00:00:00-04:00,1.0,1,0.9862646
2018-03-19 00:00:00-04:00,1.0,1,0.9917726
2018-03-20 00:00:00-04:00,1.0,1,0.99583715
2018-03-21 00:00:00-04:00,1.0,1,0.995998
2018-03-22 00:00:00-04:00,1.0,1,0.9930125
2018-03-23 00:00:00-04:00,1.0,1,0.9926493
2018-03-26 00:00:00-04:00,1.0,1,0.9783073
2018-03-27 00:00:00-04:00,1.0,1,0.98846424
2018-03-28 00:00:00-04:00,1.0,1,0.9918726
2018-03-29 00:00:00-04:00,1.0,1,0.98511666
2018-04-02 00:00:00-04:00,1.0,1,0.9903237
2018-04-03 00:00:00-04:00,1.0,1,0.99095047
2018-04-04 00:00:00-04:00,1.0,1,0.98619884
2018-04-05 00:00:00-04:00,1.0,1,0.9939069
2018-04-06 00:00:00-04:00,1.0,1,0.99372435
2018-04-09 00:00:00-04:00,1.0,1,0.99567306
2018-04-10 00:00:00-04:00,1.0,1,0.9938832
2018-04-11 00:00:00-04:00,1.0,1,0.9957455
2018-04-12 00:00:00-04:00,1.0,1,0.994446
2018-04-13 00:00:00-04:00,1.0,1,0.9960145
2018-04-16 00:00:00-04:00,1.0,1,0.9957374
2018-04-17 00:00:00-04:00,1.0,1,0.9939802
2018-04-18 00:00:00-04:00,1.0,1,0.9948252
2018-04-19 00:00:00-04:00,1.0,1,0.9950831
2018-04-20 00:00:00-04:00,1.0,1,0.99304503
2018-04-23 00:00:00-04:00,1.0,1,0.9956951
2018-04-24 00:00:00-04:00,1.0,1,0.99338925
2018-04-25 00:00:00-04:00,1.0,1,0.99160534
2018-04-26 00:00:00-04:00,1.0,1,0.99158925
2018-04-27 00:00:00-04:00,1.0,1,0.9886129
2018-04-30 00:00:00-04:00,1.0,1,0.9935747
2018-05-01 00:00:00-04:00,1.0,1,0.99155563
2018-05-02 00:00:00-04:00,1.0,1,0.99562234
2018-05-03 00:00:00-04:00,1.0,1,0.9926608
2018-05-04 00:00:00-04:00,1.0,1,0.99372894
2018-05-07 00:00:00-04:00,1.0,1,0.9950786
2018-05-08 00:00:00-04:00,1.0,1,0.99531806
2018-05-09 00:00:00-04:00,1.0,1,0.9928861
2018-05-10 00:00:00-04:00,1.0,1,0.99516886
2018-05-11 00:00:00-04:00,1.0,1,0.9961818
2018-05-14 00:00:00-04:00,1.0,1,0.9960275
2018-05-15 00:00:00-04:00,1.0,1,0.99502254
2018-05-16 00:00:00-04:00,1.0,1,0.9962759
2018-05-17 00:00:00-04:00,1.0,1,0.9971833
2018-05-18 00:00:00-04:00,1.0,1,0.99712306
2018-05-21 00:00:00-04:00,1.0,1,0.9965431
2018-05-22 00:00:00-04:00,1.0,1,0.99724364
2018-05-23 00:00:00-04:00,1.0,1,0.99395156
2018-05-24 00:00:00-04:00,1.0,1,0.99402916
2018-05-25 00:00:00-04:00,1.0,1,0.9965954
2018-05-29 00:00:00-04:00,1.0,1,0.99478453
2018-05-30 00:00:00-04:00,1.0,1,0.9956008
2018-05-31 00:00:00-04:00,1.0,1,0.9944351
2018-06-01 00:00:00-04:00,1.0,1,0.9925179
2018-06-04 00:00:00-04:00,1.0,1,0.99180216
2018-06-05 00:00:00-04:00,1.0,1,0.9567139
2018-06-06 00:00:00-04:00,1.0,1,0.9816784
2018-06-07 00:00:00-04:00,1.0,1,0.9836599
2018-06-08 00:00:00-04:00,1.0,1,0.9796222
2018-06-11 00:00:00-04:00,1.0,1,0.98025167
2018-06-12 00:00:00-04:00,1.0,1,0.9837168
2018-06-13 00:00:00-04:00,1.0,1,0.98046184
2018-06-14 00:00:00-04:00,1.0,1,0.97925943
2018-06-15 00:00:00-04:00,1.0,1,0.9606062
2018-06-18 00:00:00-04:00,1.0,1,0.87060344
2018-06-19 00:00:00-04:00,1.0,1,0.97831154
2018-06-20 00:00:00-04:00,1.0,1,0.976025
2018-06-21 00:00:00-04:00,1.0,1,0.9405169
2018-06-22 00:00:00-04:00,1.0,1,0.9329952
2018-06-25 00:00:00-04:00,1.0,1,0.9848271
2018-06-26 00:00:00-04:00,1.0,1,0.9849131
2018-06-27 00:00:00-04:00,1.0,1,0.99089545
2018-06-28 00:00:00-04:00,1.0,1,0.9845354
2018-06-29 00:00:00-04:00,1.0,1,0.98664933
2018-07-02 00:00:00-04:00,1.0,1,0.98281133
2018-07-03 00:00:00-04:00,1.0,1,0.9896551
2018-07-05 00:00:00-04:00,1.0,1,0.984487
2018-07-06 00:00:00-04:00,1.0,1,0.98405606
2018-07-09 00:00:00-04:00,1.0,1,0.98326665
2018-07-10 00:00:00-04:00,1.0,1,0.96298045
2018-07-11 00:00:00-04:00,1.0,1,0.9858668
2018-07-12 00:00:00-04:00,1.0,1,0.97252405
2018-07-13 00:00:00-04:00,1.0,1,0.7509331
2018-07-16 00:00:00-04:00,0.0,1,0.62505245
2018-07-17 00:00:00-04:00,0.0,1,0.5915637
2018-07-18 00:00:00-04:00,0.0,1,0.6419545
2018-07-19 00:00:00-04:00,1.0,1,0.90966237
2018-07-20 00:00:00-04:00,1.0,1,0.8237179
2018-07-23 00:00:00-04:00,1.0,1,0.94332343
2018-07-24 00:00:00-04:00,1.0,1,0.94254386
2018-07-25 00:00:00-04:00,1.0,1,0.7597867
2018-07-26 00:00:00-04:00,1.0,1,0.9355273
2018-07-27 00:00:00-04:00,1.0,1,0.84878623
2018-07-30 00:00:00-04:00,1.0,1,0.97511
2018-07-31 00:00:00-04:00,0.0,1,0.7198701
2018-08-01 00:00:00-04:00,1.0,1,0.9017941
2018-08-02 00:00:00-04:00,1.0,1,0.86069524
2018-08-03 00:00:00-04:00,1.0,1,0.9008289
2018-08-06 00:00:00-04:00,1.0,1,0.91366446
2018-08-07 00:00:00-04:00,0.0,1,0.7467146
2018-08-08 00:00:00-04:00,0.0,0,0.5037979
2018-08-09 00:00:00-04:00,0.0,1,0.7170235
2018-08-10 00:00:00-04:00,0.0,1,0.5762969
2018-08-13 00:00:00-04:00,0.0,0,0.44840214
2018-08-14 00:00:00-04:00,0.0,0,0.05723513
2018-08-15 00:00:00-04:00,0.0,0,0.04765335
2018-08-16 00:00:00-04:00,0.0,0,0.3027943
2018-08-17 00:00:00-04:00,0.0,0,0.41035053
2018-08-20 00:00:00-04:00,0.0,0,0.41438186
2018-08-21 00:00:00-04:00,0.0,1,0.5477165
2018-08-22 00:00:00-04:00,0.0,0,0.44554767
2018-08-23 00:00:00-04:00,0.0,0,0.07184776
2018-08-24 00:00:00-04:00,0.0,0,0.4263369
2018-08-27 00:00:00-04:00,0.0,0,0.23698817
2018-08-28 00:00:00-04:00,0.0,0,0.32096374
2018-08-29 00:00:00-04:00,0.0,0,0.19570753
2018-08-30 00:00:00-04:00,0.0,0,0.15880594
2018-08-31 00:00:00-04:00,0.0,0,0.08850186
2018-09-04 00:00:00-04:00,0.0,0,0.19625333
2018-09-05 00:00:00-04:00,0.0,1,0.5405396
2018-09-06 00:00:00-04:00,0.0,0,0.3604092
2018-09-07 00:00:00-04:00,0.0,0,0.40016976
2018-09-10 00:00:00-04:00,0.0,0,0.39590156
2018-09-11 00:00:00-04:00,0.0,0,0.30456403
2018-09-12 00:00:00-04:00,0.0,0,0.25997856
2018-09-13 00:00:00-04:00,0.0,0,0.33275002
2018-09-14 00:00:00-04:00,0.0,0,0.23721276
2018-09-17 00:00:00-04:00,0.0,0,0.2334996
2018-09-18 00:00:00-04:00,0.0,0,0.17291296
2018-09-19 00:00:00-04:00,0.0,0,0.32042116
2018-09-20 00:00:00-04:00,0.0,0,0.22627382
2018-09-21 00:00:00-04:00,0.0,0,0.121734925
2018-09-24 00:00:00-04:00,0.0,0,0.23145586
2018-09-25 00:00:00-04:00,0.0,0,0.2584649
2018-09-26 00:00:00-04:00,0.0,0,0.20456803
2018-09-27 00:00:00-04:00,0.0,0,0.19454344
2018-09-28 00:00:00-04:00,0.0,0,0.2117383
2018-10-01 00:00:00-04:00,0.0,0,0.16262905
2018-10-02 00:00:00-04:00,0.0,0,0.21733798
2018-10-03 00:00:00-04:00,0.0,0,0.16543749
2018-10-04 00:00:00-04:00,0.0,0,0.33471662
2018-10-05 00:00:00-04:00,0.0,0,0.3933538
2018-10-08 00:00:00-04:00,0.0,0,0.4506892
2018-10-09 00:00:00-04:00,0.0,0,0.37099317
2018-10-10 00:00:00-04:00,1.0,1,0.95026237
2018-10-11 00:00:00-04:00,1.0,1,0.98593754
2018-10-12 00:00:00-04:00,1.0,1,0.7973309
2018-10-15 00:00:00-04:00,1.0,1,0.9917904
2018-10-16 00:00:00-04:00,1.0,1,0.7002238
2018-10-17 00:00:00-04:00,1.0,1,0.7835427
2018-10-18 00:00:00-04:00,1.0,1,0.98310035
2018-10-19 00:00:00-04:00,1.0,1,0.9718586
2018-10-22 00:00:00-04:00,1.0,1,0.8652376
2018-10-23 00:00:00-04:00,1.0,1,0.93649316
2018-10-24 00:00:00-04:00,1.0,1,0.99809694
2018-10-25 00:00:00-04:00,1.0,1,0.7739503
2018-10-26 00:00:00-04:00,1.0,1,0.9920269
2018-10-29 00:00:00-04:00,1.0,1,0.9966076
2018-10-30 00:00:00-04:00,1.0,1,0.98231554
2018-10-31 00:00:00-04:00,1.0,1,0.99108166
2018-11-01 00:00:00-04:00,1.0,1,0.99620575
2018-11-02 00:00:00-04:00,1.0,1,0.99589264
2018-11-05 00:00:00-05:00,1.0,1,0.99390364
2018-11-06 00:00:00-05:00,1.0,1,0.99610966
2018-11-07 00:00:00-05:00,1.0,1,0.982896
2018-11-08 00:00:00-05:00,1.0,1,0.99257666
2018-11-09 00:00:00-05:00,1.0,1,0.9960413
2018-11-12 00:00:00-05:00,1.0,1,0.9971351
2018-11-13 00:00:00-05:00,1.0,1,0.9971755
2018-11-14 00:00:00-05:00,1.0,1,0.9976389
2018-11-15 00:00:00-05:00,1.0,1,0.9915577
2018-11-16 00:00:00-05:00,1.0,1,0.9956789
2018-11-19 00:00:00-05:00,1.0,1,0.9971474
2018-11-20 00:00:00-05:00,1.0,1,0.9919949
2018-11-21 00:00:00-05:00,1.0,1,0.99695814
2018-11-23 00:00:00-05:00,1.0,1,0.9983172
2018-11-26 00:00:00-05:00,1.0,1,0.994413
2018-11-27 00:00:00-05:00,1.0,1,0.9950517
2018-11-28 00:00:00-05:00,1.0,1,0.98406476
2018-11-29 00:00:00-05:00,1.0,1,0.9943381
2018-11-30 00:00:00-05:00,1.0,1,0.98504925
2018-12-03 00:00:00-05:00,1.0,1,0.9904374
2018-12-04 00:00:00-05:00,1.0,1,0.99634176
2018-12-06 00:00:00-05:00,1.0,1,0.9859084
2018-12-07 00:00:00-05:00,1.0,1,0.9961716
2018-12-10 00:00:00-05:00,1.0,1,0.98107964
2018-12-11 00:00:00-05:00,1.0,1,0.9918503
2018-12-12 00:00:00-05:00,1.0,1,0.9931975
2018-12-13 00:00:00-05:00,1.0,1,0.98775065
2018-12-14 00:00:00-05:00,1.0,1,0.9950774
2018-12-17 00:00:00-05:00,1.0,1,0.99440694
2018-12-18 00:00:00-05:00,1.0,1,0.98918915
2018-12-19 00:00:00-05:00,1.0,1,0.992607
2018-12-20 00:00:00-05:00,1.0,1,0.9922711
2018-12-21 00:00:00-05:00,1.0,1,0.99244213
2018-12-24 00:00:00-05:00,1.0,1,0.99842936
2018-12-26 00:00:00-05:00,1.0,1,0.99228084
2018-12-27 00:00:00-05:00,1.0,1,0.9922368
2018-12-28 00:00:00-05:00,1.0,1,0.9967815
2018-12-31 00:00:00-05:00,1.0,1,0.9952407
2019-01-02 00:00:00-05:00,1.0,1,0.9956637
2019-01-03 00:00:00-05:00,1.0,1,0.9983161
2019-01-04 00:00:00-05:00,1.0,1,0.99503547
2019-01-07 00:00:00-05:00,1.0,1,0.99549675
2019-01-08 00:00:00-05:00,1.0,1,0.9953285
2019-01-09 00:00:00-05:00,1.0,1,0.99447864
2019-01-10 00:00:00-05:00,1.0,1,0.9943686
2019-01-11 00:00:00-05:00,1.0,1,0.99406403
2019-01-14 00:00:00-05:00,1.0,1,0.99472266
2019-01-15 00:00:00-05:00,1.0,1,0.9928267
2019-01-16 00:00:00-05:00,1.0,1,0.9946521
2019-01-17 00:00:00-05:00,1.0,1,0.99228704
2019-01-18 00:00:00-05:00,1.0,1,0.9923162
2019-01-22 00:00:00-05:00,1.0,1,0.99558574
2019-01-23 00:00:00-05:00,1.0,1,0.9936526
2019-01-24 00:00:00-05:00,1.0,1,0.9945051
2019-01-25 00:00:00-05:00,1.0,1,0.99349415
2019-01-28 00:00:00-05:00,1.0,1,0.9951474
2019-01-29 00:00:00-05:00,1.0,1,0.99636376
2019-01-30 00:00:00-05:00,1.0,1,0.99240863
2019-01-31 00:00:00-05:00,1.0,1,0.9940354
2019-02-01 00:00:00-05:00,1.0,1,0.99681056
2019-02-04 00:00:00-05:00,1.0,1,0.9928842
2019-02-05 00:00:00-05:00,1.0,1,0.9923105
2019-02-06 00:00:00-05:00,1.0,1,0.99555135
2019-02-07 00:00:00-05:00,1.0,1,0.99467254
2019-02-08 00:00:00-05:00,1.0,1,0.994653
2019-02-11 00:00:00-05:00,1.0,1,0.9966144
2019-02-12 00:00:00-05:00,1.0,1,0.9935001
2019-02-13 00:00:00-05:00,1.0,1,0.99637353
2019-02-14 00:00:00-05:00,1.0,1,0.9948499
2019-02-15 00:00:00-05:00,1.0,1,0.99420655
2019-02-19 00:00:00-05:00,1.0,1,0.99610776
2019-02-20 00:00:00-05:00,1.0,1,0.99496406
2019-02-21 00:00:00-05:00,1.0,1,0.99108845
2019-02-22 00:00:00-05:00,1.0,1,0.9895695
2019-02-25 00:00:00-05:00,1.0,1,0.9929714
2019-02-26 00:00:00-05:00,1.0,1,0.99345
2019-02-27 00:00:00-05:00,1.0,1,0.9928298
2019-02-28 00:00:00-05:00,1.0,1,0.9939359
2019-03-01 00:00:00-05:00,1.0,1,0.99284893
2019-03-04 00:00:00-05:00,1.0,1,0.99323714
2019-03-05 00:00:00-05:00,1.0,1,0.9952796
2019-03-06 00:00:00-05:00,1.0,1,0.9960507
2019-03-07 00:00:00-05:00,1.0,1,0.9983864
2019-03-08 00:00:00-05:00,1.0,1,0.99796546
2019-03-11 00:00:00-04:00,1.0,1,0.99783826
2019-03-12 00:00:00-04:00,1.0,1,0.9977674
2019-03-13 00:00:00-04:00,1.0,1,0.9974192
2019-03-14 00:00:00-04:00,1.0,1,0.99746764
2019-03-15 00:00:00-04:00,1.0,1,0.9982159
2019-03-18 00:00:00-04:00,1.0,1,0.9975862
2019-03-19 00:00:00-04:00,1.0,1,0.99763834
2019-03-20 00:00:00-04:00,1.0,1,0.9980036
2019-03-21 00:00:00-04:00,1.0,1,0.9978684
2019-03-22 00:00:00-04:00,1.0,1,0.99858576
2019-03-25 00:00:00-04:00,1.0,1,0.997757
2019-03-26 00:00:00-04:00,1.0,1,0.9979807
2019-03-27 00:00:00-04:00,1.0,1,0.9907881
2019-03-28 00:00:00-04:00,1.0,1,0.99756634
2019-03-29 00:00:00-04:00,1.0,1,0.996425
2019-04-01 00:00:00-04:00,1.0,1,0.9975619
2019-04-02 00:00:00-04:00,1.0,1,0.9977046
2019-04-03 00:00:00-04:00,1.0,1,0.99054235
2019-04-04 00:00:00-04:00,1.0,1,0.9982206
2019-04-05 00:00:00-04:00,1.0,1,0.98574007
2019-04-08 00:00:00-04:00,1.0,1,0.9830659
2019-04-09 00:00:00-04:00,1.0,1,0.9964463
2019-04-10 00:00:00-04:00,1.0,1,0.9980968
2019-04-11 00:00:00-04:00,1.0,1,0.9972223
2019-04-12 00:00:00-04:00,1.0,1,0.9981137
2019-04-15 00:00:00-04:00,1.0,1,0.99681056
2019-04-16 00:00:00-04:00,1.0,1,0.97845757
2019-04-17 00:00:00-04:00,1.0,1,0.9794785
2019-04-18 00:00:00-04:00,1.0,1,0.9669003
2019-04-22 00:00:00-04:00,1.0,1,0.96708286
2019-04-23 00:00:00-04:00,1.0,1,0.96939135
2019-04-24 00:00:00-04:00,1.0,1,0.9720475
2019-04-25 00:00:00-04:00,1.0,1,0.8392104
2019-04-26 00:00:00-04:00,1.0,1,0.8931824
2019-04-29 00:00:00-04:00,1.0,1,0.9594511
2019-04-30 00:00:00-04:00,1.0,1,0.9141117
2019-05-01 00:00:00-04:00,1.0,1,0.9502384
2019-05-02 00:00:00-04:00,1.0,1,0.94576436
2019-05-03 00:00:00-04:00,1.0,1,0.8626965
2019-05-06 00:00:00-04:00,1.0,1,0.9275085
2019-05-07 00:00:00-04:00,1.0,1,0.96339136
2019-05-08 00:00:00-04:00,1.0,1,0.9511643
2019-05-09 00:00:00-04:00,1.0,1,0.9618104
2019-05-10 00:00:00-04:00,1.0,1,0.960081
2019-05-13 00:00:00-04:00,1.0,1,0.99835974
2019-05-14 00:00:00-04:00,1.0,1,0.98749226
2019-05-15 00:00:00-04:00,1.0,1,0.9731984
2019-05-16 00:00:00-04:00,1.0,1,0.88581586
2019-05-17 00:00:00-04:00,1.0,1,0.9601691
2019-05-20 00:00:00-04:00,1.0,1,0.97521603
2019-05-21 00:00:00-04:00,1.0,1,0.95578223
2019-05-22 00:00:00-04:00,1.0,1,0.95904666
2019-05-23 00:00:00-04:00,1.0,1,0.9456652
2019-05-24 00:00:00-04:00,1.0,1,0.9053838
2019-05-28 00:00:00-04:00,1.0,1,0.94348407
2019-05-29 00:00:00-04:00,1.0,1,0.97250396
2019-05-30 00:00:00-04:00,1.0,1,0.9572429
2019-05-31 00:00:00-04:00,1.0,1,0.9628686
2019-06-03 00:00:00-04:00,1.0,1,0.9991385
2019-06-04 00:00:00-04:00,1.0,1,0.9936674
2019-06-05 00:00:00-04:00,1.0,1,0.97907007
2019-06-06 00:00:00-04:00,1.0,1,0.9294169
2019-06-07 00:00:00-04:00,1.0,1,0.72651833
2019-06-10 00:00:00-04:00,1.0,0,0.4820876
2019-06-11 00:00:00-04:00,1.0,0,0.4947444
2019-06-12 00:00:00-04:00,1.0,0,0.27648306
2019-06-13 00:00:00-04:00,1.0,0,0.30319166
2019-06-14 00:00:00-04:00,1.0,0,0.20386475
2019-06-17 00:00:00-04:00,1.0,0,0.18063588
2019-06-18 00:00:00-04:00,1.0,0,0.25034335
2019-06-19 00:00:00-04:00,1.0,0,0.2665501
2019-06-20 00:00:00-04:00,1.0,0,0.44244897
2019-06-21 00:00:00-04:00,1.0,0,0.30579758
2019-06-24 00:00:00-04:00,1.0,0,0.37930205
2019-06-25 00:00:00-04:00,1.0,1,0.7575012
2019-06-26 00:00:00-04:00,1.0,1,0.738035
2019-06-27 00:00:00-04:00,1.0,1,0.8190909
2019-06-28 00:00:00-04:00,1.0,1,0.7794922
2019-07-01 00:00:00-04:00,1.0,1,0.54706883
2019-07-02 00:00:00-04:00,1.0,0,0.45354673
2019-07-03 00:00:00-04:00,1.0,1,0.6122732
2019-07-05 00:00:00-04:00,1.0,1,0.6412704
2019-07-08 00:00:00-04:00,1.0,1,0.76751655
2019-07-09 00:00:00-04:00,1.0,1,0.8540585
2019-07-10 00:00:00-04:00,1.0,1,0.77796304
2019-07-11 00:00:00-04:00,1.0,1,0.91742665
2019-07-12 00:00:00-04:00,1.0,1,0.9189749
2019-07-15 00:00:00-04:00,1.0,1,0.9308789
2019-07-16 00:00:00-04:00,1.0,1,0.9647419
2019-07-17 00:00:00-04:00,1.0,1,0.97869784
2019-07-18 00:00:00-04:00,1.0,1,0.9628161
2019-07-19 00:00:00-04:00,1.0,1,0.9911881
2019-07-22 00:00:00-04:00,1.0,1,0.9735761
2019-07-23 00:00:00-04:00,1.0,1,0.971236
2019-07-24 00:00:00-04:00,1.0,1,0.8613609
2019-07-25 00:00:00-04:00,1.0,1,0.7622902
2019-07-26 00:00:00-04:00,1.0,1,0.6006332
2019-07-29 00:00:00-04:00,1.0,1,0.6965505
2019-07-30 00:00:00-04:00,1.0,1,0.7865823
2019-07-31 00:00:00-04:00,1.0,1,0.99243325
2019-08-01 00:00:00-04:00,1.0,1,0.9520076
2019-08-02 00:00:00-04:00,1.0,1,0.97818804
2019-08-05 00:00:00-04:00,1.0,1,0.9985423
2019-08-06 00:00:00-04:00,1.0,1,0.9970629
2019-08-07 00:00:00-04:00,1.0,1,0.9965623
2019-08-08 00:00:00-04:00,1.0,1,0.9956334
2019-08-09 00:00:00-04:00,1.0,1,0.99689853
2019-08-12 00:00:00-04:00,1.0,1,0.99774915
2019-08-13 00:00:00-04:00,1.0,1,0.9957883
2019-08-14 00:00:00-04:00,1.0,1,0.997334
2019-08-15 00:00:00-04:00,1.0,1,0.9976003
2019-08-16 00:00:00-04:00,1.0,1,0.9972967
2019-08-19 00:00:00-04:00,1.0,1,0.9968484
2019-08-20 00:00:00-04:00,1.0,1,0.99774694
2019-08-21 00:00:00-04:00,1.0,1,0.9983628
2019-08-22 00:00:00-04:00,1.0,1,0.99772924
2019-08-23 00:00:00-04:00,1.0,1,0.9978236
2019-08-26 00:00:00-04:00,1.0,1,0.99736214
2019-08-27 00:00:00-04:00,1.0,1,0.99719876
2019-08-28 00:00:00-04:00,1.0,1,0.99769527
2019-08-29 00:00:00-04:00,1.0,1,0.99735945
2019-08-30 00:00:00-04:00,1.0,1,0.9966005
2019-09-03 00:00:00-04:00,1.0,1,0.99779385
2019-09-04 00:00:00-04:00,1.0,1,0.9978269
2019-09-05 00:00:00-04:00,1.0,1,0.9528979
2019-09-06 00:00:00-04:00,1.0,1,0.9603994
2019-09-09 00:00:00-04:00,1.0,1,0.96630436
2019-09-10 00:00:00-04:00,1.0,1,0.9551923
2019-09-11 00:00:00-04:00,1.0,1,0.9583718
2019-09-12 00:00:00-04:00,1.0,1,0.9574854
2019-09-13 00:00:00-04:00,1.0,1,0.9577748
2019-09-16 00:00:00-04:00,1.0,1,0.9675698
2019-09-17 00:00:00-04:00,1.0,1,0.9618011
2019-09-18 00:00:00-04:00,1.0,1,0.947806
2019-09-19 00:00:00-04:00,1.0,1,0.92641205
2019-09-20 00:00:00-04:00,1.0,1,0.93867874
2019-09-23 00:00:00-04:00,1.0,1,0.9606189
2019-09-24 00:00:00-04:00,1.0,1,0.96265304
2019-09-25 00:00:00-04:00,1.0,1,0.95347923
2019-09-26 00:00:00-04:00,1.0,1,0.957304
2019-09-27 00:00:00-04:00,1.0,1,0.965718
2019-09-30 00:00:00-04:00,1.0,1,0.95649755
2019-10-01 00:00:00-04:00,1.0,1,0.97196525
2019-10-02 00:00:00-04:00,1.0,1,0.9617257
2019-10-03 00:00:00-04:00,1.0,1,0.9556692
2019-10-04 00:00:00-04:00,1.0,1,0.9442298
2019-10-07 00:00:00-04:00,1.0,1,0.9658753
2019-10-08 00:00:00-04:00,1.0,1,0.9586006
2019-10-09 00:00:00-04:00,1.0,1,0.9480319
2019-10-10 00:00:00-04:00,1.0,1,0.9580926
2019-10-11 00:00:00-04:00,1.0,1,0.95634437
2019-10-14 00:00:00-04:00,1.0,1,0.97179043
2019-10-15 00:00:00-04:00,1.0,1,0.95943683
2019-10-16 00:00:00-04:00,1.0,1,0.96008754
2019-10-17 00:00:00-04:00,1.0,1,0.9697892
2019-10-18 00:00:00-04:00,1.0,1,0.9695045
2019-10-21 00:00:00-04:00,1.0,1,0.9625571
2019-10-22 00:00:00-04:00,1.0,1,0.9793466
2019-10-23 00:00:00-04:00,1.0,1,0.9580282
2019-10-24 00:00:00-04:00,1.0,1,0.9379181
2019-10-25 00:00:00-04:00,1.0,1,0.96158636
2019-10-28 00:00:00-04:00,1.0,1,0.9431591
2019-10-29 00:00:00-04:00,1.0,1,0.9663747
2019-10-30 00:00:00-04:00,1.0,1,0.96439004
2019-10-31 00:00:00-04:00,0.0,0,0.28865612
2019-11-01 00:00:00-04:00,1.0,1,0.9473814
2019-11-04 00:00:00-05:00,0.0,0,0.11125695
2019-11-05 00:00:00-05:00,1.0,1,0.9566891
2019-11-06 00:00:00-05:00,0.0,0,0.36000934
2019-11-07 00:00:00-05:00,0.0,1,0.7420844
2019-11-08 00:00:00-05:00,0.0,0,0.14084597
2019-11-11 00:00:00-05:00,0.0,0,0.099174134
2019-11-12 00:00:00-05:00,1.0,1,0.9302309
2019-11-13 00:00:00-05:00,1.0,1,0.8345554
2019-11-14 00:00:00-05:00,1.0,1,0.9632065
2019-11-15 00:00:00-05:00,1.0,1,0.7879206
2019-11-18 00:00:00-05:00,1.0,1,0.9531119
2019-11-19 00:00:00-05:00,1.0,1,0.9566117
2019-11-20 00:00:00-05:00,1.0,1,0.9374724
2019-11-21 00:00:00-05:00,1.0,1,0.9614894
2019-11-22 00:00:00-05:00,1.0,1,0.96628016
2019-11-25 00:00:00-05:00,1.0,1,0.9492717
2019-11-26 00:00:00-05:00,1.0,1,0.94813
2019-11-27 00:00:00-05:00,1.0,1,0.9576729
2019-11-29 00:00:00-05:00,1.0,1,0.97131944
2019-12-02 00:00:00-05:00,1.0,1,0.965888
2019-12-03 00:00:00-05:00,1.0,1,0.9528729
2019-12-04 00:00:00-05:00,1.0,1,0.9648523
2019-12-05 00:00:00-05:00,1.0,1,0.9661593
2019-12-06 00:00:00-05:00,1.0,1,0.9607226
2019-12-09 00:00:00-05:00,1.0,1,0.9615898
2019-12-10 00:00:00-05:00,1.0,1,0.9628627
2019-12-11 00:00:00-05:00,1.0,1,0.960574
2019-12-12 00:00:00-05:00,1.0,1,0.96192425
2019-12-13 00:00:00-05:00,1.0,1,0.96175355
2019-12-16 00:00:00-05:00,1.0,1,0.96016383
2019-12-17 00:00:00-05:00,1.0,1,0.9599
2019-12-18 00:00:00-05:00,1.0,1,0.96127814
2019-12-19 00:00:00-05:00,1.0,1,0.9625173
2019-12-20 00:00:00-05:00,1.0,1,0.9554731
2019-12-23 00:00:00-05:00,1.0,1,0.9658071
2019-12-24 00:00:00-05:00,1.0,1,0.97652733
2019-12-26 00:00:00-05:00,1.0,1,0.9620941
2019-12-27 00:00:00-05:00,1.0,1,0.95920503
2019-12-30 00:00:00-05:00,1.0,1,0.9624641
2019-12-31 00:00:00-05:00,1.0,1,0.9600915
2020-01-02 00:00:00-05:00,1.0,1,0.9626118
2020-01-03 00:00:00-05:00,1.0,1,0.9645427
2020-01-06 00:00:00-05:00,1.0,1,0.9656095
2020-01-07 00:00:00-05:00,1.0,1,0.9638274
2020-01-08 00:00:00-05:00,1.0,1,0.9612227
2020-01-09 00:00:00-05:00,1.0,1,0.9582567
2020-01-10 00:00:00-05:00,1.0,1,0.95838654
2020-01-13 00:00:00-05:00,1.0,1,0.95901364
2020-01-14 00:00:00-05:00,1.0,1,0.9608548
2020-01-15 00:00:00-05:00,1.0,1,0.96007365
2020-01-16 00:00:00-05:00,1.0,1,0.9612475
2020-01-17 00:00:00-05:00,1.0,1,0.9490557
2020-01-21 00:00:00-05:00,1.0,1,0.9569164
2020-01-22 00:00:00-05:00,1.0,1,0.9624286
2020-01-23 00:00:00-05:00,1.0,1,0.95993596
2020-01-24 00:00:00-05:00,1.0,1,0.966456
2020-01-27 00:00:00-05:00,1.0,1,0.9670389
2020-01-28 00:00:00-05:00,1.0,1,0.9663003
2020-01-29 00:00:00-05:00,1.0,1,0.9506127
2020-01-30 00:00:00-05:00,1.0,1,0.94706213
2020-01-31 00:00:00-05:00,1.0,1,0.94184387
2020-02-03 00:00:00-05:00,1.0,1,0.96483094
2020-02-04 00:00:00-05:00,1.0,1,0.95754313
2020-02-05 00:00:00-05:00,1.0,1,0.94318634
2020-02-06 00:00:00-05:00,1.0,1,0.9461903
2020-02-07 00:00:00-05:00,1.0,1,0.93128484
2020-02-10 00:00:00-05:00,1.0,1,0.93229204
2020-02-11 00:00:00-05:00,1.0,1,0.9189299
2020-02-12 00:00:00-05:00,1.0,1,0.9071724
2020-02-13 00:00:00-05:00,1.0,1,0.9249761
2020-02-14 00:00:00-05:00,1.0,1,0.9409553
2020-02-18 00:00:00-05:00,1.0,1,0.93846387
2020-02-19 00:00:00-05:00,1.0,1,0.93617415
2020-02-20 00:00:00-05:00,1.0,1,0.9067411
2020-02-21 00:00:00-05:00,1.0,1,0.90582347
2020-02-24 00:00:00-05:00,1.0,1,0.9387823
2020-02-25 00:00:00-05:00,1.0,1,0.91992295
2020-02-26 00:00:00-05:00,1.0,1,0.9259169
2020-02-27 00:00:00-05:00,1.0,1,0.9199101
2020-02-28 00:00:00-05:00,1.0,1,0.9596461
2020-03-02 00:00:00-05:00,1.0,1,0.92541325
2020-03-03 00:00:00-05:00,1.0,1,0.92113364
2020-03-04 00:00:00-05:00,1.0,1,0.90943396
2020-03-05 00:00:00-05:00,1.0,1,0.93785894
2020-03-06 00:00:00-05:00,1.0,1,0.9694474
2020-03-09 00:00:00-04:00,1.0,1,0.99171555
2020-03-10 00:00:00-04:00,1.0,1,0.96511745
2020-03-11 00:00:00-04:00,1.0,1,0.9842473
2020-03-12 00:00:00-04:00,1.0,1,0.98338336
2020-03-13 00:00:00-04:00,1.0,1,0.9894415
2020-03-16 00:00:00-04:00,1.0,1,0.981313
2020-03-17 00:00:00-04:00,1.0,1,0.96114165
2020-03-18 00:00:00-04:00,1.0,1,0.96218294
2020-03-19 00:00:00-04:00,1.0,1,0.970864
2020-03-20 00:00:00-04:00,1.0,1,0.9796172
2020-03-23 00:00:00-04:00,1.0,1,0.98025453
2020-03-24 00:00:00-04:00,1.0,1,0.9656228
2020-03-25 00:00:00-04:00,1.0,1,0.9823598
2020-03-26 00:00:00-04:00,1.0,1,0.96190184
2020-03-27 00:00:00-04:00,1.0,1,0.9901665
2020-03-30 00:00:00-04:00,1.0,1,0.96827126
2020-03-31 00:00:00-04:00,1.0,1,0.98585504
2020-04-01 00:00:00-04:00,1.0,1,0.98956376
2020-04-02 00:00:00-04:00,1.0,1,0.9764732
2020-04-03 00:00:00-04:00,1.0,1,0.98821574
2020-04-06 00:00:00-04:00,1.0,1,0.9621134
2020-04-07 00:00:00-04:00,1.0,1,0.98970824
2020-04-08 00:00:00-04:00,1.0,1,0.984698
2020-04-09 00:00:00-04:00,1.0,1,0.98670006
2020-04-13 00:00:00-04:00,1.0,1,0.9783268
2020-04-14 00:00:00-04:00,1.0,1,0.9682396
2020-04-15 00:00:00-04:00,1.0,1,0.98252034
2020-04-16 00:00:00-04:00,1.0,1,0.97711456
2020-04-17 00:00:00-04:00,1.0,1,0.97948056
2020-04-20 00:00:00-04:00,1.0,1,0.9870082
2020-04-21 00:00:00-04:00,1.0,1,0.98233855
2020-04-22 00:00:00-04:00,1.0,1,0.9692183
2020-04-23 00:00:00-04:00,1.0,1,0.986356
2020-04-24 00:00:00-04:00,1.0,1,0.9651181
2020-04-27 00:00:00-04:00,1.0,1,0.9813138
2020-04-28 00:00:00-04:00,1.0,1,0.9880816
2020-04-29 00:00:00-04:00,1.0,1,0.9615028
2020-04-30 00:00:00-04:00,1.0,1,0.9825199
2020-05-01 00:00:00-04:00,1.0,1,0.98901993
2020-05-04 00:00:00-04:00,1.0,1,0.9781321
2020-05-05 00:00:00-04:00,1.0,1,0.9878794
2020-05-06 00:00:00-04:00,1.0,1,0.98723406
2020-05-07 00:00:00-04:00,1.0,1,0.98687416
2020-05-08 00:00:00-04:00,1.0,1,0.9857376
2020-05-11 00:00:00-04:00,1.0,1,0.97826004
2020-05-12 00:00:00-04:00,1.0,1,0.99063474
2020-05-13 00:00:00-04:00,1.0,1,0.97947675
2020-05-14 00:00:00-04:00,1.0,1,0.96291065
2020-05-15 00:00:00-04:00,1.0,1,0.9588978
2020-05-18 00:00:00-04:00,1.0,1,0.9826781
2020-05-19 00:00:00-04:00,1.0,1,0.98866975
2020-05-20 00:00:00-04:00,1.0,1,0.97914684
2020-05-21 00:00:00-04:00,1.0,1,0.98779047
2020-05-22 00:00:00-04:00,1.0,1,0.98869735
2020-05-26 00:00:00-04:00,1.0,1,0.98550314
2020-05-27 00:00:00-04:00,1.0,1,0.9660246
2020-05-28 00:00:00-04:00,1.0,1,0.98281765
2020-05-29 00:00:00-04:00,1.0,1,0.9736879
2020-06-01 00:00:00-04:00,1.0,1,0.9860563
2020-06-02 00:00:00-04:00,1.0,1,0.9728752
2020-06-03 00:00:00-04:00,1.0,1,0.9787902
2020-06-04 00:00:00-04:00,1.0,1,0.98351
2020-06-05 00:00:00-04:00,1.0,1,0.9903058
2020-06-08 00:00:00-04:00,1.0,1,0.9922569
2020-06-09 00:00:00-04:00,1.0,1,0.9937697
2020-06-10 00:00:00-04:00,1.0,1,0.99209476
2020-06-11 00:00:00-04:00,1.0,1,0.9969085
2020-06-12 00:00:00-04:00,1.0,1,0.99511427
2020-06-15 00:00:00-04:00,1.0,1,0.99163973
2020-06-16 00:00:00-04:00,1.0,1,0.995112
2020-06-17 00:00:00-04:00,1.0,1,0.99635345
2020-06-18 00:00:00-04:00,1.0,1,0.99647284
2020-06-19 00:00:00-04:00,1.0,1,0.9972666
2020-06-22 00:00:00-04:00,1.0,0,0.1536637
2020-06-23 00:00:00-04:00,1.0,0,0.35052562
2020-06-24 00:00:00-04:00,1.0,1,0.7253324
2020-06-25 00:00:00-04:00,1.0,0,0.16472097
2020-06-26 00:00:00-04:00,1.0,1,0.99157023
2020-06-29 00:00:00-04:00,1.0,1,0.9951309
2020-06-30 00:00:00-04:00,1.0,1,0.9930128
2020-07-01 00:00:00-04:00,1.0,1,0.9960803
2020-07-02 00:00:00-04:00,1.0,1,0.9974464
2020-07-06 00:00:00-04:00,1.0,0,0.07867605
2020-07-07 00:00:00-04:00,1.0,1,0.99200886
2020-07-08 00:00:00-04:00,1.0,0,0.4400199
2020-07-09 00:00:00-04:00,1.0,0,0.4572467
2020-07-10 00:00:00-04:00,1.0,1,0.7966889
2020-07-13 00:00:00-04:00,1.0,1,0.98109615
2020-07-14 00:00:00-04:00,1.0,0,0.3779392
2020-07-15 00:00:00-04:00,1.0,1,0.8119886
2020-07-16 00:00:00-04:00,1.0,1,0.95768946
2020-07-17 00:00:00-04:00,1.0,1,0.97263396
2020-07-20 00:00:00-04:00,1.0,0,0.17554463
2020-07-21 00:00:00-04:00,1.0,1,0.91046643
2020-07-22 00:00:00-04:00,1.0,1,0.6526176
2020-07-23 00:00:00-04:00,1.0,1,0.99825233
2020-07-24 00:00:00-04:00,1.0,1,0.9951931
2020-07-27 00:00:00-04:00,1.0,1,0.9953068
2020-07-28 00:00:00-04:00,1.0,1,0.9976884
2020-07-29 00:00:00-04:00,1.0,1,0.9967053
2020-07-30 00:00:00-04:00,1.0,1,0.994226
2020-07-31 00:00:00-04:00,1.0,1,0.9922533
2020-08-03 00:00:00-04:00,0.0,0,0.011874957
2020-08-04 00:00:00-04:00,0.0,0,0.029690566
2020-08-05 00:00:00-04:00,1.0,0,0.22641051
2020-08-06 00:00:00-04:00,0.0,0,0.035137642
2020-08-07 00:00:00-04:00,1.0,1,0.5622659
2020-08-10 00:00:00-04:00,1.0,1,0.9975414
2020-08-11 00:00:00-04:00,1.0,1,0.99740946
2020-08-12 00:00:00-04:00,1.0,1,0.99142843
2020-08-13 00:00:00-04:00,1.0,1,0.9984419
2020-08-14 00:00:00-04:00,1.0,1,0.9982807
2020-08-17 00:00:00-04:00,1.0,1,0.99781245
2020-08-18 00:00:00-04:00,1.0,1,0.9983947
2020-08-19 00:00:00-04:00,1.0,1,0.9982303
2020-08-20 00:00:00-04:00,1.0,1,0.9928027
2020-08-21 00:00:00-04:00,1.0,1,0.9916875
2020-08-24 00:00:00-04:00,1.0,1,0.9962095
2020-08-25 00:00:00-04:00,1.0,0,0.49156004
2020-08-26 00:00:00-04:00,0.0,0,0.0122823715
2020-08-27 00:00:00-04:00,0.0,0,0.01305222
2020-08-28 00:00:00-04:00,0.0,0,0.0035133173
2020-08-31 00:00:00-04:00,0.0,0,0.0050090034
2020-09-01 00:00:00-04:00,0.0,0,0.002943097
2020-09-02 00:00:00-04:00,0.0,0,0.0032109667
2020-09-03 00:00:00-04:00,0.0,1,0.95060945
2020-09-04 00:00:00-04:00,0.0,1,0.92507666
2020-09-08 00:00:00-04:00,1.0,1,0.98978436
2020-09-09 00:00:00-04:00,1.0,1,0.9875222
2020-09-10 00:00:00-04:00,1.0,1,0.98747355
2020-09-11 00:00:00-04:00,1.0,1,0.98004305
2020-09-14 00:00:00-04:00,1.0,1,0.9843988
2020-09-15 00:00:00-04:00,1.0,1,0.98538643
2020-09-16 00:00:00-04:00,1.0,1,0.986423
2020-09-17 00:00:00-04:00,1.0,1,0.9788273
2020-09-18 00:00:00-04:00,1.0,1,0.98134893
2020-09-21 00:00:00-04:00,1.0,1,0.9829002
2020-09-22 00:00:00-04:00,1.0,1,0.9812289
2020-09-23 00:00:00-04:00,1.0,1,0.9856073
2020-09-24 00:00:00-04:00,1.0,1,0.98001766
2020-09-25 00:00:00-04:00,1.0,1,0.9814567
2020-09-28 00:00:00-04:00,1.0,1,0.9827034
2020-09-29 00:00:00-04:00,1.0,1,0.9841087
2020-09-30 00:00:00-04:00,1.0,1,0.9800549
2020-10-01 00:00:00-04:00,1.0,1,0.9828496
2020-10-02 00:00:00-04:00,1.0,1,0.9832226
2020-10-05 00:00:00-04:00,1.0,1,0.9835555
2020-10-06 00:00:00-04:00,1.0,1,0.9825375
2020-10-07 00:00:00-04:00,1.0,1,0.9798048
2020-10-08 00:00:00-04:00,1.0,1,0.98402876
2020-10-09 00:00:00-04:00,1.0,1,0.9844381
2020-10-12 00:00:00-04:00,1.0,1,0.9883428
2020-10-13 00:00:00-04:00,1.0,1,0.98817647
2020-10-14 00:00:00-04:00,1.0,1,0.99086344
2020-10-15 00:00:00-04:00,1.0,1,0.98944855
2020-10-16 00:00:00-04:00,1.0,1,0.99032885
2020-10-19 00:00:00-04:00,1.0,1,0.99006385
2020-10-20 00:00:00-04:00,1.0,1,0.98765475
2020-10-21 00:00:00-04:00,1.0,1,0.9873707
2020-10-22 00:00:00-04:00,1.0,1,0.98496526
2020-10-23 00:00:00-04:00,1.0,1,0.98556936
2020-10-26 00:00:00-04:00,1.0,1,0.9844545
2020-10-27 00:00:00-04:00,1.0,1,0.9799714
2020-10-28 00:00:00-04:00,1.0,1,0.9868959
2020-10-29 00:00:00-04:00,1.0,1,0.9788526
2020-10-30 00:00:00-04:00,1.0,1,0.9741218
2020-11-02 00:00:00-05:00,1.0,1,0.9775894
2020-11-03 00:00:00-05:00,1.0,1,0.9795592
2020-11-04 00:00:00-05:00,1.0,1,0.9861626
2020-11-05 00:00:00-05:00,1.0,1,0.9875858
2020-11-06 00:00:00-05:00,1.0,1,0.9902287
2020-11-09 00:00:00-05:00,1.0,1,0.99246883
2020-11-10 00:00:00-05:00,1.0,1,0.98672897
2020-11-11 00:00:00-05:00,1.0,1,0.9850181
2020-11-12 00:00:00-05:00,1.0,1,0.98968154
2020-11-13 00:00:00-05:00,1.0,1,0.98810613
2020-11-16 00:00:00-05:00,1.0,1,0.98403
2020-11-17 00:00:00-05:00,1.0,1,0.98729026
2020-11-18 00:00:00-05:00,1.0,1,0.9849093
2020-11-19 00:00:00-05:00,1.0,1,0.98013437
2020-11-20 00:00:00-05:00,1.0,1,0.9836204
2020-11-23 00:00:00-05:00,1.0,1,0.9795708
2020-11-24 00:00:00-05:00,1.0,1,0.97760516
2020-11-25 00:00:00-05:00,1.0,1,0.9843158
2020-11-27 00:00:00-05:00,1.0,1,0.9892077
2020-11-30 00:00:00-05:00,1.0,1,0.9723345
2020-12-01 00:00:00-05:00,1.0,1,0.9756226
2020-12-02 00:00:00-05:00,1.0,1,0.9782976
2020-12-03 00:00:00-05:00,1.0,1,0.970757
2020-12-04 00:00:00-05:00,1.0,1,0.96741325
2020-12-07 00:00:00-05:00,1.0,1,0.9692369
2020-12-08 00:00:00-05:00,1.0,1,0.96736485
2020-12-09 00:00:00-05:00,1.0,1,0.95707405
2020-12-10 00:00:00-05:00,1.0,1,0.97382057
2020-12-11 00:00:00-05:00,1.0,1,0.94032407
2020-12-14 00:00:00-05:00,1.0,1,0.96278733
2020-12-15 00:00:00-05:00,1.0,1,0.9599087
2020-12-16 00:00:00-05:00,1.0,1,0.9128503
2020-12-17 00:00:00-05:00,1.0,1,0.93911946
2020-12-18 00:00:00-05:00,1.0,1,0.91378236
2020-12-21 00:00:00-05:00,1.0,1,0.894636
2020-12-22 00:00:00-05:00,1.0,1,0.96875036
2020-12-23 00:00:00-05:00,1.0,1,0.9797506
2020-12-24 00:00:00-05:00,1.0,1,0.9872253
2020-12-28 00:00:00-05:00,1.0,1,0.9775079
2020-12-29 00:00:00-05:00,1.0,1,0.9815715
2020-12-30 00:00:00-05:00,1.0,1,0.9760702
2020-12-31 00:00:00-05:00,1.0,1,0.964456
2021-01-04 00:00:00-05:00,1.0,1,0.9175391
2021-01-05 00:00:00-05:00,1.0,1,0.9648839
2021-01-06 00:00:00-05:00,1.0,1,0.96376884
2021-01-07 00:00:00-05:00,1.0,1,0.94966507
2021-01-08 00:00:00-05:00,1.0,1,0.96965337
2021-01-11 00:00:00-05:00,1.0,1,0.9752548
2021-01-12 00:00:00-05:00,1.0,1,0.978959
2021-01-13 00:00:00-05:00,1.0,1,0.98743093
2021-01-14 00:00:00-05:00,1.0,1,0.9764574
2021-01-15 00:00:00-05:00,1.0,1,0.99249256
2021-01-19 00:00:00-05:00,1.0,1,0.97142226
2021-01-20 00:00:00-05:00,1.0,1,0.9305103
2021-01-21 00:00:00-05:00,1.0,1,0.95687324
2021-01-22 00:00:00-05:00,1.0,1,0.9723411
2021-01-25 00:00:00-05:00,1.0,1,0.93345034
2021-01-26 00:00:00-05:00,1.0,1,0.9482206
2021-01-27 00:00:00-05:00,1.0,1,0.94263077
2021-01-28 00:00:00-05:00,1.0,1,0.943726
2021-01-29 00:00:00-05:00,1.0,1,0.96094465
2021-02-01 00:00:00-05:00,1.0,1,0.9351604
2021-02-02 00:00:00-05:00,1.0,1,0.97626984
2021-02-03 00:00:00-05:00,1.0,1,0.9636276
2021-02-04 00:00:00-05:00,1.0,1,0.9749755
2021-02-05 00:00:00-05:00,1.0,1,0.9842719
2021-02-08 00:00:00-05:00,1.0,1,0.9782787
2021-02-09 00:00:00-05:00,1.0,1,0.974331
2021-02-10 00:00:00-05:00,1.0,1,0.97503555
2021-02-11 00:00:00-05:00,1.0,1,0.98430216
2021-02-12 00:00:00-05:00,1.0,1,0.98306406
2021-02-16 00:00:00-05:00,1.0,1,0.96968657
2021-02-17 00:00:00-05:00,1.0,1,0.97216326
2021-02-18 00:00:00-05:00,1.0,1,0.9803326
2021-02-19 00:00:00-05:00,1.0,1,0.9680034
2021-02-22 00:00:00-05:00,1.0,1,0.91207445
2021-02-23 00:00:00-05:00,1.0,1,0.90258694
2021-02-24 00:00:00-05:00,1.0,1,0.9182982
2021-02-25 00:00:00-05:00,1.0,1,0.9096761
2021-02-26 00:00:00-05:00,1.0,1,0.894416
2021-03-01 00:00:00-05:00,1.0,1,0.94433945
2021-03-02 00:00:00-05:00,1.0,1,0.9694865
2021-03-03 00:00:00-05:00,1.0,1,0.9341639
2021-03-04 00:00:00-05:00,1.0,1,0.8806455
2021-03-05 00:00:00-05:00,1.0,1,0.8591416
2021-03-08 00:00:00-05:00,1.0,1,0.9849282
2021-03-09 00:00:00-05:00,1.0,1,0.9868845
2021-03-10 00:00:00-05:00,1.0,1,0.9905773
2021-03-11 00:00:00-05:00,1.0,1,0.9898963
2021-03-12 00:00:00-05:00,1.0,1,0.99292207
2021-03-15 00:00:00-04:00,1.0,1,0.9906007
2021-03-16 00:00:00-04:00,1.0,1,0.9915518
2021-03-17 00:00:00-04:00,1.0,1,0.98826206
2021-03-18 00:00:00-04:00,1.0,1,0.98444307
2021-03-19 00:00:00-04:00,1.0,1,0.9841238
2021-03-22 00:00:00-04:00,1.0,1,0.9831724
2021-03-23 00:00:00-04:00,1.0,1,0.98860496
2021-03-24 00:00:00-04:00,1.0,1,0.9952323
2021-03-25 00:00:00-04:00,1.0,1,0.9898084
2021-03-26 00:00:00-04:00,1.0,1,0.9918338
2021-03-29 00:00:00-04:00,1.0,1,0.99290335
2021-03-30 00:00:00-04:00,1.0,1,0.99439573
2021-03-31 00:00:00-04:00,1.0,1,0.9839329
2021-04-01 00:00:00-04:00,1.0,1,0.99103737
2021-04-05 00:00:00-04:00,1.0,1,0.9815511
2021-04-06 00:00:00-04:00,1.0,1,0.99397
2021-04-07 00:00:00-04:00,1.0,1,0.993304
2021-04-08 00:00:00-04:00,1.0,1,0.99437684
2021-04-09 00:00:00-04:00,1.0,1,0.9931522
2021-04-12 00:00:00-04:00,1.0,1,0.993156
2021-04-13 00:00:00-04:00,1.0,1,0.99399966
2021-04-14 00:00:00-04:00,1.0,1,0.99442303
2021-04-15 00:00:00-04:00,1.0,1,0.9937609
2021-04-16 00:00:00-04:00,1.0,1,0.9934535
2021-04-19 00:00:00-04:00,1.0,1,0.99465066
2021-04-20 00:00:00-04:00,1.0,1,0.99558127
2021-04-21 00:00:00-04:00,1.0,1,0.99427336
2021-04-22 00:00:00-04:00,1.0,1,0.9929899
2021-04-23 00:00:00-04:00,1.0,1,0.9943991
2021-04-26 00:00:00-04:00,1.0,1,0.99611926
2021-04-27 00:00:00-04:00,1.0,1,0.99321175
2021-04-28 00:00:00-04:00,1.0,1,0.9858319
2021-04-29 00:00:00-04:00,1.0,1,0.9799431
2021-04-30 00:00:00-04:00,1.0,1,0.9884377
2021-05-03 00:00:00-04:00,1.0,1,0.9951612
2021-05-04 00:00:00-04:00,1.0,1,0.9865204
2021-05-05 00:00:00-04:00,1.0,1,0.9938837
2021-05-06 00:00:00-04:00,1.0,1,0.98838204
2021-05-07 00:00:00-04:00,1.0,1,0.9924272
2021-05-10 00:00:00-04:00,1.0,1,0.98943514
2021-05-11 00:00:00-04:00,1.0,1,0.9814321
2021-05-12 00:00:00-04:00,1.0,1,0.9855902
2021-05-13 00:00:00-04:00,1.0,1,0.9878485
2021-05-14 00:00:00-04:00,1.0,1,0.9923855
2021-05-17 00:00:00-04:00,1.0,1,0.991558
2021-05-18 00:00:00-04:00,1.0,1,0.9942817
2021-05-19 00:00:00-04:00,1.0,1,0.98896277
2021-05-20 00:00:00-04:00,1.0,1,0.9936156
2021-05-21 00:00:00-04:00,1.0,1,0.99430484
2021-05-24 00:00:00-04:00,1.0,1,0.99426466
2021-05-25 00:00:00-04:00,1.0,1,0.995598
2021-05-26 00:00:00-04:00,1.0,1,0.9955285
2021-05-27 00:00:00-04:00,1.0,1,0.9936287
2021-05-28 00:00:00-04:00,1.0,1,0.99497634
2021-06-01 00:00:00-04:00,1.0,1,0.9943405
2021-06-02 00:00:00-04:00,1.0,1,0.99397993
2021-06-03 00:00:00-04:00,1.0,1,0.9942595
2021-06-04 00:00:00-04:00,1.0,1,0.991142
2021-06-07 00:00:00-04:00,1.0,1,0.99466115
2021-06-08 00:00:00-04:00,1.0,1,0.9986607
2021-06-09 00:00:00-04:00,1.0,1,0.9986448
2021-06-10 00:00:00-04:00,1.0,1,0.99573874
2021-06-11 00:00:00-04:00,1.0,1,0.996998
2021-06-14 00:00:00-04:00,1.0,1,0.99675083
2021-06-15 00:00:00-04:00,1.0,1,0.9990741
2021-06-16 00:00:00-04:00,1.0,1,0.9976555
2021-06-17 00:00:00-04:00,1.0,1,0.996729
2021-06-18 00:00:00-04:00,1.0,1,0.9983215
2021-06-21 00:00:00-04:00,1.0,1,0.99815035
2021-06-22 00:00:00-04:00,1.0,1,0.9987968
2021-06-23 00:00:00-04:00,1.0,1,0.9991026
2021-06-24 00:00:00-04:00,1.0,1,0.99883544
2021-06-25 00:00:00-04:00,1.0,1,0.99884367
2021-06-28 00:00:00-04:00,1.0,1,0.99905795
2021-06-29 00:00:00-04:00,1.0,1,0.9989465
2021-06-30 00:00:00-04:00,1.0,1,0.9987971
2021-07-01 00:00:00-04:00,1.0,1,0.9990589
2021-07-02 00:00:00-04:00,1.0,1,0.9951588
2021-07-06 00:00:00-04:00,1.0,1,0.9921781
2021-07-07 00:00:00-04:00,1.0,1,0.99635357
2021-07-08 00:00:00-04:00,1.0,1,0.9982088
2021-07-09 00:00:00-04:00,1.0,1,0.9989374
2021-07-12 00:00:00-04:00,1.0,1,0.99933666
2021-07-13 00:00:00-04:00,1.0,1,0.9980855
2021-07-14 00:00:00-04:00,1.0,1,0.99793416
2021-07-15 00:00:00-04:00,1.0,1,0.9983951
2021-07-16 00:00:00-04:00,1.0,1,0.99759007
2021-07-19 00:00:00-04:00,1.0,1,0.99588794
2021-07-20 00:00:00-04:00,1.0,1,0.99769765
2021-07-21 00:00:00-04:00,1.0,1,0.99711853
2021-07-22 00:00:00-04:00,1.0,1,0.99797845
2021-07-23 00:00:00-04:00,1.0,1,0.9977079
2021-07-26 00:00:00-04:00,1.0,1,0.9973493
2021-07-27 00:00:00-04:00,1.0,1,0.9911986
2021-07-28 00:00:00-04:00,1.0,1,0.9932624
2021-07-29 00:00:00-04:00,1.0,1,0.9984716
2021-07-30 00:00:00-04:00,1.0,1,0.99894166
2021-08-02 00:00:00-04:00,1.0,1,0.99930596
2021-08-03 00:00:00-04:00,1.0,1,0.9988984
2021-08-04 00:00:00-04:00,1.0,1,0.9990092
2021-08-05 00:00:00-04:00,1.0,1,0.99945974
2021-08-06 00:00:00-04:00,1.0,1,0.99964845
2021-08-09 00:00:00-04:00,1.0,1,0.9997856
2021-08-10 00:00:00-04:00,1.0,1,0.9996726
2021-08-11 00:00:00-04:00,1.0,1,0.99964917
2021-08-12 00:00:00-04:00,1.0,1,0.9994732
2021-08-13 00:00:00-04:00,1.0,1,0.9992713
2021-08-16 00:00:00-04:00,1.0,1,0.9990039
2021-08-17 00:00:00-04:00,1.0,1,0.9992511
2021-08-18 00:00:00-04:00,1.0,1,0.9994294
2021-08-19 00:00:00-04:00,1.0,1,0.99840605
2021-08-20 00:00:00-04:00,1.0,1,0.9924786
2021-08-23 00:00:00-04:00,1.0,1,0.9985053
2021-08-24 00:00:00-04:00,1.0,1,0.99885345
2021-08-25 00:00:00-04:00,1.0,1,0.998505
2021-08-26 00:00:00-04:00,1.0,1,0.99888176
2021-08-27 00:00:00-04:00,1.0,1,0.9984382
2021-08-30 00:00:00-04:00,1.0,1,0.999319
2021-08-31 00:00:00-04:00,1.0,1,0.9981124
2021-09-01 00:00:00-04:00,1.0,1,0.998961
2021-09-02 00:00:00-04:00,1.0,1,0.9990793
2021-09-03 00:00:00-04:00,1.0,1,0.99955034
2021-09-07 00:00:00-04:00,1.0,1,0.9993637
2021-09-08 00:00:00-04:00,1.0,1,0.9994539
2021-09-09 00:00:00-04:00,1.0,1,0.999104
2021-09-10 00:00:00-04:00,1.0,1,0.9989281
2021-09-13 00:00:00-04:00,1.0,1,0.99837303
2021-09-14 00:00:00-04:00,0.0,1,0.9968882
2021-09-15 00:00:00-04:00,0.0,1,0.98486
2021-09-16 00:00:00-04:00,0.0,1,0.79127526
2021-09-17 00:00:00-04:00,0.0,1,0.9875527
2021-09-20 00:00:00-04:00,1.0,1,0.9938311
2021-09-21 00:00:00-04:00,1.0,1,0.9987268
2021-09-22 00:00:00-04:00,1.0,1,0.99861157
2021-09-23 00:00:00-04:00,1.0,1,0.9993987
2021-09-24 00:00:00-04:00,1.0,1,0.9995331
2021-09-27 00:00:00-04:00,1.0,1,0.9983082
2021-09-28 00:00:00-04:00,1.0,1,0.9894734
2021-09-29 00:00:00-04:00,1.0,1,0.99726856
2021-09-30 00:00:00-04:00,1.0,1,0.99888945
2021-10-01 00:00:00-04:00,1.0,1,0.99922866
2021-10-04 00:00:00-04:00,1.0,1,0.99901634
2021-10-05 00:00:00-04:00,1.0,1,0.99960625
2021-10-06 00:00:00-04:00,1.0,1,0.99907714
2021-10-07 00:00:00-04:00,1.0,1,0.9996165
2021-10-08 00:00:00-04:00,1.0,1,0.999653
2021-10-11 00:00:00-04:00,0.0,1,0.9978001
2021-10-12 00:00:00-04:00,0.0,1,0.9980394
2021-10-13 00:00:00-04:00,0.0,1,0.9975847
2021-10-14 00:00:00-04:00,0.0,1,0.570941
2021-10-15 00:00:00-04:00,0.0,1,0.9976357
2021-10-18 00:00:00-04:00,0.0,1,0.99789625
2021-10-19 00:00:00-04:00,0.0,1,0.9989029
2021-10-20 00:00:00-04:00,0.0,1,0.99629474
2021-10-21 00:00:00-04:00,0.0,1,0.99890727
2021-10-22 00:00:00-04:00,0.0,1,0.995821
2021-10-25 00:00:00-04:00,0.0,1,0.978006
2021-10-26 00:00:00-04:00,0.0,0,0.12925386
2021-10-27 00:00:00-04:00,0.0,0,0.00090904377
2021-10-28 00:00:00-04:00,0.0,0,0.0052451384
2021-10-29 00:00:00-04:00,0.0,0,0.00066937826
2021-11-01 00:00:00-04:00,0.0,0,0.0012369835
2021-11-02 00:00:00-04:00,0.0,0,0.0010738923
2021-11-03 00:00:00-04:00,0.0,0,0.0012613331
2021-11-04 00:00:00-04:00,0.0,0,0.0006942727
2021-11-05 00:00:00-04:00,0.0,0,0.00192157
2021-11-08 00:00:00-05:00,0.0,0,0.0027918613
2021-11-09 00:00:00-05:00,0.0,0,0.0023673275
2021-11-10 00:00:00-05:00,0.0,0,0.0618361
2021-11-11 00:00:00-05:00,0.0,0,0.0051559852
2021-11-12 00:00:00-05:00,0.0,0,0.0046202983
2021-11-15 00:00:00-05:00,0.0,0,0.007418764
2021-11-16 00:00:00-05:00,0.0,0,0.015459016
2021-11-17 00:00:00-05:00,0.0,0,0.4121529
2021-11-18 00:00:00-05:00,0.0,0,0.024697505
2021-11-19 00:00:00-05:00,0.0,0,0.0030115186
2021-11-22 00:00:00-05:00,0.0,0,0.010688185
2021-11-23 00:00:00-05:00,0.0,0,0.11030916
2021-11-24 00:00:00-05:00,0.0,0,0.028663488
2021-11-26 00:00:00-05:00,0.0,0,0.023367317
2021-11-29 00:00:00-05:00,0.0,0,0.001658099
2021-11-30 00:00:00-05:00,0.0,0,0.0015244742
2021-12-01 00:00:00-05:00,0.0,0,0.0009154306
2021-12-02 00:00:00-05:00,0.0,0,0.0005889632
2021-12-03 00:00:00-05:00,0.0,0,0.00034411027
2021-12-06 00:00:00-05:00,0.0,0,0.000107702166
2021-12-07 00:00:00-05:00,0.0,0,5.2750824e-05
2021-12-08 00:00:00-05:00,0.0,0,6.963842e-05
2021-12-09 00:00:00-05:00,0.0,0,0.00021097455
2021-12-10 00:00:00-05:00,0.0,0,2.3326986e-05
2021-12-13 00:00:00-05:00,0.0,0,7.8047146e-05
2021-12-14 00:00:00-05:00,0.0,0,0.00036558797
2021-12-15 00:00:00-05:00,0.0,0,2.6809748e-05
2021-12-16 00:00:00-05:00,0.0,0,0.0005484521
2021-12-17 00:00:00-05:00,0.0,0,0.0006040576
2021-12-20 00:00:00-05:00,0.0,0,0.00061381696
2021-12-21 00:00:00-05:00,0.0,0,0.00011204322
2021-12-22 00:00:00-05:00,0.0,0,4.073407e-05
2021-12-23 00:00:00-05:00,0.0,0,0.00013961691
2021-12-27 00:00:00-05:00,0.0,0,7.5172147e-06
2021-12-28 00:00:00-05:00,0.0,0,2.661495e-05
2021-12-29 00:00:00-05:00,0.0,0,8.667726e-06
2021-12-30 00:00:00-05:00,0.0,0,2.2429173e-05
2021-12-31 00:00:00-05:00,0.0,0,2.1716112e-05
2022-01-03 00:00:00-05:00,0.0,0,5.8123765e-06
2022-01-04 00:00:00-05:00,0.0,0,2.3394667e-05
2022-01-05 00:00:00-05:00,0.0,0,0.0002354865
2022-01-06 00:00:00-05:00,0.0,0,0.00051305734
2022-01-07 00:00:00-05:00,0.0,0,0.0001025403
2022-01-10 00:00:00-05:00,0.0,0,3.542922e-05
2022-01-11 00:00:00-05:00,0.0,0,8.233346e-05
2022-01-12 00:00:00-05:00,0.0,0,0.00025034187
2022-01-13 00:00:00-05:00,0.0,0,0.00096665346
2022-01-14 00:00:00-05:00,0.0,0,0.00031028935
2022-01-18 00:00:00-05:00,0.0,0,0.0044098846
2022-01-19 00:00:00-05:00,0.0,0,0.012463162
2022-01-20 00:00:00-05:00,0.0,0,0.0050461106
2022-01-21 00:00:00-05:00,0.0,0,0.010393803
2022-01-24 00:00:00-05:00,0.0,0,0.0016630181
2022-01-25 00:00:00-05:00,0.0,0,0.026238902
2022-01-26 00:00:00-05:00,0.0,0,0.0041406755
2022-01-27 00:00:00-05:00,0.0,0,0.006007575
2022-01-28 00:00:00-05:00,0.0,0,0.00028896987
2022-01-31 00:00:00-05:00,0.0,0,0.00037250877
2022-02-01 00:00:00-05:00,0.0,0,0.0002689499
2022-02-02 00:00:00-05:00,0.0,0,9.582423e-05
2022-02-03 00:00:00-05:00,0.0,0,0.0004117578
2022-02-04 00:00:00-05:00,0.0,0,0.00028287637
2022-02-07 00:00:00-05:00,0.0,0,0.00055753504
2022-02-08 00:00:00-05:00,0.0,0,0.00023771572
2022-02-09 00:00:00-05:00,0.0,0,0.00022602045
2022-02-10 00:00:00-05:00,0.0,0,0.001025844
2022-02-11 00:00:00-05:00,0.0,0,0.0029809112
2022-02-14 00:00:00-05:00,0.0,0,0.00317586
2022-02-15 00:00:00-05:00,0.0,0,0.0013439482
2022-02-16 00:00:00-05:00,0.0,0,0.0006307053
2022-02-17 00:00:00-05:00,0.0,0,0.0043189917
2022-02-18 00:00:00-05:00,0.0,0,0.0030593753
2022-02-22 00:00:00-05:00,0.0,0,0.004194441
2022-02-23 00:00:00-05:00,0.0,0,0.029527051
2022-02-24 00:00:00-05:00,0.0,0,0.00536733
2022-02-25 00:00:00-05:00,0.0,0,0.0016710213
2022-02-28 00:00:00-05:00,0.0,0,0.0012884899
2022-03-01 00:00:00-05:00,0.0,0,0.0037972035
2022-03-02 00:00:00-05:00,0.0,0,0.0006506318
2022-03-03 00:00:00-05:00,0.0,0,0.0014637385
2022-03-04 00:00:00-05:00,0.0,0,0.0030927924
2022-03-07 00:00:00-05:00,0.0,0,0.06405985
2022-03-08 00:00:00-05:00,0.0,0,0.13716689
2022-03-09 00:00:00-05:00,0.0,0,0.026854167
2022-03-10 00:00:00-05:00,0.0,0,0.043318726
2022-03-11 00:00:00-05:00,0.0,0,0.30155262
2022-03-14 00:00:00-04:00,0.0,0,0.29251048
2022-03-15 00:00:00-04:00,0.0,0,0.097698554
2022-03-16 00:00:00-04:00,0.0,0,0.013272838
2022-03-17 00:00:00-04:00,0.0,0,0.022376217
2022-03-18 00:00:00-04:00,0.0,0,0.021956107
2022-03-21 00:00:00-04:00,0.0,0,0.057105616
2022-03-22 00:00:00-04:00,0.0,0,0.019379683
2022-03-23 00:00:00-04:00,0.0,0,0.025515215
2022-03-24 00:00:00-04:00,0.0,0,0.02387808
2022-03-25 00:00:00-04:00,0.0,0,0.028153913
2022-03-28 00:00:00-04:00,0.0,0,0.008442864
2022-03-29 00:00:00-04:00,0.0,0,0.00393505
2022-03-30 00:00:00-04:00,0.0,0,0.008241193
2022-03-31 00:00:00-04:00,0.0,0,0.02685016
2022-04-01 00:00:00-04:00,0.0,0,0.013803878
2022-04-04 00:00:00-04:00,0.0,0,0.012340993
2022-04-05 00:00:00-04:00,0.0,0,0.052832875
2022-04-06 00:00:00-04:00,0.0,0,0.40996104
2022-04-07 00:00:00-04:00,0.0,0,0.40709272
2022-04-08 00:00:00-04:00,0.0,1,0.5751735
2022-04-11 00:00:00-04:00,1.0,1,0.7055085
2022-04-12 00:00:00-04:00,0.0,1,0.5935731
2022-04-13 00:00:00-04:00,0.0,0,0.40914088
2022-04-14 00:00:00-04:00,0.0,1,0.6202894
2022-04-18 00:00:00-04:00,0.0,1,0.68453896
2022-04-19 00:00:00-04:00,0.0,0,0.09789962
2022-04-20 00:00:00-04:00,0.0,0,0.05826599
2022-04-21 00:00:00-04:00,0.0,0,0.08697058
2022-04-22 00:00:00-04:00,0.0,0,0.31225455
2022-04-25 00:00:00-04:00,0.0,0,0.036617722
2022-04-26 00:00:00-04:00,0.0,0,0.13760117
2022-04-27 00:00:00-04:00,0.0,0,0.011096063
2022-04-28 00:00:00-04:00,0.0,0,0.007933467
2022-04-29 00:00:00-04:00,0.0,0,0.043925643
2022-05-02 00:00:00-04:00,0.0,0,0.027383905
2022-05-03 00:00:00-04:00,0.0,0,0.10928756
2022-05-04 00:00:00-04:00,0.0,0,0.006983489
2022-05-05 00:00:00-04:00,0.0,0,0.015163684
2022-05-06 00:00:00-04:00,0.0,0,0.016007088
2022-05-09 00:00:00-04:00,0.0,0,0.04680848
2022-05-10 00:00:00-04:00,0.0,0,0.022801768
2022-05-11 00:00:00-04:00,0.0,0,0.064883456
2022-05-12 00:00:00-04:00,0.0,0,0.051847257
2022-05-13 00:00:00-04:00,0.0,0,0.061319165
2022-05-16 00:00:00-04:00,0.0,0,0.04598845
2022-05-17 00:00:00-04:00,0.0,0,0.03094299
2022-05-18 00:00:00-04:00,0.0,0,0.12619087
2022-05-19 00:00:00-04:00,0.0,0,0.28433105
2022-05-20 00:00:00-04:00,0.0,0,0.08262402
2022-05-23 00:00:00-04:00,0.0,0,0.038550198
2022-05-24 00:00:00-04:00,0.0,0,0.059731998
2022-05-25 00:00:00-04:00,0.0,0,0.1461121
2022-05-26 00:00:00-04:00,0.0,0,0.05945294
2022-05-27 00:00:00-04:00,0.0,0,0.013608322
2022-05-31 00:00:00-04:00,0.0,0,0.00787977
2022-06-01 00:00:00-04:00,0.0,0,0.01029689
2022-06-02 00:00:00-04:00,0.0,0,0.005314862
2022-06-03 00:00:00-04:00,0.0,0,0.011038853
2022-06-06 00:00:00-04:00,0.0,0,0.0035485276
2022-06-07 00:00:00-04:00,0.0,0,0.0024507819
2022-06-08 00:00:00-04:00,0.0,0,0.0050590457
2022-06-09 00:00:00-04:00,0.0,0,0.009260092
2022-06-10 00:00:00-04:00,0.0,0,0.011418566
2022-06-13 00:00:00-04:00,0.0,0,0.16858925
2022-06-14 00:00:00-04:00,0.0,1,0.76662725
2022-06-15 00:00:00-04:00,0.0,0,0.43304324
2022-06-16 00:00:00-04:00,1.0,1,0.91897523
2022-06-17 00:00:00-04:00,0.0,0,0.019542675
2022-06-21 00:00:00-04:00,0.0,0,0.009625653
2022-06-22 00:00:00-04:00,0.0,0,0.019901041
2022-06-23 00:00:00-04:00,0.0,0,0.010190549
2022-06-24 00:00:00-04:00,0.0,0,0.003826526
2022-06-27 00:00:00-04:00,0.0,0,0.0020482284
2022-06-28 00:00:00-04:00,0.0,0,0.0035984
2022-06-29 00:00:00-04:00,0.0,0,0.0044063334
2022-06-30 00:00:00-04:00,0.0,0,0.0059527336
2022-07-01 00:00:00-04:00,0.0,0,0.006764283
2022-07-05 00:00:00-04:00,0.0,0,0.0056779846
2022-07-06 00:00:00-04:00,0.0,0,0.009993539
2022-07-07 00:00:00-04:00,0.0,0,0.009012124
2022-07-08 00:00:00-04:00,0.0,0,0.006813079
2022-07-11 00:00:00-04:00,0.0,0,0.0074846717
2022-07-12 00:00:00-04:00,0.0,0,0.020492328
2022-07-13 00:00:00-04:00,0.0,0,0.036340244
2022-07-14 00:00:00-04:00,0.0,0,0.03248349
2022-07-15 00:00:00-04:00,0.0,0,0.02454559
2022-07-18 00:00:00-04:00,0.0,0,0.05834935
2022-07-19 00:00:00-04:00,0.0,0,0.0322978
2022-07-20 00:00:00-04:00,0.0,0,0.026502063
2022-07-21 00:00:00-04:00,0.0,0,0.012426745
2022-07-22 00:00:00-04:00,0.0,0,0.010330259
2022-07-25 00:00:00-04:00,0.0,1,0.7011924
2022-07-26 00:00:00-04:00,1.0,1,0.9540881
2022-07-27 00:00:00-04:00,0.0,0,0.041862518
2022-07-28 00:00:00-04:00,0.0,0,0.01595338
2022-07-29 00:00:00-04:00,0.0,0,0.0044127875
2022-08-01 00:00:00-04:00,0.0,0,0.0055889767
2022-08-02 00:00:00-04:00,0.0,0,0.007101076
2022-08-03 00:00:00-04:00,0.0,0,0.0059883744
2022-08-04 00:00:00-04:00,0.0,0,0.004625055
2022-08-05 00:00:00-04:00,0.0,0,0.00640739
2022-08-08 00:00:00-04:00,0.0,0,0.0076488303
2022-08-09 00:00:00-04:00,0.0,0,0.00380017
2022-08-10 00:00:00-04:00,0.0,0,0.0026475945
2022-08-11 00:00:00-04:00,0.0,0,0.0020809735
2022-08-12 00:00:00-04:00,0.0,0,0.0011064104
2022-08-15 00:00:00-04:00,0.0,0,0.0012327943
2022-08-16 00:00:00-04:00,0.0,0,0.0012016211
2022-08-17 00:00:00-04:00,0.0,0,0.0012686852
2022-08-18 00:00:00-04:00,0.0,0,0.0015642889
2022-08-19 00:00:00-04:00,0.0,0,0.0012375949
2022-08-22 00:00:00-04:00,0.0,0,0.0023380793
2022-08-23 00:00:00-04:00,0.0,0,0.00350099
2022-08-24 00:00:00-04:00,0.0,0,0.0044640675
2022-08-25 00:00:00-04:00,0.0,0,0.001143803
2022-08-26 00:00:00-04:00,0.0,0,0.0016635082
2022-08-29 00:00:00-04:00,0.0,0,0.002548067
2022-08-30 00:00:00-04:00,0.0,0,0.0022550463
2022-08-31 00:00:00-04:00,0.0,0,0.003909677
2022-09-01 00:00:00-04:00,0.0,0,0.0059094327
2022-09-02 00:00:00-04:00,0.0,0,0.010976584
2022-09-06 00:00:00-04:00,0.0,0,0.03446133
2022-09-07 00:00:00-04:00,0.0,0,0.020916067
2022-09-08 00:00:00-04:00,0.0,0,0.017015519
2022-09-09 00:00:00-04:00,0.0,0,0.016056238
2022-09-12 00:00:00-04:00,0.0,0,0.018171009
2022-09-13 00:00:00-04:00,0.0,0,0.19735284
2022-09-14 00:00:00-04:00,0.0,0,0.13123955
2022-09-15 00:00:00-04:00,0.0,1,0.5278732
2022-09-16 00:00:00-04:00,1.0,1,0.8533329
2022-09-19 00:00:00-04:00,1.0,1,0.8860111
2022-09-20 00:00:00-04:00,1.0,1,0.87801415
2022-09-21 00:00:00-04:00,1.0,1,0.89409894
2022-09-22 00:00:00-04:00,1.0,1,0.8944036
2022-09-23 00:00:00-04:00,1.0,1,0.8740121
2022-09-26 00:00:00-04:00,1.0,1,0.8991863
2022-09-27 00:00:00-04:00,1.0,1,0.88479376
2022-09-28 00:00:00-04:00,1.0,1,0.89921
2022-09-29 00:00:00-04:00,1.0,1,0.8847528
2022-09-30 00:00:00-04:00,1.0,1,0.88203025
2022-10-03 00:00:00-04:00,1.0,1,0.90165484
2022-10-04 00:00:00-04:00,1.0,1,0.8907383
2022-10-05 00:00:00-04:00,1.0,1,0.9126722
2022-10-06 00:00:00-04:00,1.0,1,0.9118681
2022-10-07 00:00:00-04:00,1.0,1,0.8640505
2022-10-10 00:00:00-04:00,1.0,1,0.88663363
2022-10-11 00:00:00-04:00,1.0,1,0.9313135
2022-10-12 00:00:00-04:00,1.0,1,0.91527706
2022-10-13 00:00:00-04:00,1.0,1,0.93140364
2022-10-14 00:00:00-04:00,1.0,1,0.89467865
2022-10-17 00:00:00-04:00,1.0,1,0.89637655
2022-10-18 00:00:00-04:00,1.0,1,0.88195235
2022-10-19 00:00:00-04:00,1.0,1,0.9113369
2022-10-20 00:00:00-04:00,1.0,1,0.9185582
2022-10-21 00:00:00-04:00,1.0,1,0.9201057
2022-10-24 00:00:00-04:00,1.0,1,0.9045343
2022-10-25 00:00:00-04:00,1.0,1,0.88200676
2022-10-26 00:00:00-04:00,1.0,1,0.8808182
2022-10-27 00:00:00-04:00,1.0,1,0.87219024
2022-10-28 00:00:00-04:00,1.0,1,0.9140193
2022-10-31 00:00:00-04:00,1.0,1,0.8909278
2022-11-01 00:00:00-04:00,1.0,1,0.890024
2022-11-02 00:00:00-04:00,1.0,1,0.93524766
2022-11-03 00:00:00-04:00,1.0,1,0.9513162
2022-11-04 00:00:00-04:00,1.0,1,0.9477268
2022-11-07 00:00:00-05:00,1.0,1,0.91289914
2022-11-08 00:00:00-05:00,1.0,1,0.9003188
2022-11-09 00:00:00-05:00,1.0,1,0.9435726
2022-11-10 00:00:00-05:00,1.0,1,0.90673196
2022-11-11 00:00:00-05:00,1.0,1,0.8909715
2022-11-14 00:00:00-05:00,1.0,1,0.8871006
2022-11-15 00:00:00-05:00,1.0,1,0.86489457
2022-11-16 00:00:00-05:00,1.0,1,0.89318985
2022-11-17 00:00:00-05:00,1.0,1,0.9052113
2022-11-18 00:00:00-05:00,1.0,1,0.88612646
2022-11-21 00:00:00-05:00,1.0,1,0.90790176
2022-11-22 00:00:00-05:00,1.0,1,0.9096066
2022-11-23 00:00:00-05:00,1.0,1,0.91205007
2022-11-25 00:00:00-05:00,1.0,1,0.9351954
2022-11-28 00:00:00-05:00,1.0,1,0.89636993
2022-11-29 00:00:00-05:00,1.0,1,0.91898435
2022-11-30 00:00:00-05:00,1.0,1,0.9259765
2022-12-01 00:00:00-05:00,1.0,1,0.90127474
2022-12-02 00:00:00-05:00,1.0,1,0.9155694
2022-12-05 00:00:00-05:00,1.0,1,0.94780475
2022-12-06 00:00:00-05:00,1.0,1,0.9557207
2022-12-07 00:00:00-05:00,1.0,1,0.9505018
2022-12-08 00:00:00-05:00,1.0,1,0.9530154
2022-12-09 00:00:00-05:00,1.0,1,0.9695857
2022-12-12 00:00:00-05:00,1.0,1,0.94112223
2022-12-13 00:00:00-05:00,1.0,1,0.88722944
2022-12-14 00:00:00-05:00,1.0,1,0.94005823
2022-12-15 00:00:00-05:00,1.0,1,0.9312004
2022-12-16 00:00:00-05:00,1.0,1,0.9302926
2022-12-19 00:00:00-05:00,1.0,1,0.95314074
2022-12-20 00:00:00-05:00,1.0,1,0.9627418
2022-12-21 00:00:00-05:00,1.0,1,0.9584061
2022-12-22 00:00:00-05:00,1.0,1,0.94875604
2022-12-23 00:00:00-05:00,1.0,1,0.9624251
2022-12-27 00:00:00-05:00,1.0,1,0.96377814
2022-12-28 00:00:00-05:00,1.0,1,0.9811878
2022-12-29 00:00:00-05:00,1.0,1,0.9739905
2022-12-30 00:00:00-05:00,1.0,1,0.9602011
2023-01-03 00:00:00-05:00,1.0,1,0.9678257
2023-01-04 00:00:00-05:00,1.0,1,0.9369221
2023-01-05 00:00:00-05:00,1.0,1,0.9955124
2023-01-06 00:00:00-05:00,1.0,1,0.9931701
2023-01-09 00:00:00-05:00,1.0,1,0.99777585
2023-01-10 00:00:00-05:00,1.0,1,0.9959439
2023-01-11 00:00:00-05:00,1.0,1,0.99359363
2023-01-12 00:00:00-05:00,1.0,1,0.9897802
2023-01-13 00:00:00-05:00,1.0,1,0.95013183
2023-01-17 00:00:00-05:00,1.0,1,0.9836175
2023-01-18 00:00:00-05:00,1.0,1,0.9949918
2023-01-19 00:00:00-05:00,1.0,1,0.997558
2023-01-20 00:00:00-05:00,1.0,1,0.99307513
2023-01-23 00:00:00-05:00,1.0,1,0.99333763
2023-01-24 00:00:00-05:00,1.0,1,0.99279207
2023-01-25 00:00:00-05:00,1.0,1,0.99538475
2023-01-26 00:00:00-05:00,1.0,1,0.9897394
2023-01-27 00:00:00-05:00,1.0,1,0.98721474
2023-01-30 00:00:00-05:00,1.0,1,0.99591917
2023-01-31 00:00:00-05:00,1.0,1,0.9925928
2023-02-01 00:00:00-05:00,1.0,1,0.9920429
2023-02-02 00:00:00-05:00,1.0,1,0.9041117
2023-02-03 00:00:00-05:00,1.0,1,0.95405346
2023-02-06 00:00:00-05:00,1.0,1,0.92284095
2023-02-07 00:00:00-05:00,1.0,1,0.8680334
2023-02-08 00:00:00-05:00,1.0,1,0.90568376
2023-02-09 00:00:00-05:00,1.0,1,0.88430077
2023-02-10 00:00:00-05:00,1.0,1,0.9358152
2023-02-13 00:00:00-05:00,1.0,1,0.8884721
2023-02-14 00:00:00-05:00,1.0,1,0.90248585
2023-02-15 00:00:00-05:00,1.0,1,0.91996884
2023-02-16 00:00:00-05:00,1.0,1,0.95707005
2023-02-17 00:00:00-05:00,1.0,1,0.93169445
2023-02-21 00:00:00-05:00,1.0,1,0.97140425
2023-02-22 00:00:00-05:00,1.0,1,0.9650004
2023-02-23 00:00:00-05:00,1.0,1,0.92974186
2023-02-24 00:00:00-05:00,1.0,1,0.9557206
2023-02-27 00:00:00-05:00,1.0,1,0.9793151
2023-02-28 00:00:00-05:00,1.0,1,0.9939196
2023-03-01 00:00:00-05:00,1.0,1,0.9937066
2023-03-02 00:00:00-05:00,1.0,1,0.99314284
2023-03-03 00:00:00-05:00,1.0,1,0.99205333
2023-03-06 00:00:00-05:00,1.0,1,0.993807
2023-03-07 00:00:00-05:00,1.0,1,0.9916498
2023-03-08 00:00:00-05:00,1.0,1,0.9964598
2023-03-09 00:00:00-05:00,1.0,1,0.9992955
2023-03-10 00:00:00-05:00,1.0,1,0.9994889
2023-03-13 00:00:00-04:00,1.0,1,0.9989691
2023-03-14 00:00:00-04:00,1.0,1,0.9983351
2023-03-15 00:00:00-04:00,1.0,1,0.9980182
2023-03-16 00:00:00-04:00,1.0,1,0.9825054
2023-03-17 00:00:00-04:00,1.0,1,0.99432653
2023-03-20 00:00:00-04:00,1.0,1,0.99716413
2023-03-21 00:00:00-04:00,1.0,1,0.99647623
2023-03-22 00:00:00-04:00,1.0,1,0.99878573
2023-03-23 00:00:00-04:00,1.0,1,0.9975847
2023-03-24 00:00:00-04:00,1.0,1,0.9943755
2023-03-27 00:00:00-04:00,1.0,1,0.9960126
2023-03-28 00:00:00-04:00,1.0,1,0.99353385
2023-03-29 00:00:00-04:00,1.0,1,0.9950446
2023-03-30 00:00:00-04:00,1.0,1,0.98214334
2023-03-31 00:00:00-04:00,1.0,1,0.97454995
2023-04-03 00:00:00-04:00,1.0,1,0.9795156
2023-04-04 00:00:00-04:00,1.0,1,0.98561716
2023-04-05 00:00:00-04:00,1.0,1,0.9839757
2023-04-06 00:00:00-04:00,1.0,1,0.94590807
2023-04-10 00:00:00-04:00,1.0,1,0.97146547
2023-04-11 00:00:00-04:00,1.0,1,0.9835362
2023-04-12 00:00:00-04:00,1.0,1,0.99657923
2023-04-13 00:00:00-04:00,1.0,1,0.99409974
2023-04-14 00:00:00-04:00,1.0,1,0.99556494
2023-04-17 00:00:00-04:00,1.0,1,0.995334
2023-04-18 00:00:00-04:00,1.0,1,0.9942389
2023-04-19 00:00:00-04:00,1.0,1,0.9913878
2023-04-20 00:00:00-04:00,1.0,1,0.9975724
2023-04-21 00:00:00-04:00,1.0,1,0.99612796
2023-04-24 00:00:00-04:00,1.0,1,0.9978436
2023-04-25 00:00:00-04:00,1.0,1,0.99938065
2023-04-26 00:00:00-04:00,1.0,1,0.99768215
2023-04-27 00:00:00-04:00,1.0,1,0.98534334
2023-04-28 00:00:00-04:00,1.0,1,0.97636855
2023-05-01 00:00:00-04:00,1.0,1,0.9878546
2023-05-02 00:00:00-04:00,1.0,1,0.9933525
2023-05-03 00:00:00-04:00,1.0,1,0.99393076
2023-05-04 00:00:00-04:00,1.0,1,0.9937663
2023-05-05 00:00:00-04:00,1.0,1,0.9914542
2023-05-08 00:00:00-04:00,1.0,1,0.9901755
2023-05-09 00:00:00-04:00,1.0,1,0.9919247
2023-05-10 00:00:00-04:00,1.0,1,0.9816969
2023-05-11 00:00:00-04:00,1.0,1,0.94077724
2023-05-12 00:00:00-04:00,1.0,1,0.933811
2023-05-15 00:00:00-04:00,1.0,1,0.6772584
2023-05-16 00:00:00-04:00,1.0,0,0.27102977
2023-05-17 00:00:00-04:00,0.0,0,0.05103537
2023-05-18 00:00:00-04:00,0.0,0,0.046776786
2023-05-19 00:00:00-04:00,0.0,0,0.10648604
2023-05-22 00:00:00-04:00,0.0,0,0.042887658
2023-05-23 00:00:00-04:00,1.0,0,0.47369987
2023-05-24 00:00:00-04:00,1.0,0,0.060746025
2023-05-25 00:00:00-04:00,0.0,0,0.04711172
2023-05-26 00:00:00-04:00,0.0,0,0.018550653
2023-05-30 00:00:00-04:00,0.0,0,0.06895083
2023-05-31 00:00:00-04:00,1.0,0,0.11131968
2023-06-01 00:00:00-04:00,0.0,0,0.025128977
2023-06-02 00:00:00-04:00,0.0,0,0.038845256
2023-06-05 00:00:00-04:00,0.0,0,0.036282253
2023-06-06 00:00:00-04:00,0.0,0,0.052155185
2023-06-07 00:00:00-04:00,1.0,1,0.87848836
2023-06-08 00:00:00-04:00,1.0,1,0.75304806
2023-06-09 00:00:00-04:00,1.0,1,0.6836114
2023-06-12 00:00:00-04:00,1.0,1,0.55356354
2023-06-13 00:00:00-04:00,0.0,0,0.22092591
2023-06-14 00:00:00-04:00,0.0,0,0.23103528
2023-06-15 00:00:00-04:00,0.0,0,0.10557508
2023-06-16 00:00:00-04:00,0.0,1,0.65864515
2023-06-20 00:00:00-04:00,0.0,0,0.18733054
2023-06-21 00:00:00-04:00,0.0,1,0.5630966
2023-06-22 00:00:00-04:00,0.0,0,0.4705285
2023-06-23 00:00:00-04:00,1.0,1,0.69258153
2023-06-26 00:00:00-04:00,1.0,1,0.938046
2023-06-27 00:00:00-04:00,1.0,1,0.8666939
2023-06-28 00:00:00-04:00,1.0,1,0.8892082
2023-06-29 00:00:00-04:00,1.0,1,0.89270896
2023-06-30 00:00:00-04:00,1.0,1,0.87792236
2023-07-03 00:00:00-04:00,1.0,1,0.89332
2023-07-05 00:00:00-04:00,1.0,1,0.87861663
2023-07-06 00:00:00-04:00,1.0,1,0.867362
2023-07-07 00:00:00-04:00,1.0,1,0.90492904
2023-07-10 00:00:00-04:00,1.0,1,0.92962855
2023-07-11 00:00:00-04:00,1.0,1,0.9013249
2023-07-12 00:00:00-04:00,1.0,1,0.9035398
2023-07-13 00:00:00-04:00,1.0,1,0.88669586
2023-07-14 00:00:00-04:00,1.0,1,0.8871387
2023-07-17 00:00:00-04:00,1.0,1,0.8836684
2023-07-18 00:00:00-04:00,1.0,1,0.90679955
2023-07-19 00:00:00-04:00,1.0,1,0.895103
2023-07-20 00:00:00-04:00,1.0,1,0.9074429
2023-07-21 00:00:00-04:00,1.0,1,0.8781765
2023-07-24 00:00:00-04:00,1.0,1,0.88614017
2023-07-25 00:00:00-04:00,1.0,1,0.851235
2023-07-26 00:00:00-04:00,1.0,1,0.8913915
2023-07-27 00:00:00-04:00,1.0,1,0.90729374
2023-07-28 00:00:00-04:00,1.0,1,0.8802061
2023-07-31 00:00:00-04:00,1.0,1,0.8943556
2023-08-01 00:00:00-04:00,1.0,1,0.8950204
2023-08-02 00:00:00-04:00,1.0,1,0.9298208
2023-08-03 00:00:00-04:00,1.0,1,0.9049095
2023-08-04 00:00:00-04:00,1.0,1,0.9149864
2023-08-07 00:00:00-04:00,1.0,1,0.8847767
2023-08-08 00:00:00-04:00,1.0,1,0.9101251
2023-08-09 00:00:00-04:00,1.0,1,0.9399411
2023-08-10 00:00:00-04:00,1.0,1,0.9290428
2023-08-11 00:00:00-04:00,1.0,1,0.90896237
2023-08-14 00:00:00-04:00,1.0,1,0.8870336
2023-08-15 00:00:00-04:00,1.0,1,0.91580784
2023-08-16 00:00:00-04:00,1.0,1,0.9175212
2023-08-17 00:00:00-04:00,1.0,1,0.93947005
2023-08-18 00:00:00-04:00,1.0,1,0.9135518
2023-08-21 00:00:00-04:00,1.0,1,0.8868914
2023-08-22 00:00:00-04:00,1.0,1,0.9178943
2023-08-23 00:00:00-04:00,1.0,1,0.88494927
2023-08-24 00:00:00-04:00,1.0,1,0.9218502
2023-08-25 00:00:00-04:00,1.0,1,0.9007986
2023-08-28 00:00:00-04:00,1.0,1,0.90784615
2023-08-29 00:00:00-04:00,1.0,1,0.8484092
2023-08-30 00:00:00-04:00,1.0,1,0.8898173
2023-08-31 00:00:00-04:00,1.0,1,0.9084853
2023-09-01 00:00:00-04:00,1.0,1,0.9045149
2023-09-05 00:00:00-04:00,1.0,1,0.8466884
2023-09-06 00:00:00-04:00,1.0,1,0.8807724
2023-09-07 00:00:00-04:00,1.0,1,0.88609457
2023-09-08 00:00:00-04:00,1.0,1,0.8190062
2023-09-11 00:00:00-04:00,1.0,1,0.8356277
2023-09-12 00:00:00-04:00,1.0,1,0.8367386
2023-09-13 00:00:00-04:00,1.0,1,0.80990946
2023-09-14 00:00:00-04:00,1.0,1,0.8174825
2023-09-15 00:00:00-04:00,1.0,1,0.8368043
2023-09-18 00:00:00-04:00,1.0,1,0.8823059
2023-09-19 00:00:00-04:00,1.0,1,0.8445443
2023-09-20 00:00:00-04:00,1.0,1,0.93276024
2023-09-21 00:00:00-04:00,1.0,1,0.91253704
2023-09-22 00:00:00-04:00,1.0,1,0.9355388
2023-09-25 00:00:00-04:00,1.0,1,0.9167579
2023-09-26 00:00:00-04:00,1.0,1,0.9373911
2023-09-27 00:00:00-04:00,1.0,1,0.93162084
2023-09-28 00:00:00-04:00,1.0,1,0.9259052
2023-09-29 00:00:00-04:00,1.0,1,0.9253063
2023-10-02 00:00:00-04:00,1.0,1,0.8985242
2023-10-03 00:00:00-04:00,1.0,1,0.9505653
2023-10-04 00:00:00-04:00,1.0,1,0.90322065
2023-10-05 00:00:00-04:00,1.0,1,0.9156395
2023-10-06 00:00:00-04:00,1.0,1,0.8921349
2023-10-09 00:00:00-04:00,1.0,1,0.86340046
2023-10-10 00:00:00-04:00,1.0,1,0.90032375
2023-10-11 00:00:00-04:00,1.0,1,0.8877274
2023-10-12 00:00:00-04:00,1.0,1,0.8843831
2023-10-13 00:00:00-04:00,1.0,1,0.9223842
2023-10-16 00:00:00-04:00,1.0,1,0.900241
2023-10-17 00:00:00-04:00,1.0,1,0.89884233
2023-10-18 00:00:00-04:00,1.0,1,0.92980903
2023-10-19 00:00:00-04:00,1.0,1,0.92729044
2023-10-20 00:00:00-04:00,1.0,1,0.9501961
2023-10-23 00:00:00-04:00,1.0,1,0.9529456
2023-10-24 00:00:00-04:00,1.0,1,0.9305736
2023-10-25 00:00:00-04:00,1.0,1,0.9422387
2023-10-26 00:00:00-04:00,1.0,1,0.9663677
2023-10-27 00:00:00-04:00,1.0,1,0.98178273
2023-10-30 00:00:00-04:00,1.0,1,0.94227344
2023-10-31 00:00:00-04:00,1.0,1,0.9310061
2023-11-01 00:00:00-04:00,1.0,1,0.9249196
2023-11-02 00:00:00-04:00,1.0,1,0.9003899
2023-11-03 00:00:00-04:00,1.0,1,0.88520384
2023-11-06 00:00:00-05:00,1.0,1,0.8806968
2023-11-07 00:00:00-05:00,1.0,1,0.87126255
2023-11-08 00:00:00-05:00,1.0,1,0.8549539
2023-11-09 00:00:00-05:00,1.0,1,0.8931219
2023-11-10 00:00:00-05:00,1.0,1,0.8681947
2023-11-13 00:00:00-05:00,1.0,1,0.85773385
2023-11-14 00:00:00-05:00,1.0,1,0.86035275
2023-11-15 00:00:00-05:00,1.0,1,0.8710176
2023-11-16 00:00:00-05:00,1.0,1,0.81389374
2023-11-17 00:00:00-05:00,1.0,1,0.8647584
2023-11-20 00:00:00-05:00,1.0,1,0.816097
2023-11-21 00:00:00-05:00,1.0,1,0.848879
2023-11-22 00:00:00-05:00,1.0,1,0.80102146
2023-11-24 00:00:00-05:00,1.0,1,0.79858446
2023-11-27 00:00:00-05:00,1.0,1,0.7979609
2023-11-28 00:00:00-05:00,1.0,1,0.756535
2023-11-29 00:00:00-05:00,1.0,1,0.85282075
2023-11-30 00:00:00-05:00,1.0,1,0.7545898
2023-12-01 00:00:00-05:00,1.0,1,0.85475665
2023-12-04 00:00:00-05:00,1.0,1,0.8627788
2023-12-05 00:00:00-05:00,1.0,1,0.84937155
2023-12-06 00:00:00-05:00,1.0,1,0.9813367
2023-12-07 00:00:00-05:00,1.0,1,0.9770378
2023-12-08 00:00:00-05:00,1.0,1,0.97180265
2023-12-11 00:00:00-05:00,1.0,1,0.9750799
2023-12-12 00:00:00-05:00,1.0,1,0.9744707
2023-12-13 00:00:00-05:00,1.0,1,0.9751158
2023-12-14 00:00:00-05:00,1.0,1,0.9805094
2023-12-15 00:00:00-05:00,1.0,1,0.9768405
2023-12-18 00:00:00-05:00,1.0,1,0.9715833
2023-12-19 00:00:00-05:00,1.0,1,0.95195514
2023-12-20 00:00:00-05:00,1.0,1,0.97494787
2023-12-21 00:00:00-05:00,1.0,1,0.9721168
2023-12-22 00:00:00-05:00,1.0,1,0.97097933
2023-12-26 00:00:00-05:00,1.0,1,0.9779943
2023-12-27 00:00:00-05:00,1.0,1,0.9759148
2023-12-28 00:00:00-05:00,1.0,1,0.9752342
2023-12-29 00:00:00-05:00,1.0,1,0.97519994
2024-01-02 00:00:00-05:00,1.0,1,0.97729665
2024-01-03 00:00:00-05:00,1.0,1,0.9787675
2024-01-04 00:00:00-05:00,1.0,1,0.98125005
2024-01-05 00:00:00-05:00,1.0,1,0.9815786
2024-01-08 00:00:00-05:00,1.0,1,0.97687507
2024-01-09 00:00:00-05:00,1.0,1,0.97363603
2024-01-10 00:00:00-05:00,1.0,1,0.9765777
2024-01-11 00:00:00-05:00,1.0,1,0.97620577
2024-01-12 00:00:00-05:00,1.0,1,0.9704188
2024-01-16 00:00:00-05:00,1.0,1,0.96993554
2024-01-17 00:00:00-05:00,1.0,1,0.9711135
2024-01-18 00:00:00-05:00,1.0,1,0.96760464
2024-01-19 00:00:00-05:00,1.0,1,0.96388775
2024-01-22 00:00:00-05:00,1.0,1,0.967376
2024-01-23 00:00:00-05:00,1.0,1,0.96655834
2024-01-24 00:00:00-05:00,1.0,1,0.9560805
2024-01-25 00:00:00-05:00,1.0,1,0.95777017
2024-01-26 00:00:00-05:00,1.0,1,0.9665024
2024-01-29 00:00:00-05:00,1.0,1,0.9627516
2024-01-30 00:00:00-05:00,1.0,1,0.96588385
2024-01-31 00:00:00-05:00,1.0,1,0.98014545
2024-02-01 00:00:00-05:00,1.0,1,0.969458
2024-02-02 00:00:00-05:00,1.0,1,0.96484745
2024-02-05 00:00:00-05:00,1.0,1,0.97142696
2024-02-06 00:00:00-05:00,1.0,1,0.9710607
2024-02-07 00:00:00-05:00,1.0,1,0.96403235
2024-02-08 00:00:00-05:00,1.0,1,0.96429193
2024-02-09 00:00:00-05:00,1.0,1,0.9500622
2024-02-12 00:00:00-05:00,1.0,1,0.9716299
2024-02-13 00:00:00-05:00,1.0,1,0.9681827
2024-02-14 00:00:00-05:00,1.0,1,0.96331817
2024-02-15 00:00:00-05:00,1.0,1,0.9660511
2024-02-16 00:00:00-05:00,1.0,1,0.9685254
2024-02-20 00:00:00-05:00,1.0,1,0.96713173
2024-02-21 00:00:00-05:00,1.0,1,0.9674299
2024-02-22 00:00:00-05:00,1.0,1,0.96533793
2024-02-23 00:00:00-05:00,1.0,1,0.97272253
2024-02-26 00:00:00-05:00,1.0,1,0.9737261
2024-02-27 00:00:00-05:00,1.0,1,0.96621394
2024-02-28 00:00:00-05:00,1.0,1,0.96837956
2024-02-29 00:00:00-05:00,1.0,1,0.95862496
2024-03-01 00:00:00-05:00,1.0,1,0.96368706
2024-03-04 00:00:00-05:00,1.0,1,0.9659059
2024-03-05 00:00:00-05:00,1.0,1,0.9716397
2024-03-06 00:00:00-05:00,1.0,1,0.9659743
2024-03-07 00:00:00-05:00,1.0,1,0.95956665
2024-03-08 00:00:00-05:00,1.0,1,0.9880755
2024-03-11 00:00:00-04:00,1.0,1,0.9866017
2024-03-12 00:00:00-04:00,1.0,1,0.99073124
2024-03-13 00:00:00-04:00,1.0,1,0.9878164
2024-03-14 00:00:00-04:00,1.0,1,0.6557398
2024-03-15 00:00:00-04:00,1.0,1,0.56480336
2024-03-18 00:00:00-04:00,1.0,1,0.8916281
2024-03-19 00:00:00-04:00,1.0,1,0.7124314
2024-03-20 00:00:00-04:00,0.0,0,0.34158158
2024-03-21 00:00:00-04:00,0.0,0,0.07828905
2024-03-22 00:00:00-04:00,0.0,0,0.06756066
2024-03-25 00:00:00-04:00,0.0,0,0.027822707
2024-03-26 00:00:00-04:00,0.0,0,0.016674872
2024-03-27 00:00:00-04:00,0.0,0,0.015339104
2024-03-28 00:00:00-04:00,0.0,0,0.030723944
2024-04-01 00:00:00-04:00,0.0,0,0.008670396
2024-04-02 00:00:00-04:00,0.0,0,0.024973579
2024-04-03 00:00:00-04:00,0.0,0,0.05472085
2024-04-04 00:00:00-04:00,0.0,0,0.40307894
2024-04-05 00:00:00-04:00,0.0,0,0.07797499
2024-04-08 00:00:00-04:00,0.0,0,0.42325056
2024-04-09 00:00:00-04:00,0.0,0,0.18960477
2024-04-10 00:00:00-04:00,0.0,1,0.5182924
2024-04-11 00:00:00-04:00,0.0,0,0.36116275
2024-04-12 00:00:00-04:00,1.0,1,0.56872666
2024-04-15 00:00:00-04:00,1.0,1,0.5697354
2024-04-16 00:00:00-04:00,1.0,1,0.56381404
2024-04-17 00:00:00-04:00,1.0,1,0.56381404
2024-04-18 00:00:00-04:00,1.0,1,0.9701066
2024-04-19 00:00:00-04:00,1.0,1,0.9858644
2024-04-22 00:00:00-04:00,1.0,1,0.9851561
2024-04-23 00:00:00-04:00,1.0,1,0.9666765
2024-04-24 00:00:00-04:00,1.0,1,0.5560608
2024-04-25 00:00:00-04:00,1.0,1,0.9740316
2024-04-26 00:00:00-04:00,1.0,1,0.623966
2024-04-29 00:00:00-04:00,1.0,0,0.43124896
2024-04-30 00:00:00-04:00,1.0,1,0.98960793
2024-05-01 00:00:00-04:00,1.0,1,0.992346
2024-05-02 00:00:00-04:00,1.0,1,0.9873201
2024-05-03 00:00:00-04:00,1.0,1,0.98810446
2024-05-06 00:00:00-04:00,1.0,1,0.98673624
2024-05-07 00:00:00-04:00,1.0,1,0.9866694
2024-05-08 00:00:00-04:00,1.0,1,0.98604167
2024-05-09 00:00:00-04:00,1.0,1,0.984518
2024-05-10 00:00:00-04:00,1.0,1,0.98373294
2024-05-13 00:00:00-04:00,1.0,1,0.98552173
2024-05-14 00:00:00-04:00,1.0,1,0.986773
2024-05-15 00:00:00-04:00,1.0,1,0.7776387
2024-05-16 00:00:00-04:00,1.0,1,0.9743331
2024-05-17 00:00:00-04:00,1.0,1,0.97189426
2024-05-20 00:00:00-04:00,1.0,1,0.61684835
2024-05-21 00:00:00-04:00,1.0,1,0.54166794
2024-05-22 00:00:00-04:00,0.0,0,0.09464646
2024-05-23 00:00:00-04:00,0.0,0,0.09927575
2024-05-24 00:00:00-04:00,0.0,0,0.02626249
2024-05-28 00:00:00-04:00,0.0,0,0.03641618
2024-05-29 00:00:00-04:00,0.0,0,0.009238387
2024-05-30 00:00:00-04:00,1.0,1,0.5309759
2024-05-31 00:00:00-04:00,1.0,1,0.5990416
2024-06-03 00:00:00-04:00,1.0,1,0.6545722
2024-06-04 00:00:00-04:00,1.0,1,0.52007604
2024-06-05 00:00:00-04:00,0.0,0,0.17044
2024-06-06 00:00:00-04:00,0.0,0,0.11711103
2024-06-07 00:00:00-04:00,0.0,1,0.5949179
2024-06-10 00:00:00-04:00,0.0,1,0.5644578
2024-06-11 00:00:00-04:00,0.0,0,0.5028235
2024-06-12 00:00:00-04:00,0.0,0,0.12032946
2024-06-13 00:00:00-04:00,0.0,1,0.53872
2024-06-14 00:00:00-04:00,0.0,0,0.32887316
2024-06-17 00:00:00-04:00,0.0,0,0.10432
2024-06-18 00:00:00-04:00,0.0,0,0.3323662
2024-06-20 00:00:00-04:00,0.0,0,0.30532208
2024-06-21 00:00:00-04:00,0.0,0,0.3749607
2024-06-24 00:00:00-04:00,0.0,0,0.4766992
2024-06-25 00:00:00-04:00,0.0,0,0.034476165
2024-06-26 00:00:00-04:00,0.0,0,0.038141795
2024-06-27 00:00:00-04:00,0.0,0,0.04026551
2024-06-28 00:00:00-04:00,0.0,0,0.026131814
2024-07-01 00:00:00-04:00,0.0,0,0.04085141
2024-07-02 00:00:00-04:00,0.0,0,0.030545224
2024-07-03 00:00:00-04:00,0.0,0,0.020154685
2024-07-05 00:00:00-04:00,0.0,0,0.008547458
2024-07-08 00:00:00-04:00,0.0,0,0.012754622
2024-07-09 00:00:00-04:00,0.0,0,0.020376725
2024-07-10 00:00:00-04:00,0.0,0,0.010767378
2024-07-11 00:00:00-04:00,0.0,0,0.006154893
2024-07-12 00:00:00-04:00,0.0,0,0.011976978
2024-07-15 00:00:00-04:00,0.0,0,0.0146333575
2024-07-16 00:00:00-04:00,0.0,0,0.014830632
2024-07-17 00:00:00-04:00,0.0,0,0.03184297
2024-07-18 00:00:00-04:00,0.0,0,0.1738005
2024-07-19 00:00:00-04:00,0.0,0,0.43247724
2024-07-22 00:00:00-04:00,0.0,1,0.5644578
2024-07-23 00:00:00-04:00,0.0,0,0.33147445
2024-07-24 00:00:00-04:00,0.0,1,0.66686773
2024-07-25 00:00:00-04:00,1.0,1,0.7985628
2024-07-26 00:00:00-04:00,1.0,1,0.749902
2024-07-29 00:00:00-04:00,1.0,1,0.78889465
2024-07-30 00:00:00-04:00,1.0,1,0.9190838
2024-07-31 00:00:00-04:00,1.0,1,0.9448268
2024-08-01 00:00:00-04:00,1.0,1,0.95004994
2024-08-02 00:00:00-04:00,1.0,1,0.9557891
2024-08-05 00:00:00-04:00,1.0,1,0.98013973
2024-08-06 00:00:00-04:00,1.0,1,0.96966416
2024-08-07 00:00:00-04:00,1.0,1,0.97102934
2024-08-08 00:00:00-04:00,1.0,1,0.9530187
2024-08-09 00:00:00-04:00,1.0,1,0.9437108
2024-08-12 00:00:00-04:00,1.0,1,0.8976658
2024-08-13 00:00:00-04:00,1.0,1,0.86648685
2024-08-14 00:00:00-04:00,1.0,1,0.8256017
2024-08-15 00:00:00-04:00,1.0,1,0.8106273
2024-08-16 00:00:00-04:00,1.0,1,0.8352184
2024-08-19 00:00:00-04:00,1.0,1,0.78789246
2024-08-20 00:00:00-04:00,1.0,1,0.75750345
2024-08-21 00:00:00-04:00,1.0,1,0.7420459
2024-08-22 00:00:00-04:00,1.0,1,0.7880076
2024-08-23 00:00:00-04:00,1.0,1,0.75645113
2024-08-26 00:00:00-04:00,1.0,1,0.871814
2024-08-27 00:00:00-04:00,1.0,1,0.88747036
2024-08-28 00:00:00-04:00,1.0,1,0.9318453
2024-08-29 00:00:00-04:00,1.0,1,0.93744814
2024-08-30 00:00:00-04:00,1.0,1,0.90998334
2024-09-03 00:00:00-04:00,1.0,1,0.94454575
2024-09-04 00:00:00-04:00,1.0,1,0.9332752
2024-09-05 00:00:00-04:00,1.0,1,0.95181286
2024-09-06 00:00:00-04:00,1.0,1,0.96335834
2024-09-09 00:00:00-04:00,1.0,1,0.98815995
2024-09-10 00:00:00-04:00,1.0,1,0.98591864
2024-09-11 00:00:00-04:00,1.0,1,0.98932767
2024-09-12 00:00:00-04:00,1.0,1,0.9759942
2024-09-13 00:00:00-04:00,1.0,1,0.9681977
2024-09-16 00:00:00-04:00,1.0,1,0.9201255
2024-09-17 00:00:00-04:00,1.0,1,0.9718325
2024-09-18 00:00:00-04:00,1.0,1,0.9717516
2024-09-19 00:00:00-04:00,0.0,0,0.04045662
2024-09-20 00:00:00-04:00,0.0,0,0.06670764
2024-09-23 00:00:00-04:00,0.0,0,0.041652437
2024-09-24 00:00:00-04:00,0.0,0,0.16619675
2024-09-25 00:00:00-04:00,0.0,0,0.081542484
2024-09-26 00:00:00-04:00,0.0,0,0.2424939
2024-09-27 00:00:00-04:00,0.0,0,0.14306304
2024-09-30 00:00:00-04:00,0.0,0,0.10092255
2024-10-01 00:00:00-04:00,0.0,1,0.57582164
2024-10-02 00:00:00-04:00,0.0,1,0.5892917
2024-10-03 00:00:00-04:00,0.0,1,0.59965396
2024-10-04 00:00:00-04:00,0.0,1,0.58042026
2024-10-07 00:00:00-04:00,1.0,1,0.90125245
2024-10-08 00:00:00-04:00,1.0,1,0.8662326
2024-10-09 00:00:00-04:00,1.0,1,0.84909284
2024-10-10 00:00:00-04:00,0.0,1,0.5628859
2024-10-11 00:00:00-04:00,0.0,0,0.3609592
2024-10-14 00:00:00-04:00,0.0,0,0.086801834
2024-10-15 00:00:00-04:00,0.0,0,0.08969272
2024-10-16 00:00:00-04:00,0.0,0,0.027768916
2024-10-17 00:00:00-04:00,0.0,0,0.10296458
2024-10-18 00:00:00-04:00,0.0,0,0.020943059
2024-10-21 00:00:00-04:00,0.0,0,0.015454583
2024-10-22 00:00:00-04:00,0.0,0,0.03234416
2024-10-23 00:00:00-04:00,0.0,0,0.031263378
2024-10-24 00:00:00-04:00,0.0,0,0.015090648
2024-10-25 00:00:00-04:00,0.0,0,0.012881749
2024-10-28 00:00:00-04:00,0.0,0,0.012369748
2024-10-29 00:00:00-04:00,0.0,0,0.007666702
2024-10-30 00:00:00-04:00,0.0,0,0.01393841
2024-10-31 00:00:00-04:00,0.0,0,0.3075296
2024-11-01 00:00:00-04:00,0.0,0,0.1283927
2024-11-04 00:00:00-05:00,0.0,0,0.057685215
2024-11-05 00:00:00-05:00,0.0,0,0.07092772
2024-11-06 00:00:00-05:00,0.0,0,0.021821953
2024-11-07 00:00:00-05:00,0.0,0,0.013510129
2024-11-08 00:00:00-05:00,0.0,0,0.02696535
2024-11-11 00:00:00-05:00,0.0,0,0.094652094
2024-11-12 00:00:00-05:00,0.0,0,0.016626816
2024-11-13 00:00:00-05:00,0.0,0,0.018935412
2024-11-14 00:00:00-05:00,0.0,0,0.0136456685
2024-11-15 00:00:00-05:00,0.0,0,0.068248756
2024-11-18 00:00:00-05:00,0.0,0,0.036233597
2024-11-19 00:00:00-05:00,0.0,0,0.019391887
2024-11-20 00:00:00-05:00,0.0,0,0.019878551
2024-11-21 00:00:00-05:00,0.0,0,0.031149508
2024-11-22 00:00:00-05:00,0.0,0,0.035709444
2024-11-25 00:00:00-05:00,0.0,0,0.030921455
2024-11-26 00:00:00-05:00,0.0,0,0.038188215
2024-11-27 00:00:00-05:00,0.0,0,0.020832054
2024-11-29 00:00:00-05:00,0.0,0,0.017886836
2024-12-02 00:00:00-05:00,0.0,0,0.03235909
2024-12-03 00:00:00-05:00,0.0,0,0.013226287
2024-12-04 00:00:00-05:00,0.0,0,0.009029682
2024-12-05 00:00:00-05:00,0.0,0,0.0050819707
2024-12-06 00:00:00-05:00,0.0,0,0.00046268827
2024-12-09 00:00:00-05:00,0.0,0,0.00032309012
2024-12-10 00:00:00-05:00,0.0,0,0.0019347417
2024-12-11 00:00:00-05:00,0.0,0,0.0012200209
2024-12-12 00:00:00-05:00,0.0,0,0.0014942077
2024-12-13 00:00:00-05:00,0.0,0,0.0012029083
2024-12-16 00:00:00-05:00,0.0,0,0.0008467221
2024-12-17 00:00:00-05:00,0.0,0,0.0008276878
2024-12-18 00:00:00-05:00,0.0,0,0.18739332
2024-12-19 00:00:00-05:00,0.0,1,0.56535774
2024-12-20 00:00:00-05:00,1.0,1,0.56535774
2024-12-23 00:00:00-05:00,0.0,1,0.56535774
2024-12-24 00:00:00-05:00,0.0,0,0.3539969
2024-12-26 00:00:00-05:00,1.0,1,0.56535774
2024-12-27 00:00:00-05:00,1.0,1,0.841442
2024-12-30 00:00:00-05:00,1.0,1,0.944109
2024-12-31 00:00:00-05:00,1.0,1,0.95046115
2025-01-02 00:00:00-05:00,1.0,1,0.95071054
2025-01-03 00:00:00-05:00,1.0,1,0.9325996
2025-01-06 00:00:00-05:00,1.0,1,0.9546529
2025-01-07 00:00:00-05:00,1.0,1,0.96572024
2025-01-08 00:00:00-05:00,1.0,1,0.9464407
2025-01-10 00:00:00-05:00,1.0,1,0.95108855
2025-01-13 00:00:00-05:00,1.0,1,0.96488583
2025-01-14 00:00:00-05:00,1.0,1,0.9627733
2025-01-15 00:00:00-05:00,1.0,1,0.9224726
2025-01-16 00:00:00-05:00,1.0,1,0.94222546
2025-01-17 00:00:00-05:00,1.0,1,0.934122
2025-01-21 00:00:00-05:00,1.0,1,0.9313331
2025-01-22 00:00:00-05:00,1.0,1,0.8297219
2025-01-23 00:00:00-05:00,1.0,1,0.8544371
2025-01-24 00:00:00-05:00,1.0,1,0.87975687
2025-01-27 00:00:00-05:00,1.0,1,0.9072877
2025-01-28 00:00:00-05:00,1.0,1,0.8709308
2025-01-29 00:00:00-05:00,1.0,1,0.8843205
2025-01-30 00:00:00-05:00,1.0,1,0.96074516
2025-01-31 00:00:00-05:00,1.0,1,0.95490235
2025-02-03 00:00:00-05:00,1.0,1,0.9567608
2025-02-04 00:00:00-05:00,1.0,1,0.94530934
2025-02-05 00:00:00-05:00,1.0,1,0.9387963
2025-02-06 00:00:00-05:00,1.0,1,0.9390959
2025-02-07 00:00:00-05:00,1.0,1,0.9556547
2025-02-10 00:00:00-05:00,1.0,1,0.9440776
2025-02-11 00:00:00-05:00,1.0,1,0.93033963
2025-02-12 00:00:00-05:00,1.0,1,0.93587536
2025-02-13 00:00:00-05:00,1.0,1,0.92776954
2025-02-14 00:00:00-05:00,1.0,1,0.92843527
2025-02-18 00:00:00-05:00,1.0,1,0.9289192
2025-02-19 00:00:00-05:00,1.0,1,0.91696095
2025-02-20 00:00:00-05:00,1.0,1,0.933423
2025-02-21 00:00:00-05:00,1.0,1,0.9512525
2025-02-24 00:00:00-05:00,1.0,1,0.9416263
2025-02-25 00:00:00-05:00,1.0,1,0.94565
2025-02-26 00:00:00-05:00,1.0,1,0.9399968
2025-02-27 00:00:00-05:00,1.0,1,0.9590387
2025-02-28 00:00:00-05:00,1.0,1,0.9396735
2025-03-03 00:00:00-05:00,1.0,1,0.95757943
2025-03-04 00:00:00-05:00,1.0,1,0.94598204
2025-03-05 00:00:00-05:00,1.0,1,0.93408847
2025-03-06 00:00:00-05:00,1.0,1,0.935642
2025-03-07 00:00:00-05:00,1.0,1,0.9342311
2025-03-10 00:00:00-04:00,1.0,1,0.96867895
2025-03-11 00:00:00-04:00,1.0,1,0.96977097
2025-03-12 00:00:00-04:00,1.0,1,0.98605996
2025-03-13 00:00:00-04:00,1.0,1,0.98851454
2025-03-14 00:00:00-04:00,1.0,1,0.9831813
2025-03-17 00:00:00-04:00,1.0,1,0.98000115
2025-03-18 00:00:00-04:00,1.0,1,0.9791735
2025-03-19 00:00:00-04:00,1.0,1,0.9783121
2025-03-20 00:00:00-04:00,1.0,1,0.97822744
2025-03-21 00:00:00-04:00,1.0,1,0.97092175
2025-03-24 00:00:00-04:00,1.0,1,0.92739713
2025-03-25 00:00:00-04:00,1.0,1,0.9026246
2025-03-26 00:00:00-04:00,1.0,1,0.9736899
2025-03-27 00:00:00-04:00,1.0,1,0.9735975
2025-03-28 00:00:00-04:00,1.0,1,0.9889218
2025-03-31 00:00:00-04:00,1.0,1,0.99254304
2025-04-01 00:00:00-04:00,1.0,1,0.98647964
2025-04-02 00:00:00-04:00,1.0,1,0.98339355
2025-04-03 00:00:00-04:00,1.0,1,0.98626757
2025-04-04 00:00:00-04:00,1.0,1,0.9887944
2025-04-07 00:00:00-04:00,1.0,1,0.99734193
2025-04-08 00:00:00-04:00,1.0,1,0.997312
2025-04-09 00:00:00-04:00,1.0,1,0.9966803
2025-04-10 00:00:00-04:00,1.0,1,0.98291135
2025-04-11 00:00:00-04:00,1.0,1,0.97776043
2025-04-14 00:00:00-04:00,1.0,1,0.9706521
2025-04-15 00:00:00-04:00,1.0,1,0.9746263
2025-04-16 00:00:00-04:00,1.0,1,0.9993227
2025-04-17 00:00:00-04:00,1.0,1,0.99997985
2025-04-21 00:00:00-04:00,1.0,1,0.9999997
2025-04-22 00:00:00-04:00,1.0,1,0.9999814
2025-04-23 00:00:00-04:00,1.0,1,0.9997584
2025-04-24 00:00:00-04:00,1.0,1,0.9987397
2025-04-25 00:00:00-04:00,1.0,1,0.99691355
2025-04-28 00:00:00-04:00,1.0,1,0.99901754
2025-04-29 00:00:00-04:00,1.0,1,0.9982926
2025-04-30 00:00:00-04:00,1.0,1,0.99962205
2025-05-01 00:00:00-04:00,1.0,1,0.9867216
2025-05-02 00:00:00-04:00,1.0,1,0.9844639
2025-05-05 00:00:00-04:00,1.0,1,0.98610204
2025-05-06 00:00:00-04:00,1.0,1,0.9865214
2025-05-07 00:00:00-04:00,1.0,1,0.9850591
2025-05-08 00:00:00-04:00,1.0,1,0.98454505
2025-05-09 00:00:00-04:00,1.0,1,0.97372586
2025-05-12 00:00:00-04:00,1.0,1,0.9819795
2025-05-13 00:00:00-04:00,1.0,1,0.97846556
2025-05-14 00:00:00-04:00,1.0,1,0.9803383
2025-05-15 00:00:00-04:00,1.0,1,0.98041314
2025-05-16 00:00:00-04:00,1.0,1,0.9810749
2025-05-19 00:00:00-04:00,1.0,1,0.981272
2025-05-20 00:00:00-04:00,1.0,1,0.9722369
2025-05-21 00:00:00-04:00,1.0,1,0.9863844
2025-05-22 00:00:00-04:00,1.0,1,0.98766875
2025-05-23 00:00:00-04:00,1.0,1,0.99122286
2025-05-27 00:00:00-04:00,1.0,1,0.98341215
2025-05-28 00:00:00-04:00,1.0,1,0.98565316
2025-05-29 00:00:00-04:00,1.0,1,0.9893888
2025-05-30 00:00:00-04:00,1.0,1,0.9895309
2025-06-02 00:00:00-04:00,1.0,1,0.98830855
2025-06-03 00:00:00-04:00,1.0,1,0.9777725
2025-06-04 00:00:00-04:00,1.0,1,0.9755973
2025-06-05 00:00:00-04:00,1.0,1,0.98332584
2025-06-06 00:00:00-04:00,1.0,1,0.9807406
2025-06-09 00:00:00-04:00,1.0,1,0.9845022
2025-06-10 00:00:00-04:00,1.0,1,0.9871979
2025-06-11 00:00:00-04:00,1.0,1,0.9937134
2025-06-12 00:00:00-04:00,1.0,1,0.9919419
2025-06-13 00:00:00-04:00,1.0,1,0.9939032
2025-06-16 00:00:00-04:00,1.0,1,0.9900971
2025-06-17 00:00:00-04:00,1.0,1,0.98911864
2025-06-18 00:00:00-04:00,1.0,1,0.9927322
2025-06-20 00:00:00-04:00,1.0,1,0.9968077
2025-06-23 00:00:00-04:00,1.0,1,0.9934601
2025-06-24 00:00:00-04:00,1.0,1,0.98816305
2025-06-25 00:00:00-04:00,1.0,1,0.9858362
2025-06-26 00:00:00-04:00,1.0,1,0.94575685
2025-06-27 00:00:00-04:00,1.0,1,0.9522528
2025-06-30 00:00:00-04:00,1.0,1,0.7259976
2025-07-01 00:00:00-04:00,1.0,1,0.61260736
2025-07-02 00:00:00-04:00,1.0,1,0.62317264
2025-07-03 00:00:00-04:00,1.0,1,0.6293708
2025-07-07 00:00:00-04:00,1.0,1,0.717716
2025-07-08 00:00:00-04:00,1.0,1,0.8472646
2025-07-09 00:00:00-04:00,1.0,0,0.45779613
2025-07-10 00:00:00-04:00,1.0,1,0.682191
2025-07-11 00:00:00-04:00,1.0,1,0.57381916
2025-07-14 00:00:00-04:00,0.0,0,0.061717812
2025-07-15 00:00:00-04:00,0.0,0,0.014434701
2025-07-16 00:00:00-04:00,0.0,0,0.014017783
2025-07-17 00:00:00-04:00,0.0,0,0.013635122
2025-07-18 00:00:00-04:00,0.0,0,0.012269767
2025-07-21 00:00:00-04:00,0.0,0,0.013802048
2025-07-22 00:00:00-04:00,0.0,0,0.016427282
2025-07-23 00:00:00-04:00,0.0,0,0.029939793
2025-07-24 00:00:00-04:00,0.0,0,0.013029758
2025-07-25 00:00:00-04:00,0.0,0,0.01488991
2025-07-28 00:00:00-04:00,0.0,0,0.013643995
2025-07-29 00:00:00-04:00,0.0,0,0.014349078
2025-07-30 00:00:00-04:00,0.0,0,0.015136934
2025-07-31 00:00:00-04:00,0.0,0,0.01803724
2025-08-01 00:00:00-04:00,0.0,0,0.013625321
2025-08-04 00:00:00-04:00,0.0,0,0.005628984
2025-08-05 00:00:00-04:00,0.0,0,0.0070015606
2025-08-06 00:00:00-04:00,0.0,0,0.009645165
2025-08-07 00:00:00-04:00,0.0,0,0.007304057
2025-08-08 00:00:00-04:00,0.0,0,0.010933144
2025-08-11 00:00:00-04:00,0.0,0,0.010236896
2025-08-12 00:00:00-04:00,0.0,0,0.006631387
2025-08-13 00:00:00-04:00,0.0,0,0.011903945
2025-08-14 00:00:00-04:00,0.0,0,0.01377289
2025-08-15 00:00:00-04:00,0.0,0,0.016195187
2025-08-18 00:00:00-04:00,0.0,0,0.012831001
2025-08-19 00:00:00-04:00,0.0,0,0.020170094
2025-08-20 00:00:00-04:00,0.0,0,0.026083132
2025-08-21 00:00:00-04:00,0.0,0,0.02292212
2025-08-22 00:00:00-04:00,0.0,1,0.56710577
2025-08-25 00:00:00-04:00,0.0,1,0.56710577
2025-08-26 00:00:00-04:00,0.0,1,0.56710577
2025-08-27 00:00:00-04:00,0.0,1,0.56710577
2025-08-28 00:00:00-04:00,0.0,1,0.56710577
2025-08-29 00:00:00-04:00,0.0,1,0.56710577
2025-09-02 00:00:00-04:00,0.0,1,0.56710577
2025-09-03 00:00:00-04:00,0.0,1,0.56710577
2025-09-04 00:00:00-04:00,0.0,1,0.56710577
2025-09-05 00:00:00-04:00,0.0,1,0.56710577
2025-09-08 00:00:00-04:00,0.0,1,0.56710577
2025-09-09 00:00:00-04:00,0.0,1,0.56710577
2025-09-10 00:00:00-04:00,0.0,1,0.56710577
2025-09-11 00:00:00-04:00,0.0,1,0.5733689
2025-09-12 00:00:00-04:00,0.0,1,0.5733689
2025-09-15 00:00:00-04:00,0.0,1,0.5733689
2025-09-16 00:00:00-04:00,0.0,1,0.5733689
2025-09-17 00:00:00-04:00,0.0,1,0.5733689
2025-09-18 00:00:00-04:00,0.0,1,0.5733689
2025-09-19 00:00:00-04:00,0.0,1,0.5733689
2025-09-22 00:00:00-04:00,0.0,1,0.5733689
2025-09-23 00:00:00-04:00,0.0,1,0.5733689
2025-09-24 00:00:00-04:00,0.0,1,0.5733689
2025-09-25 00:00:00-04:00,0.0,1,0.5733689
2025-09-26 00:00:00-04:00,0.0,1,0.5733689
2025-09-29 00:00:00-04:00,0.0,1,0.5733689
2025-09-30 00:00:00-04:00,0.0,1,0.5733689
2025-10-01 00:00:00-04:00,0.0,1,0.5733689
2025-10-02 00:00:00-04:00,0.0,1,0.5733689
2025-10-03 00:00:00-04:00,0.0,1,0.5733689
2025-10-06 00:00:00-04:00,0.0,1,0.5733689
2025-10-07 00:00:00-04:00,0.0,1,0.5733689
2025-10-08 00:00:00-04:00,0.0,1,0.5733689
2025-10-09 00:00:00-04:00,0.0,1,0.5733689
2025-10-10 00:00:00-04:00,0.0,1,0.5733689
2025-10-13 00:00:00-04:00,0.0,1,0.5733689
2025-10-14 00:00:00-04:00,0.0,1,0.5733689
2025-10-15 00:00:00-04:00,0.0,1,0.5733689
2025-10-16 00:00:00-04:00,0.0,1,0.5733689
2025-10-17 00:00:00-04:00,0.0,1,0.5733689
2025-10-20 00:00:00-04:00,0.0,1,0.5733689
2025-10-21 00:00:00-04:00,0.0,1,0.5733689
2025-10-22 00:00:00-04:00,0.0,1,0.5733689
2025-10-23 00:00:00-04:00,0.0,1,0.5733689
2025-10-24 00:00:00-04:00,0.0,1,0.5733689
2025-10-27 00:00:00-04:00,0.0,1,0.5733689
2025-10-28 00:00:00-04:00,0.0,1,0.5733689
2025-10-29 00:00:00-04:00,0.0,1,0.5733689
2025-10-30 00:00:00-04:00,0.0,1,0.5733689
2025-10-31 00:00:00-04:00,0.0,1,0.5733689
2025-11-03 00:00:00-05:00,0.0,1,0.5733689
2025-11-04 00:00:00-05:00,0.0,1,0.5733689
2025-11-05 00:00:00-05:00,0.0,1,0.5733689
2025-11-06 00:00:00-05:00,0.0,1,0.5733689
2025-11-07 00:00:00-05:00,0.0,1,0.5733689
2025-11-10 00:00:00-05:00,0.0,1,0.5733689
2025-11-11 00:00:00-05:00,0.0,1,0.5733689
2025-11-12 00:00:00-05:00,0.0,1,0.5733689
2025-11-13 00:00:00-05:00,0.0,1,0.5733689
2025-11-14 00:00:00-05:00,0.0,1,0.5733689
2025-11-17 00:00:00-05:00,0.0,1,0.5733689
2025-11-18 00:00:00-05:00,0.0,1,0.5733689
2025-11-19 00:00:00-05:00,0.0,1,0.5733689
2025-11-20 00:00:00-05:00,0.0,1,0.5733689
2025-11-21 00:00:00-05:00,0.0,1,0.5733689
2025-11-24 00:00:00-05:00,0.0,1,0.5733689
2025-11-25 00:00:00-05:00,0.0,1,0.5733689
2025-11-26 00:00:00-05:00,0.0,1,0.5733689
2025-11-28 00:00:00-05:00,0.0,1,0.5733689
2025-12-01 00:00:00-05:00,0.0,1,0.5733689
2025-12-02 00:00:00-05:00,0.0,1,0.5733689
2025-12-03 00:00:00-05:00,0.0,1,0.5733689
2025-12-04 00:00:00-05:00,0.0,1,0.5733689
2025-12-05 00:00:00-05:00,0.0,1,0.5733689
2025-12-08 00:00:00-05:00,0.0,1,0.5733689
2025-12-09 00:00:00-05:00,0.0,1,0.5733689
2025-12-10 00:00:00-05:00,0.0,1,0.5720795
2025-12-11 00:00:00-05:00,0.0,1,0.5720795
2025-12-12 00:00:00-05:00,0.0,1,0.5720795
2025-12-15 00:00:00-05:00,0.0,1,0.5720795
2025-12-16 00:00:00-05:00,0.0,1,0.5720795
2025-12-17 00:00:00-05:00,0.0,1,0.5720795
2025-12-18 00:00:00-05:00,0.0,1,0.5720795
2025-12-19 00:00:00-05:00,0.0,1,0.5720795
2025-12-22 00:00:00-05:00,0.0,1,0.5720795
2025-12-23 00:00:00-05:00,0.0,1,0.5720795
2025-12-24 00:00:00-05:00,0.0,1,0.5720795
2025-12-26 00:00:00-05:00,0.0,1,0.5720795
2025-12-29 00:00:00-05:00,0.0,1,0.5720795
2025-12-30 00:00:00-05:00,0.0,1,0.5720795
