Date,Open,High,Low,Close,Volume,Dividends,Stock Splits,Predictions,Capital,Portfolio_Value,Profit
2016-09-02 00:00:00-04:00,0.09254982957238578,0.09334016777907095,0.09446402459295009,0.09463540620862217,0.01997230803850271,0.0,0.0,,10000,10000,0
2016-09-06 00:00:00-04:00,0.09272760998249298,0.092710117900975,0.09411613422488765,0.09453625220723966,0.016525797109983406,0.0,0.0,,10000,10000,0
2016-09-07 00:00:00-04:00,0.0922266322236112,0.09277476288800487,0.09444748768523202,0.09461890882699149,0.018122803623141163,0.0,0.0,,10000,10000,0
2016-09-08 00:00:00-04:00,0.09248519528848136,0.09269396830959145,0.0940664398434687,0.09423876898914235,0.02160953545643629,0.0,0.0,,10000,10000,0
2016-09-09 00:00:00-04:00,0.09112761468388306,0.09225775473585765,0.09245946959969738,0.09222245377346647,0.04128334128988705,0.0,0.0,,10000,10000,0
2016-09-12 00:00:00-04:00,0.08985089748923072,0.09175697707404545,0.09146552151478432,0.09361075829047015,0.033645444049304,0.0,0.0,,10000,10000,0
2016-09-13 00:00:00-04:00,0.09065892601998245,0.09085224409864755,0.09219440034300644,0.09275131047075616,0.03473272288690408,0.0,0.0,,10000,10000,0
2016-09-14 00:00:00-04:00,0.09048116412108738,0.09081994761199953,0.09216128162113489,0.09230509625058508,0.026757285504280765,0.0,0.0,,10000,10000,0
2016-09-15 00:00:00-04:00,0.09009329776935578,0.09198312554709492,0.09207845495429333,0.09384211055571272,0.030417256398015558,0.0,0.0,,10000,10000,0
2016-09-16 00:00:00-04:00,0.09248519824508021,0.0924354875331243,0.09335408434878638,0.09394128577104503,0.05376115407182771,0.0,0.0,,10000,10000,0
2016-09-19 00:00:00-04:00,0.09190338528052948,0.0926293480451225,0.0935197457116599,0.09341242200243874,0.02264923270080484,0.0,0.0,,10000,10000,0
2016-09-20 00:00:00-04:00,0.09203265242330638,0.09198311459149627,0.09335406225381919,0.09321407864309071,0.017979007316524326,0.0,0.0,,10000,10000,0
2016-09-21 00:00:00-04:00,0.0922912284120164,0.0927908703506095,0.09390075191844932,0.09478413013937932,0.039434494078851905,0.0,0.0,,10000,10000,0
2016-09-22 00:00:00-04:00,0.09295386407852008,0.09303321926489773,0.09481192407530084,0.09488331242602824,0.021183798493792837,0.0,0.0,,10000,10000,0
2016-09-23 00:00:00-04:00,0.0928730659781702,0.09288782956785926,0.09439777039740525,0.09423876898914235,0.021358746285481147,0.0,0.0,,10000,10000,0
2016-09-26 00:00:00-04:00,0.09159630848901149,0.09164386488543076,0.0934866061222933,0.09336283085911427,0.023637142244252878,0.0,0.0,,10000,10000,0
2016-09-27 00:00:00-04:00,0.09135388228275625,0.09313014833404845,0.09323810417630149,0.09509816023832353,0.03201833757799701,0.0,0.0,,10000,10000,0
2016-09-28 00:00:00-04:00,0.09288923208464298,0.09313016199753671,0.09487819432274212,0.09523038678745001,0.022122549153625982,0.0,0.0,,10000,10000,0
2016-09-29 00:00:00-04:00,0.09277608936515198,0.09330785122783718,0.09411612501814161,0.09418917784581789,0.028598772026860207,0.0,0.0,,10000,10000,0
2016-09-30 00:00:00-04:00,0.09238821942487387,0.09266165194832927,0.09433149780694557,0.09451971946902597,0.03444434162847872,0.0,0.0,,10000,10000,0
2016-10-03 00:00:00-04:00,0.0921296260174673,0.09230622359620336,0.09386762773669617,0.09422222210829546,0.02035217213916328,0.0,0.0,,10000,10000,0
2016-10-04 00:00:00-04:00,0.09190337768383659,0.09238700920694842,0.09371854009420023,0.09392475303283135,0.021530408055537447,0.0,0.0,,10000,10000,0
2016-10-05 00:00:00-04:00,0.09193569500120716,0.09296859277394039,0.09419895631436674,0.09458582213661432,0.01711465218643993,0.0,0.0,,10000,10000,0
2016-10-06 00:00:00-04:00,0.09266298508724428,0.09280706774332785,0.09423211534691536,0.09475112123348477,0.016439309020628855,0.0,0.0,,10000,10000,0
2016-10-07 00:00:00-04:00,0.09284074486039616,0.09300091828722568,0.09446403396275996,0.09485026816355066,0.02153448272236114,0.0,0.0,,10000,10000,0
2016-10-10 00:00:00-04:00,0.0929376751528305,0.0936632424680526,0.09520948469829976,0.09524687709776408,0.019046964346928173,0.0,0.0,,10000,10000,0
2016-10-11 00:00:00-04:00,0.09290538160832887,0.09306553031942998,0.0935860028429006,0.09384211055571272,0.029957739132995025,0.0,0.0,,10000,10000,0
2016-10-12 00:00:00-04:00,0.09164478598577948,0.09185388001657974,0.0927742428667236,0.09370989107790284,0.024279625193743836,0.0,0.0,,10000,10000,0
2016-10-13 00:00:00-04:00,0.09098215494620882,0.09190233058484751,0.09264169483582924,0.09339586097895865,0.028401873610670054,0.0,0.0,,10000,10000,0
2016-10-14 00:00:00-04:00,0.0916609433635862,0.0926131772118236,0.09396702246201234,0.09422222210829546,0.03114741040464859,0.0,0.0,,10000,10000,0
2016-10-17 00:00:00-04:00,0.0920488340477948,0.09216084005212047,0.09355287504382581,0.09389170169903717,0.026451685492503662,0.0,0.0,,10000,10000,0
2016-10-18 00:00:00-04:00,0.09232359683379204,0.09295247164643868,0.09444748768523202,0.09461890882699149,0.02029959579305109,0.0,0.0,,10000,10000,0
2016-10-19 00:00:00-04:00,0.09222660236799564,0.09277473285165398,0.09443089343129983,0.09440402565811319,0.025200894218494675,0.0,0.0,,10000,10000,0
2016-10-20 00:00:00-04:00,0.09227509801852478,0.0922577788062633,0.09320498591076216,0.09394128577104503,0.06013419586581675,0.0,0.0,,10000,10000,0
2016-10-21 00:00:00-04:00,0.09676795154033514,0.09699124712799853,0.09789327818488273,0.09792426848853954,0.1003243434791661,0.0,0.0,,10000,10000,0
2016-10-24 00:00:00-04:00,0.09621848377782367,0.09787980553101702,0.09862222149308414,0.10013890584961363,0.06619545992736052,0.0,0.0,,10000,10000,0
2016-10-25 00:00:00-04:00,0.09768915782624144,0.09847753268642584,0.10006348660481383,0.10012236604008334,0.0413139670114974,0.0,0.0,,10000,10000,0
2016-10-26 00:00:00-04:00,0.09762451571771304,0.09820289533132277,0.09951679549296533,0.09952739253257212,0.03444539315540096,0.0,0.0,,10000,10000,0
2016-10-27 00:00:00-04:00,0.09730129628699523,0.09760516317874235,0.09888727853147106,0.09865146854517724,0.03256355428718042,0.0,0.0,,10000,10000,0
2016-10-28 00:00:00-04:00,0.09633160154821852,0.09710434251075578,0.09804238583429901,0.09827134284996131,0.039260203491489995,0.0,0.0,,10000,10000,0
2016-10-31 00:00:00-04:00,0.09657403399607391,0.09694279503649184,0.09860564835910657,0.09835398532707992,0.029875325710464164,0.0,0.0,,10000,10000,0
2016-11-01 00:00:00-04:00,0.09626694828449783,0.09629656787410137,0.09749567709625066,0.09815564196773191,0.027375714775425396,0.0,0.0,,10000,10000,0
2016-11-02 00:00:00-04:00,0.09602452888396075,0.09615117478023592,0.09757851256191989,0.0975441498646402,0.02423953572983329,0.0,0.0,,10000,10000,0
2016-11-03 00:00:00-04:00,0.0955558557888184,0.09568268074379459,0.09726376179649833,0.09718056397895454,0.02352107996021022,0.0,0.0,,10000,10000,0
2016-11-04 00:00:00-04:00,0.09413364343953638,0.09510107903166198,0.09628632824327833,0.09635420284961772,0.032848912405704325,0.0,0.0,,10000,10000,0
2016-11-07 00:00:00-05:00,0.09595988236142505,0.0971043351867215,0.09837370262309193,0.09918031817115035,0.03674981440549823,0.0,0.0,,10000,10000,0
2016-11-08 00:00:00-05:00,0.09720432184269921,0.09752437830299114,0.09898667583228964,0.09926296771958557,0.025275815511704547,0.0,0.0,,10000,10000,0
2016-11-09 00:00:00-05:00,0.09631544004673585,0.09721742592988872,0.09741285564024274,0.09876714821345683,0.06036671475649792,0.0,0.0,,10000,10000,0
2016-11-10 00:00:00-05:00,0.09709119279395813,0.09705588121318856,0.09481192667056135,0.09633769132535384,0.07113159018210344,0.0,0.0,,10000,10000,0
2016-11-11 00:00:00-05:00,0.09345488051391956,0.09484261554672273,0.09544145549646285,0.09686656216527674,0.04608605906637028,0.0,0.0,,10000,10000,0
2016-11-14 00:00:00-05:00,0.09473162829342341,0.09477799311394858,0.09423209823142628,0.09537912486084035,0.04945173386274209,0.0,0.0,,10000,10000,0
2016-11-15 00:00:00-05:00,0.09425331003199991,0.09608959185221912,0.09660767778192692,0.09727589946937239,0.042321987007333355,0.12662337662337664,0.0,,10000,10000,0
2016-11-16 00:00:00-05:00,0.09524583428226358,0.0963661066800336,0.09742494453308656,0.09857374063309648,0.03105540179895226,0.0,0.0,,10000,10000,0
2016-11-17 00:00:00-05:00,0.09763760746131496,0.09846420666780266,0.09935962898733379,0.10022095433613776,0.037364826214145566,0.0,0.0,,10000,10000,0
2016-11-18 00:00:00-05:00,0.09823960738923354,0.09877321715069803,0.09991000144610478,0.09973842183390275,0.03152043958031458,0.0,0.0,,10000,10000,0
2016-11-21 00:00:00-05:00,0.0977840380451834,0.09849673108166714,0.10011014571691113,0.10058700104000064,0.020960874786277152,0.0,0.0,,10000,10000,0
2016-11-22 00:00:00-05:00,0.09856503328215195,0.09896840074732903,0.10076061516086539,0.10101961004703093,0.02563241457921047,0.0,0.0,,10000,10000,0
2016-11-23 00:00:00-05:00,0.09861388214242688,0.09870820993475657,0.09982666322028591,0.09982167244424907,0.023847710510432198,0.0,0.0,,10000,10000,0
2016-11-25 00:00:00-05:00,0.09745863585236601,0.09778110531384528,0.09962648889049901,0.1000379345198646,0.006182978302793486,0.0,0.0,,10000,10000,0
2016-11-28 00:00:00-05:00,0.09752369749756058,0.09857804041986362,0.09975988985713953,0.10017102376961644,0.02238043613130627,0.0,0.0,,10000,10000,0
2016-11-29 00:00:00-05:00,0.09802811108794614,0.09921237342624475,0.10027694514613436,0.10096970069445942,0.024528311310854492,0.0,0.0,,10000,10000,0
2016-11-30 00:00:00-05:00,0.09836978079663836,0.09883828184115127,0.09977658347172792,0.09958867963355501,0.04068068492257608,0.0,0.0,,10000,10000,0
2016-12-01 00:00:00-05:00,0.09714949823110555,0.09716306470789517,0.09764175930479482,0.09782500134609141,0.0405317624222133,0.0,0.0,,10000,10000,0
2016-12-02 00:00:00-05:00,0.09547363041864039,0.09605708812153527,0.09740826515291826,0.09790819538590494,0.028667384158536615,0.0,0.0,,10000,10000,0
2016-12-05 00:00:00-05:00,0.09648242048761173,0.0978787123130757,0.09867584041096923,0.0995221597582872,0.026087199973080913,0.0,0.0,,10000,10000,0
2016-12-06 00:00:00-05:00,0.09767019784150745,0.09766729756282692,0.09907614238881725,0.0990729402285606,0.02129526034755068,0.0,0.0,,10000,10000,0
2016-12-07 00:00:00-05:00,0.09698678731987946,0.0991635821462571,0.09907609971987945,0.10143558024609853,0.03562494348042793,0.0,0.0,,10000,10000,0
2016-12-08 00:00:00-05:00,0.09908570496920761,0.09948887979266019,0.10081066146826367,0.1008365973020744,0.023022130435605543,0.0,0.0,,10000,10000,0
2016-12-09 00:00:00-05:00,0.09889044369555341,0.10015570340127393,0.10129431985616741,0.10243389458122755,0.03107761530518466,0.0,0.0,,10000,10000,0
2016-12-12 00:00:00-05:00,0.09993176945684272,0.10065990377675722,0.10227835297339956,0.10276667074048162,0.021677884706382138,0.0,0.0,,10000,10000,0
2016-12-13 00:00:00-05:00,0.10103818241672864,0.10248152495666714,0.1031456412918206,0.10411441418546064,0.042078558524833914,0.0,0.0,,10000,10000,0
2016-12-14 00:00:00-05:00,0.10185169922874483,0.10253030892104727,0.10362929594672139,0.10361524287526291,0.035025178812153134,0.0,0.0,,10000,10000,0
2016-12-15 00:00:00-05:00,0.1013635782382613,0.10204237437080255,0.10324568970712618,0.10344885479563588,0.03149888327840858,0.0,0.0,,10000,10000,0
2016-12-16 00:00:00-05:00,0.10177034959886246,0.1017170918022967,0.1029454848268566,0.10298297524399677,0.05093004927455158,0.0,0.0,,10000,10000,0
2016-12-19 00:00:00-05:00,0.10113579274823735,0.10305076641464674,0.10344583042318696,0.10517926960980727,0.040263754497906416,0.0,0.0,,10000,10000,0
2016-12-20 00:00:00-05:00,0.10297436149194555,0.10309955295819326,0.10446320783989328,0.10504615914610564,0.0293412814748296,0.0,0.0,,10000,10000,0
2016-12-21 00:00:00-05:00,0.10255132863456343,0.10293691160086053,0.10461331349355703,0.10504615914610564,0.017600851947112403,0.0,0.0,,10000,10000,0
2016-12-22 00:00:00-05:00,0.10321843283187003,0.1035874931349006,0.10509699801645384,0.10506280502538495,0.02427844222595631,0.0,0.0,,10000,10000,0
2016-12-23 00:00:00-05:00,0.10258389880697341,0.1026767099642449,0.10407963455613461,0.10454703026380753,0.01143298934382617,0.0,0.0,,10000,10000,0
2016-12-27 00:00:00-05:00,0.10219338624466351,0.1035387050236474,0.10476343225407499,0.10461356428170855,0.010590979160839457,0.0,0.0,,10000,10000,0
2016-12-28 00:00:00-05:00,0.1025025288604832,0.10244899135907562,0.10412965557350594,0.10413104592210674,0.014389751608310429,0.0,0.0,,10000,10000,0
2016-12-29 00:00:00-05:00,0.10162391361347595,0.1021237011057843,0.1039628666372163,0.10398129665044241,0.00860280463260701,0.0,0.0,,10000,10000,0
2016-12-30 00:00:00-05:00,0.10178661443159476,0.10178214779512418,0.10279537609259114,0.10271675431659352,0.028751769194046674,0.0,0.0,,10000,10000,0
2017-01-03 00:00:00-05:00,0.10151001388626728,0.10153817622309962,0.10296216033307151,0.10344885479563588,0.022329831398173287,0.0,0.0,,10000,10000,0
2017-01-04 00:00:00-05:00,0.10100562936658682,0.1013918028546843,0.1029454848268566,0.10298297524399677,0.023178807947019868,0.0,0.0,,10000,10000,0
2017-01-05 00:00:00-05:00,0.10053378044851283,0.10124542313847724,0.10279537916000595,0.10298297524399677,0.02782655694333742,0.0,0.0,,10000,10000,0
2017-01-06 00:00:00-05:00,0.10071275891975383,0.10204238162877603,0.10281206198743946,0.10388146380266618,0.021316159445130274,0.0,0.0,,10000,10000,0
2017-01-09 00:00:00-05:00,0.10146120981294326,0.10192853618036651,0.10364598578496577,0.1035486947147287,0.021920524543689892,0.0,0.0,,10000,10000,0
2017-01-10 00:00:00-05:00,0.10141240039709887,0.10191226872534287,0.10321234475112051,0.1035154170988033,0.019568127377765254,0.0,0.0,,10000,10000,0
2017-01-11 00:00:00-05:00,0.10121713764891595,0.10217248123077924,0.10346250535344718,0.10446380086741101,0.023411852601162148,0.0,0.0,,10000,10000,0
2017-01-12 00:00:00-05:00,0.10194932335299914,0.1024489865143183,0.10266195155843617,0.103498771219524,0.022690110809907068,0.0,0.0,,10000,10000,0
2017-01-13 00:00:00-05:00,0.10123340045433597,0.10158695734965185,0.10332907011379218,0.10364850634855513,0.020658166473536223,0.0,0.0,,10000,10000,0
2017-01-17 00:00:00-05:00,0.10133105426747185,0.10131049380805184,0.10279539096790749,0.10336567489845556,0.022290267697723864,0.0,0.0,,10000,10000,0
2017-01-18 00:00:00-05:00,0.10131473608367572,0.10131044969861185,0.10294545183810551,0.10331571604666785,0.020983876937701235,0.0,0.0,,10000,10000,0
2017-01-19 00:00:00-05:00,0.1006151384188124,0.10176588297290884,0.10307891491396684,0.10298297524399677,0.019382401435123944,0.0,0.0,,10000,10000,0
2017-01-20 00:00:00-05:00,0.10131477213548558,0.10150565664758256,0.10336244796256368,0.10371508279435575,0.034842213127682715,0.0,0.0,,10000,10000,0
2017-01-23 00:00:00-05:00,0.10136358234354201,0.10199358113005176,0.10369601087915298,0.10408112242690203,0.025489012595189476,0.0,0.0,,10000,10000,0
2017-01-24 00:00:00-05:00,0.10217710598594161,0.10300197102503669,0.10431310259075159,0.10501288153018024,0.027559600545952776,0.0,0.0,,10000,10000,0
2017-01-25 00:00:00-05:00,0.10339739704520325,0.10358747971680533,0.1051636994403717,0.1052790953862669,0.026244929011417478,0.0,0.0,,10000,10000,0
2017-01-26 00:00:00-05:00,0.1036739959354258,0.10430311200720838,0.1053304760742536,0.10626076384211662,0.052377870405616,0.0,0.0,,10000,10000,0
2017-01-27 00:00:00-05:00,0.10574037232517383,0.1065313528859575,0.10756539490755436,0.10877321677316829,0.0540384942975695,0.0,0.0,,10000,10000,0
2017-01-30 00:00:00-05:00,0.10622852140562464,0.10633620192090709,0.10741532199026356,0.10769172961217555,0.03673220132955064,0.0,0.0,,10000,10000,0
2017-01-31 00:00:00-05:00,0.1048780292914588,0.10529525295093088,0.10651465838743579,0.10689305268733255,0.028345091156868892,0.0,0.0,,10000,10000,0
2017-02-01 00:00:00-05:00,0.10406449408311676,0.10443323733741929,0.1051970597148496,0.10511271437795645,0.047273890165909924,0.0,0.0,,10000,10000,0
2017-02-02 00:00:00-05:00,0.10225846232514592,0.10246524796822107,0.10399622036412158,0.10443053032280221,0.05536473262824949,0.0,0.0,,10000,10000,0
2017-02-03 00:00:00-05:00,0.10266521884872663,0.10293690810505594,0.10452991932825458,0.1052790953862669,0.03495827541172537,0.0,0.0,,10000,10000,0
2017-02-06 00:00:00-05:00,0.10266523344070717,0.10285560204999608,0.10464668233202098,0.10521255429704929,0.021149886750550476,0.0,0.0,,10000,10000,0
2017-02-07 00:00:00-05:00,0.10305571853774124,0.1030670225282712,0.1047967757332443,0.1048631322585159,0.02178185443081899,0.0,0.0,,10000,10000,0
2017-02-08 00:00:00-05:00,0.1027791207430916,0.10311582554039818,0.1047801058870935,0.10471339005816817,0.01891539204078242,0.0,0.0,,10000,10000,0
2017-02-09 00:00:00-05:00,0.10269775805894812,0.10414047243245356,0.10494687596407118,0.10591135594621644,0.024893322593738366,0.0,0.0,,10000,10000,0
2017-02-10 00:00:00-05:00,0.10388549903061443,0.10391276008007108,0.1060476363426382,0.10581151602712362,0.019013052603685812,0.0,0.0,,10000,10000,0
2017-02-13 00:00:00-05:00,0.10386926302735096,0.10482359987089679,0.10629784710332238,0.10700953848570469,0.025255705059316635,0.0,0.0,,10000,10000,0
2017-02-14 00:00:00-05:00,0.10478121255931114,0.10523405323386743,0.10676170336505082,0.1074112811957706,0.025503208208639765,0.12662337662337664,0.0,,10000,10000,0
2017-02-15 00:00:00-05:00,0.10492853097527824,0.10498860712675957,0.10699662929510831,0.10734432289887351,0.01748110931884189,0.0,0.0,,10000,10000,0
2017-02-16 00:00:00-05:00,0.10532138060336953,0.10608491565740556,0.10746644417604238,0.10732757094984519,0.022135561799288748,0.0,0.0,,10000,10000,0
2017-02-17 00:00:00-05:00,0.10487941074836249,0.10518495295341873,0.10723152635360643,0.1074949702277462,0.023058933877884075,0.0,0.0,,10000,10000,0
2017-02-21 00:00:00-05:00,0.10510860180356216,0.10561040442957342,0.10748323167252825,0.10727737167329303,0.022279620987636146,0.0,0.0,,10000,10000,0
2017-02-22 00:00:00-05:00,0.1046502544312776,0.10469407040190351,0.1068120513825649,0.10705975190489005,0.020487819112132728,0.0,0.0,,10000,10000,0
2017-02-23 00:00:00-05:00,0.10479755955031549,0.10525040640023077,0.10704695093055386,0.1074949702277462,0.021776465355342493,0.0,0.0,,10000,10000,0
2017-02-24 00:00:00-05:00,0.10497762219502736,0.10536494681115971,0.10696304835580794,0.1074949702277462,0.02377922981962107,0.0,0.0,,10000,10000,0
2017-02-27 00:00:00-05:00,0.10499398251105208,0.10493949323227832,0.10681202644737683,0.10684211799385387,0.01599096422915716,0.0,0.0,,10000,10000,0
2017-02-28 00:00:00-05:00,0.1042410121522077,0.10438315837876233,0.10632542671306619,0.10642363747739284,0.02567592150561831,0.0,0.0,,10000,10000,0
2017-03-01 00:00:00-05:00,0.10432283911597623,0.10567582397491773,0.106761678641133,0.10803062246028969,0.03053621038109439,0.0,0.0,,10000,10000,0
2017-03-02 00:00:00-05:00,0.1052395554618073,0.1052831463162615,0.10652680407264306,0.1064738791818446,0.027384389872533905,0.0,0.0,,10000,10000,0
2017-03-03 00:00:00-05:00,0.10409367780976363,0.10451405430106374,0.10609050372803866,0.10687559360664411,0.018967311182568208,0.0,0.0,,10000,10000,0
2017-03-06 00:00:00-05:00,0.10406094075260772,0.10497221808960823,0.10640932033795775,0.10690906921943436,0.019774883858851438,0.0,0.0,,10000,10000,0
2017-03-07 00:00:00-05:00,0.1044210848137326,0.10533222474234448,0.10704696200272164,0.10712671020178714,0.01947348995476331,0.0,0.0,,10000,10000,0
2017-03-08 00:00:00-05:00,0.10453566010330033,0.10582311038547658,0.1071476257333544,0.10811432563489849,0.023403440385784197,0.0,0.0,,10000,10000,0
2017-03-09 00:00:00-05:00,0.10605799957044096,0.10601945781814072,0.10753355922835077,0.10767910731204235,0.021216132946651832,0.0,0.0,,10000,10000,0
2017-03-10 00:00:00-05:00,0.10592704211603785,0.10611764369953532,0.10798659931238881,0.10801389172521117,0.02081050643639629,0.0,0.0,,10000,10000,0
2017-03-13 00:00:00-04:00,0.10576335615056659,0.10600310724034678,0.10768457197782366,0.1076456246279355,0.021548941217541993,0.0,0.0,,10000,10000,0
2017-03-14 00:00:00-04:00,0.10497761403097386,0.10495586396809627,0.10697982311172151,0.10714343386554906,0.013899345739948981,0.0,0.0,,10000,10000,0
2017-03-15 00:00:00-04:00,0.10501037133192821,0.10556129834939793,0.10714762751538254,0.10771258292483259,0.02777108889818906,0.0,0.0,,10000,10000,0
2017-03-16 00:00:00-04:00,0.1053377635185271,0.10529950939477428,0.107231542675307,0.10752845998316965,0.022303806106847755,0.0,0.0,,10000,10000,0
2017-03-17 00:00:00-04:00,0.1055996544222327,0.10608490282072505,0.10786913534282329,0.10791345074420725,0.05982412686462012,0.0,0.0,,10000,10000,0
2017-03-20 00:00:00-04:00,0.10559966229833649,0.10598673680471478,0.10793626288777541,0.10801389172521117,0.014317196250675606,0.0,0.0,,10000,10000,0
2017-03-21 00:00:00-04:00,0.10605801002294286,0.10651036293237454,0.10694627734055133,0.10680865652369684,0.03014583101121138,0.0,0.0,,10000,10000,0
2017-03-22 00:00:00-04:00,0.10430649734535874,0.10592129001687821,0.10692950271245366,0.10818129100311218,0.02231129823616874,0.0,0.0,,10000,10000,0
2017-03-23 00:00:00-04:00,0.10564876014237393,0.10608490282072505,0.10802014460546974,0.10791345074420725,0.020456930508791816,0.0,0.0,,10000,10000,0
2017-03-24 00:00:00-04:00,0.10633624585282749,0.10642850466293985,0.10800335468114165,0.10809756661455357,0.0248574392375168,0.0,0.0,,10000,10000,0
2017-03-27 00:00:00-04:00,0.10514132236781096,0.10605219963191757,0.10731542660373287,0.10829846979051123,0.019596650045531117,0.0,0.0,,10000,10000,0
2017-03-28 00:00:00-04:00,0.10568151626599852,0.10646128030698253,0.10781882252845952,0.10861653053991814,0.02152317880794702,0.0,0.0,,10000,10000,0
2017-03-29 00:00:00-04:00,0.10594340678252315,0.1065103437850108,0.10832217575926753,0.10891781812634692,0.013029470093522805,0.0,0.0,,10000,10000,0
2017-03-30 00:00:00-04:00,0.1064345160670949,0.10729581252938299,0.10901018153184618,0.10931960326431243,0.015006866470802252,0.0,0.0,,10000,10000,0
2017-03-31 00:00:00-04:00,0.10681098683822988,0.10763940628196936,0.10916116287982228,0.10957067036023925,0.022784879673774287,0.0,0.0,,10000,10000,0
2017-04-03 00:00:00-04:00,0.10707285948503759,0.10723030281688646,0.10872487615250784,0.1090517205775079,0.02194444678117094,0.0,0.0,,10000,10000,0
2017-04-04 00:00:00-04:00,0.10638540006062469,0.10701762184484852,0.10887593198436005,0.10935307887710269,0.012213222320131063,0.0,0.0,,10000,10000,0
2017-04-05 00:00:00-04:00,0.10787499647806799,0.10790121405768127,0.10914439913876324,0.10906848666916942,0.023321552726714462,0.0,0.0,,10000,10000,0
2017-04-06 00:00:00-04:00,0.10672915268393031,0.10742669660922388,0.10921152955115727,0.10935307887710269,0.018924724342217335,0.0,0.0,,10000,10000,0
2017-04-07 00:00:00-04:00,0.10713837632503763,0.10726306173420766,0.10914440244205334,0.10926936863117727,0.013673661774262408,0.0,0.0,,10000,10000,0
2017-04-10 00:00:00-04:00,0.10674549005888816,0.10703395286550059,0.1090101348970744,0.10901824496471765,0.01872651151737438,0.0,0.0,,10000,10000,0
2017-04-11 00:00:00-04:00,0.10672912504437526,0.10669033939372777,0.1081543852095745,0.10893456300405864,0.019829037495346993,0.0,0.0,,10000,10000,0
2017-04-12 00:00:00-04:00,0.10643450593579595,0.10652673975978362,0.10859068379841051,0.10851610370154742,0.01761688773267662,0.0,0.0,,10000,10000,0
2017-04-13 00:00:00-04:00,0.10622169113558588,0.10709942264913282,0.1083221862422484,0.10804736733800141,0.018652641751086753,0.0,0.0,,10000,10000,0
2017-04-17 00:00:00-04:00,0.10581245161817336,0.10649397906314001,0.1084228631939076,0.10893456300405864,0.017065887625420873,0.0,0.0,,10000,10000,0
2017-04-18 00:00:00-04:00,0.1062871617403213,0.10685396743673115,0.10867455879135786,0.10878390153255275,0.015049979074614247,0.0,0.0,,10000,10000,0
2017-04-19 00:00:00-04:00,0.10681101901799817,0.10691946303257215,0.10822154804984069,0.1081980641660903,0.03060889717959449,0.0,0.0,,10000,10000,0
2017-04-20 00:00:00-04:00,0.10649997959720924,0.1069194432061833,0.10864101532362391,0.10896805983079869,0.024439983049386015,0.0,0.0,,10000,10000,0
2017-04-21 00:00:00-04:00,0.10684373912173879,0.10847392927145878,0.10916118259310577,0.11047462504664142,0.03787731414787413,0.0,0.0,,10000,10000,0
2017-04-24 00:00:00-04:00,0.10980656339867009,0.11004476992209132,0.1119297840090225,0.11236616688088852,0.03425927289016381,0.0,0.0,,10000,10000,0
2017-04-25 00:00:00-04:00,0.11049405321281815,0.11066654362049783,0.11276874295525095,0.11301899082951446,0.03488059386034461,0.0,0.0,,10000,10000,0
2017-04-26 00:00:00-04:00,0.11078873674257186,0.11110837558254864,0.11280234649052977,0.11286837885722477,0.02955474144004509,0.0,0.0,,10000,10000,0
2017-04-27 00:00:00-04:00,0.11090331159968124,0.11122290663856181,0.11273521746232107,0.11360489890914291,0.041095512293401255,0.0,0.0,,10000,10000,0
2017-04-28 00:00:00-04:00,0.1121473974727358,0.11246651731611845,0.11291981293176631,0.11392297380118302,0.04711261222421078,0.0,0.0,,10000,10000,0
2017-05-01 00:00:00-04:00,0.11177085856422589,0.11313736477168879,0.11427890641191288,0.11551319269241835,0.03713046715135048,0.0,0.0,,10000,10000,0
2017-05-02 00:00:00-04:00,0.11345692159668432,0.11339919933227133,0.11533604353780817,0.11532909096470521,0.026551711990982104,0.0,0.0,,10000,10000,0
2017-05-03 00:00:00-04:00,0.11291670977117661,0.1128591938768032,0.11463128369826342,0.11496079558216314,0.03315254080450222,0.0,0.0,,10000,10000,0
2017-05-04 00:00:00-04:00,0.11234381304593745,0.11236833596091518,0.11451385247040345,0.11450884652422846,0.023716926849478126,0.0,0.0,,10000,10000,0
2017-05-05 00:00:00-04:00,0.11213104394200382,0.11228654263596206,0.1142621845676012,0.11482692848758518,0.020272387533938032,0.0,0.0,,10000,10000,0
2017-05-08 00:00:00-04:00,0.11224556501875642,0.11231921240204498,0.11414466434827544,0.11472643093604844,0.019532769785004806,0.0,0.0,,10000,10000,0
2017-05-09 00:00:00-04:00,0.11206546763984256,0.11269551916399853,0.1145808991604258,0.11489378778604985,0.025174606045438582,0.0,0.0,,10000,10000,0
2017-05-10 00:00:00-04:00,0.11227833435938811,0.1131537523728794,0.11498367608852154,0.11534582169978373,0.018759503174559777,0.0,0.0,,10000,10000,0
2017-05-11 00:00:00-04:00,0.11124708393038522,0.11179564109568997,0.11364133180416229,0.11392297380118302,0.032970363765223484,0.0,0.0,,10000,10000,0
2017-05-12 00:00:00-04:00,0.11165629676785035,0.11159926237252805,0.11350707413440489,0.11378903599343904,0.019727302265619907,0.0,0.0,,10000,10000,0
2017-05-15 00:00:00-04:00,0.11088692018336221,0.1113865277646163,0.1127184154000688,0.11387271795409805,0.036573026441695994,0.0,0.0,,10000,10000,0
2017-05-16 00:00:00-04:00,0.11167443568236161,0.11360866312509071,0.11436396912210804,0.11617918343255577,0.04107579616360918,0.12662337662337664,0.0,,10000,10000,0
2017-05-17 00:00:00-04:00,0.11276100703333553,0.1130491415218421,0.11313205496363063,0.11292995588218832,0.03528293434896814,0.0,0.0,,10000,10000,0
2017-05-18 00:00:00-04:00,0.11030801584014177,0.11145283454906386,0.112642661775887,0.11331716703663869,0.028254134078094805,0.0,0.0,,10000,10000,0
2017-05-19 00:00:00-04:00,0.11047265658188354,0.11140347886369645,0.11313207067886051,0.11328351464093342,0.030567230425300577,0.0,0.0,,10000,10000,0
2017-05-22 00:00:00-04:00,0.11111468652067559,0.11206172357585545,0.11325017043748303,0.11456297038149431,0.016472169236948973,0.0,0.0,,10000,10000,0
2017-05-23 00:00:00-04:00,0.11248110067730392,0.11247311951192214,0.11473520077881802,0.11495016739331149,0.015405132292602087,0.0,0.0,,10000,10000,0
2017-05-24 00:00:00-04:00,0.11272809484658723,0.11268709874889828,0.11485337647168634,0.11510172692202573,0.014311675734333826,0.0,0.0,,10000,10000,0
2017-05-25 00:00:00-04:00,0.11289273506317539,0.11433278917176422,0.11562968109226553,0.11653276340525068,0.023854545435426783,0.0,0.0,,10000,10000,0
2017-05-26 00:00:00-04:00,0.11425917556396342,0.11489232876744322,0.11665908788665894,0.11710516527017077,0.021191290623113822,0.0,0.0,,10000,10000,0
2017-05-30 00:00:00-04:00,0.11424270538517978,0.11520500807523051,0.11708097610497373,0.11786276491687718,0.01756996334377149,0.0,0.0,,10000,10000,0
2017-05-31 00:00:00-04:00,0.1154609545510106,0.11574805762872405,0.11714846539297581,0.11690311654092371,0.035135194816392885,0.0,0.0,,10000,10000,0
2017-06-01 00:00:00-04:00,0.11498349245692951,0.11553409230682755,0.1165409081821489,0.11734080982459029,0.023525286067899196,0.0,0.0,,10000,10000,0
2017-06-02 00:00:00-04:00,0.11531280815426369,0.1175912372553732,0.11787413540540854,0.12013554971436323,0.04083171047678334,0.0,0.0,,10000,10000,0
2017-06-05 00:00:00-04:00,0.1178316336618961,0.1192862610280546,0.12052359269229586,0.12101096456696281,0.03892121749993165,0.0,0.0,,10000,10000,0
2017-06-06 00:00:00-04:00,0.11837491171930759,0.11884192716364846,0.12129986563540932,0.12141500545492412,0.03654778979556214,0.0,0.0,,10000,10000,0
2017-06-07 00:00:00-04:00,0.11893464909795211,0.11908876786998254,0.12075984370565152,0.12119614820611592,0.024443006189287464,0.0,0.0,,10000,10000,0
2017-06-08 00:00:00-04:00,0.1187206070712211,0.11867732172648561,0.12000041672062131,0.12045535707897065,0.027448401573925498,0.0,0.0,,10000,10000,0
2017-06-09 00:00:00-04:00,0.11794689851563438,0.1179532896483794,0.11508964750090557,0.11771124074474594,0.05978167146513452,0.0,0.0,,10000,10000,0
2017-06-12 00:00:00-04:00,0.11335367160095167,0.11443151064160437,0.11431333984761514,0.11680209571195847,0.05790771904883081,0.0,0.0,,10000,10000,0
2017-06-13 00:00:00-04:00,0.11462133587335564,0.11587971638669328,0.1174016045726261,0.1182667987335219,0.028329449693900517,0.0,0.0,,10000,10000,0
2017-06-14 00:00:00-04:00,0.11608651833030609,0.11634046172715877,0.1165071533324235,0.11762700015007543,0.028660812115272587,0.0,0.0,,10000,10000,0
2017-06-15 00:00:00-04:00,0.11338657602722951,0.11487582178698631,0.11544400313633213,0.11700410908462253,0.029394252143537632,0.0,0.0,,10000,10000,0
2017-06-16 00:00:00-04:00,0.11414393140495009,0.11457964268419224,0.11615282213761288,0.11717250541816432,0.058674545056877095,0.0,0.0,,10000,10000,0
2017-06-19 00:00:00-04:00,0.1154115819330124,0.11607721547466668,0.11805976820733602,0.11863719429709453,0.026410018738209754,0.0,0.0,,10000,10000,0
2017-06-20 00:00:00-04:00,0.11593834023236485,0.1159619589249485,0.11724968278755621,0.11702093174681687,0.023405149117032845,0.0,0.0,,10000,10000,0
2017-06-21 00:00:00-04:00,0.11493409621246674,0.11555054349666423,0.11736781596557594,0.11762700015007543,0.021274361249971084,0.0,0.0,,10000,10000,0
2017-06-22 00:00:00-04:00,0.11547741163216206,0.11550119387667455,0.11697970160602972,0.11761020577314751,0.02531564209388453,0.0,0.0,,10000,10000,0
2017-06-23 00:00:00-04:00,0.11473655822891175,0.11658733958304843,0.11733408127121751,0.11920956080543163,0.03142974538327105,0.0,0.0,,10000,10000,0
2017-06-26 00:00:00-04:00,0.11689322232763401,0.1173443434604364,0.11821161682876731,0.11806474293295824,0.02090093775170926,0.0,0.0,,10000,10000,0
2017-06-27 00:00:00-04:00,0.11476948986727115,0.11482646313312954,0.1160852836991373,0.11584246854995481,0.02827227291750351,0.0,0.0,,10000,10000,0
2017-06-28 00:00:00-04:00,0.11328782031675598,0.11426693531661936,0.1154271428874638,0.11683577639293015,0.02904921987217639,0.0,0.0,,10000,10000,0
2017-06-29 00:00:00-04:00,0.11356767704048076,0.1136909380381374,0.11424582561486478,0.11463031052948786,0.033140316804031136,0.0,0.0,,10000,10000,0
2017-06-30 00:00:00-04:00,0.11257992880271286,0.11350994607890644,0.11534278088548694,0.11537110872794974,0.02688688619744731,0.0,0.0,,10000,10000,0
2017-07-03 00:00:00-04:00,0.11348536086128266,0.11387195520629155,0.11412768801779775,0.11409156813158963,0.016377400373081753,0.0,0.0,,10000,10000,0
2017-07-05 00:00:00-04:00,0.11172382374888135,0.11360866401110126,0.1144652199154637,0.11562361130114661,0.022963639250555733,0.0,0.0,,10000,10000,0
2017-07-06 00:00:00-04:00,0.111740269237964,0.11252250195741134,0.11429645705724698,0.11476499082547496,0.022886483462636095,0.0,0.0,,10000,10000,0
2017-07-07 00:00:00-04:00,0.11244818965388921,0.11426692456306463,0.11527524429930845,0.11626335331406026,0.017314310860800968,0.0,0.0,,10000,10000,0
2017-07-10 00:00:00-04:00,0.11369937210919724,0.11494164412362572,0.11611901325022188,0.11713878938060963,0.014864516013703498,0.0,0.0,,10000,10000,0
2017-07-11 00:00:00-04:00,0.11458836881710625,0.11564927556624903,0.11704716954338408,0.11715560497148737,0.018078902374137486,0.0,0.0,,10000,10000,0
2017-07-12 00:00:00-04:00,0.11572434053350536,0.11663669594804034,0.11839724461707238,0.1191085399764664,0.018461263851238384,0.0,0.0,,10000,10000,0
2017-07-13 00:00:00-04:00,0.11705787956880108,0.11788744945392875,0.11967982157678045,0.12015236530524097,0.02177212780678824,0.0,0.0,,10000,10000,0
2017-07-14 00:00:00-04:00,0.11827610044882636,0.11991158318141623,0.12077669912130912,0.1218527058099073,0.029130581767785,0.0,0.0,,10000,10000,0
2017-07-17 00:00:00-04:00,0.1191980680553109,0.1202078332698696,0.12205928150217663,0.12281235418586078,0.023788562121055987,0.0,0.0,,10000,10000,0
2017-07-18 00:00:00-04:00,0.1196754650323797,0.1201090755331139,0.1219580102000044,0.12272816309040649,0.02987611435565585,0.0,0.0,,10000,10000,0
2017-07-19 00:00:00-04:00,0.12035052078412688,0.12117883302172969,0.12329124223565181,0.12367101001811544,0.024593374539168326,0.0,0.0,,10000,10000,0
2017-07-20 00:00:00-04:00,0.12146991849854741,0.1216066209423742,0.1230042657173566,0.12427699356557478,0.05080899223762827,0.0,0.0,,10000,10000,0
2017-07-21 00:00:00-04:00,0.12026818383919019,0.12159023595657373,0.12281870842972231,0.12355314531300607,0.05653468777011098,0.0,0.0,,10000,10000,0
2017-07-24 00:00:00-04:00,0.12039984973475389,0.12070152629039749,0.12275116166518366,0.12323322480733304,0.02325083754119357,0.0,0.0,,10000,10000,0
2017-07-25 00:00:00-04:00,0.12084432753813296,0.12162306960188964,0.12337553334404963,0.12422649022240878,0.024070897099678443,0.0,0.0,,10000,10000,0
2017-07-26 00:00:00-04:00,0.12173334389901344,0.12173828851663945,0.12389869722510355,0.12399081738272284,0.016491359603279923,0.0,0.0,,10000,10000,0
2017-07-27 00:00:00-04:00,0.12077852219830976,0.12180414395736117,0.1213842530199301,0.12249249025072056,0.04355766258183509,0.0,0.0,,10000,10000,0
2017-07-28 00:00:00-04:00,0.11898407106390213,0.11997747056082186,0.12175555057086103,0.1222904910206897,0.019191812180467258,0.0,0.0,,10000,10000,0
2017-07-31 00:00:00-04:00,0.12002120028831476,0.12019136424181855,0.1215361182784356,0.1217180255139202,0.026149502943223855,0.0,0.0,,10000,10000,0
2017-08-01 00:00:00-04:00,0.11969194911181454,0.12015846142291597,0.12167113183167955,0.12151602628388936,0.02422021392263706,0.0,0.0,,10000,10000,0
2017-08-02 00:00:00-04:00,0.11878648655071948,0.11874317604245083,0.11989919278784227,0.12097729095730773,0.02996010506857007,0.0,0.0,,10000,10000,0
2017-08-03 00:00:00-04:00,0.118193836117367,0.11854572384284746,0.12059111008750314,0.12079212146078781,0.019070492261813378,0.0,0.0,,10000,10000,0
2017-08-04 00:00:00-04:00,0.11853954117022489,0.11953311019857961,0.12124924197999946,0.12168438018953152,0.024807360267844938,0.0,0.0,,10000,10000,0
2017-08-07 00:00:00-04:00,0.11919806897969591,0.11930271879608961,0.12128300309256741,0.12121299208226007,0.019716261232936346,0.0,0.0,,10000,10000,0
2017-08-08 00:00:00-04:00,0.11802914292672767,0.11968118016356187,0.12042230244045833,0.12186953554341824,0.024104940283786087,0.0,0.0,,10000,10000,0
2017-08-09 00:00:00-04:00,0.11829258414493082,0.1186608943504796,0.12092860431993771,0.12133082850210303,0.024326812464379524,0.0,0.0,,10000,10000,0
2017-08-10 00:00:00-04:00,0.1177163594663508,0.1181342580483474,0.11974727954164552,0.11954625447408279,0.027640568118965553,0.0,0.0,,10000,10000,0
2017-08-11 00:00:00-04:00,0.1172389615059064,0.11897357753810255,0.11962918349456486,0.12138134598790225,0.02331511212431572,0.0,0.0,,10000,10000,0
2017-08-14 00:00:00-04:00,0.11962613377900476,0.12065220863253079,0.12244745051512679,0.1232164375017217,0.021544472228122457,0.0,0.0,,10000,10000,0
2017-08-15 00:00:00-04:00,0.12114412654481041,0.12108346763829807,0.12325602174630657,0.123250266680342,0.020341525429075562,0.12662337662337664,0.0,,10000,10000,0
2017-08-16 00:00:00-04:00,0.12073036860898419,0.12192725045945738,0.12347658159912016,0.12397806072757422,0.018986370108033876,0.0,0.0,,10000,10000,0
2017-08-17 00:00:00-04:00,0.12112758780235594,0.12154672611054454,0.12217022838672238,0.1218624076562842,0.025331152115987625,0.0,0.0,,10000,10000,0
2017-08-18 00:00:00-04:00,0.1189594363653067,0.1198426459226689,0.12137285392230389,0.12201473795850798,0.019789605235762852,0.0,0.0,,10000,10000,0
2017-08-21 00:00:00-04:00,0.11929043132634695,0.11924702855589206,0.12098261102900432,0.12143926007086635,0.018440101871928228,0.0,0.0,,10000,10000,0
2017-08-22 00:00:00-04:00,0.11909184916391115,0.12050443048524893,0.12208540898750227,0.12314873671658148,0.013982810689402079,0.0,0.0,,10000,10000,0
2017-08-23 00:00:00-04:00,0.12010140875706571,0.12035549692562275,0.12239074994707472,0.12240398565213952,0.013224134015003185,0.0,0.0,,10000,10000,0
2017-08-24 00:00:00-04:00,0.11973733238220155,0.11987574900429362,0.12161037827592922,0.12235325602684226,0.017603480764418013,0.0,0.0,,10000,10000,0
2017-08-25 00:00:00-04:00,0.11993589954433363,0.12068637707730494,0.12230592579994501,0.12257323054367344,0.011946265922746419,0.0,0.0,,10000,10000,0
2017-08-28 00:00:00-04:00,0.12026692393585778,0.12025623149372931,0.12242469843263759,0.12259017341825001,0.014279867044935952,0.0,0.0,,10000,10000,0
2017-08-29 00:00:00-04:00,0.11892633412908729,0.12037207455297178,0.12157643925118583,0.122962548950471,0.010216635576520666,0.0,0.0,,10000,10000,0
2017-08-30 00:00:00-04:00,0.12018420275642382,0.12210924103178389,0.12289975838038514,0.12458736779383617,0.01733994182953066,0.0,0.0,,10000,10000,0
2017-08-31 00:00:00-04:00,0.12187237571186817,0.12335007411762042,0.12454542062293589,0.12587366856886703,0.03147640689044562,0.0,0.0,,10000,10000,0
2017-09-01 00:00:00-04:00,0.12299783391194417,0.12298609822750167,0.12427396939250818,0.1244688949554991,0.023699576655261106,0.0,0.0,,10000,10000,0
2017-09-05 00:00:00-04:00,0.12073035617547914,0.12157980573686993,0.12315423159306296,0.1239103457998008,0.02346272021602569,0.0,0.0,,10000,10000,0
2017-09-06 00:00:00-04:00,0.12139234246363609,0.12182792741809337,0.12378190139312863,0.12355487071425676,0.016864125897215348,0.0,0.0,,10000,10000,0
2017-09-07 00:00:00-04:00,0.12129308921530955,0.12275446077746993,0.12420608933129944,0.12514587452163484,0.0180936237510489,0.0,0.0,,10000,10000,0
2017-09-08 00:00:00-04:00,0.12236889334585366,0.12248975663860891,0.12461326040139939,0.1245365815980061,0.014456129245277068,0.0,0.0,,10000,10000,0
2017-09-11 00:00:00-04:00,0.12233576941484825,0.12331696427280907,0.1254106292386189,0.1258567256942905,0.018670912031360738,0.0,0.0,,10000,10000,0
2017-09-12 00:00:00-04:00,0.12308056483887582,0.12381329315842426,0.12551243425806602,0.12572132412401005,0.014050108412425683,0.0,0.0,,10000,10000,0
2017-09-13 00:00:00-04:00,0.12336189157492244,0.12379672413871795,0.12581778106095112,0.1266183206348766,0.0127171665976164,0.0,0.0,,10000,10000,0
2017-09-14 00:00:00-04:00,0.12347780389290679,0.12422692860959066,0.1257669318977574,0.12587366856886703,0.015810101598531228,0.0,0.0,,10000,10000,0
2017-09-15 00:00:00-04:00,0.1231964099338609,0.1240614526286017,0.12500345159829424,0.12678759381167695,0.045837110067529066,0.0,0.0,,10000,10000,0
2017-09-18 00:00:00-04:00,0.12385847787536586,0.12502106873383184,0.12664914996214593,0.12653376183095905,0.025764249767086786,0.0,0.0,,10000,10000,0
2017-09-19 00:00:00-04:00,0.12382531724982604,0.12459085686428388,0.1265982021318474,0.12700761075640774,0.016282500068349248,0.0,0.0,,10000,10000,0
2017-09-20 00:00:00-04:00,0.12405704557088751,0.12432617061492154,0.12541062251755242,0.12616137215610485,0.023504649852050162,0.0,0.0,,10000,10000,0
2017-09-21 00:00:00-04:00,0.1236598151146212,0.1238132685570105,0.12507130064979818,0.12492581514900442,0.020347703149743743,0.0,0.0,,10000,10000,0
2017-09-22 00:00:00-04:00,0.12180611676949932,0.12260552370779389,0.12463018524191741,0.1252643190747055,0.01367747355935554,0.0,0.0,,10000,10000,0
2017-09-25 00:00:00-04:00,0.1219716363986205,0.12217537874153428,0.12305240048694807,0.12331793918021582,0.026871244734478935,0.0,0.0,,10000,10000,0
2017-09-26 00:00:00-04:00,0.1212765066790276,0.1214474185905025,0.12317115902815427,0.12331793918021582,0.018814445456247015,0.0,0.0,,10000,10000,0
2017-09-27 00:00:00-04:00,0.1210778831951141,0.12204299766863376,0.1234765173360757,0.12431649394010928,0.020845864029156738,0.0,0.0,,10000,10000,0
2017-09-28 00:00:00-04:00,0.12106137013023735,0.12171215510904076,0.12371407652416964,0.12435039383189561,0.009435088191562968,0.0,0.0,,10000,10000,0
2017-09-29 00:00:00-04:00,0.12172339409677843,0.12265517887643568,0.12468110411737429,0.12539973478761912,0.01757824411828416,0.0,0.0,,10000,10000,0
2017-10-02 00:00:00-04:00,0.1229978223707119,0.12343279421547734,0.1253936925141549,0.12560286542830618,0.015246088845612713,0.0,0.0,,10000,10000,0
2017-10-03 00:00:00-04:00,0.1229315893546327,0.12321767970450463,0.12520704116236797,0.1250104588087212,0.011152494537317637,0.0,0.0,,10000,10000,0
2017-10-04 00:00:00-04:00,0.12197163909704507,0.12295297296457239,0.12439268560026187,0.1257382387133202,0.01263422741162442,0.0,0.0,,10000,10000,0
2017-10-05 00:00:00-04:00,0.12384187951683066,0.12526919364870412,0.12651337718684708,0.12790464969517387,0.02298861301495902,0.0,0.0,,10000,10000,0
2017-10-06 00:00:00-04:00,0.12458665824691191,0.12512028567925293,0.12749738258025617,0.12795542174837074,0.013478209207590342,0.0,0.0,,10000,10000,0
2017-10-09 00:00:00-04:00,0.12508327260453006,0.12598069104037285,0.12804036855596299,0.12844634083209483,0.010095841421327911,0.0,0.0,,10000,10000,0
2017-10-10 00:00:00-04:00,0.12567910207259197,0.12611303718985026,0.12851540302880465,0.12844634083209483,0.01345809875520243,0.0,0.0,,10000,10000,0
2017-10-11 00:00:00-04:00,0.1257287056125381,0.12583173741179318,0.12819300493390648,0.128666315348926,0.015356630613313594,0.0,0.0,,10000,10000,0
2017-10-12 00:00:00-04:00,0.12594386353257614,0.12720493305315866,0.12890557164526048,0.1298510861601964,0.01731194492522592,0.0,0.0,,10000,10000,0
2017-10-13 00:00:00-04:00,0.12776439118544428,0.12816445856192787,0.13046634502794197,0.13047725124523565,0.01528670407298438,0.0,0.0,,10000,10000,0
2017-10-16 00:00:00-04:00,0.1274830533170629,0.12806520567138863,0.13056815720668818,0.13074808267106292,0.011401837858754697,0.0,0.0,,10000,10000,0
2017-10-17 00:00:00-04:00,0.12756584127870105,0.12775089861385244,0.13039853364310489,0.1306465527073024,0.01724293847095367,0.0,0.0,,10000,10000,0
2017-10-18 00:00:00-04:00,0.12789685183738964,0.12813141408529422,0.13060212524079362,0.13068041017118912,0.012611882464526738,0.0,0.0,,10000,10000,0
2017-10-19 00:00:00-04:00,0.12773133587678698,0.1282637621147042,0.1305681759423931,0.13118815898842412,0.01496743421121811,0.0,0.0,,10000,10000,0
2017-10-20 00:00:00-04:00,0.12897262417640548,0.12998436690654014,0.1320441654230342,0.13271139129749596,0.02518512131466102,0.0,0.0,,10000,10000,0
2017-10-23 00:00:00-04:00,0.130081551062634,0.1305965315157345,0.13296033656767658,0.13274527704664907,0.02224189745930065,0.0,0.0,,10000,10000,0
2017-10-24 00:00:00-04:00,0.12993255725213312,0.13036486710721468,0.13245132022984132,0.13279600667194633,0.018154086549077915,0.0,0.0,,10000,10000,0
2017-10-25 00:00:00-04:00,0.12940294075289874,0.13019943302249767,0.1316878824243066,0.1324067306930484,0.021957459426833706,0.0,0.0,,10000,10000,0
2017-10-26 00:00:00-04:00,0.1304291047619379,0.1307288789649341,0.13294335590305056,0.1326267900656788,0.03734905331031191,0.0,0.0,,10000,10000,0
2017-10-27 00:00:00-04:00,0.13898581884980754,0.14194596952443486,0.1411885792641792,0.14117393286949004,0.08854001270244523,0.0,0.0,,10000,10000,0
2017-10-30 00:00:00-04:00,0.1378769736150648,0.13885223163056326,0.1403403680061478,0.14130940515293647,0.036870608560690986,0.0,0.0,,10000,10000,0
2017-10-31 00:00:00-04:00,0.13896931632688292,0.13890184789687066,0.14034035275267392,0.14010770560972274,0.030732188711227574,0.0,0.0,,10000,10000,0
2017-11-01 00:00:00-04:00,0.13784386262012707,0.13790918283940945,0.139950138659284,0.14010770560972274,0.02445036687774317,0.0,0.0,,10000,10000,0
2017-11-02 00:00:00-04:00,0.13729767964104933,0.13906728578589098,0.14035731773753138,0.14158019415086412,0.026665802662045556,0.0,0.0,,10000,10000,0
2017-11-03 00:00:00-04:00,0.1385058883674697,0.1391996405620798,0.14083234799063907,0.14173251031045472,0.018306952275399108,0.0,0.0,,10000,10000,0
2017-11-06 00:00:00-05:00,0.13870450535710524,0.13946436111947852,0.141986024117867,0.142291059466153,0.021234666108656382,0.0,0.0,,10000,10000,0
2017-11-07 00:00:00-05:00,0.1396478923390084,0.1397952507367062,0.14173153051054846,0.1419525413978187,0.018709424204887918,0.0,0.0,,10000,10000,0
2017-11-08 00:00:00-05:00,0.1386052283175305,0.1393154907750756,0.1415619086536413,0.14244340391100999,0.018833635822577965,0.0,0.0,,10000,10000,0
2017-11-09 00:00:00-05:00,0.13855555389282997,0.1387529483321299,0.13998408427170714,0.14164789493600435,0.022966399508726622,0.0,0.0,,10000,10000,0
2017-11-10 00:00:00-05:00,0.13802589706192792,0.13847166315240036,0.14054391876975822,0.14127551940378336,0.020625963461542506,0.0,0.0,,10000,10000,0
2017-11-13 00:00:00-05:00,0.137810766463429,0.13820698347052054,0.14093414540115465,0.14137709179544347,0.013789855499170344,0.0,0.0,,10000,10000,0
2017-11-14 00:00:00-05:00,0.13754594389472719,0.13847168424476164,0.1401198006247397,0.14158019415086412,0.01984191870014448,0.0,0.0,,10000,10000,0
2017-11-15 00:00:00-05:00,0.1381900987969159,0.13848873612159018,0.14033234489124322,0.14047453722972836,0.020606641654346277,0.13636363636363635,0.0,,10000,10000,0
2017-11-16 00:00:00-05:00,0.13757461383398548,0.13803975912460537,0.14075858791521748,0.14084872301899928,0.022683013003181922,0.0,0.0,,10000,10000,0
2017-11-17 00:00:00-05:00,0.13760788861907375,0.1375409402774355,0.13956502522720038,0.13948791885225778,0.02415015594144257,0.0,0.0,,10000,10000,0
2017-11-20 00:00:00-05:00,0.13641026646280094,0.13665969040188924,0.13958210073544067,0.13970906720764478,0.01657390446667606,0.0,0.0,,10000,10000,0
2017-11-21 00:00:00-05:00,0.1369758079496997,0.13873812865164145,0.1404175803494402,0.14173327401264765,0.023044081060107382,0.0,0.0,,10000,10000,0
2017-11-22 00:00:00-05:00,0.13878895501626104,0.13883794784318204,0.14092915504252393,0.14069569972774856,0.02214449977812782,0.0,0.0,,10000,10000,0
2017-11-24 00:00:00-05:00,0.1374249263521659,0.13805640179332515,0.14048578092833516,0.1409508045454547,0.004889600188433625,0.0,0.0,,10000,10000,0
2017-11-27 00:00:00-05:00,0.13792397362817402,0.13897096006558649,0.14137246778858034,0.14198846368615298,0.01913726422137586,0.0,0.0,,10000,10000,0
2017-11-28 00:00:00-05:00,0.13918808797994867,0.14076665915237477,0.14260004603051332,0.14370641176915638,0.023949051417563445,0.0,0.0,,10000,10000,0
2017-11-29 00:00:00-05:00,0.1402526793251756,0.14053389756043058,0.1411678098193461,0.14108687081949564,0.03111928205947857,0.0,0.0,,10000,10000,0
2017-11-30 00:00:00-05:00,0.13825665707101928,0.13986883433437491,0.1414406571708268,0.14249875817736443,0.03857657955116625,0.0,0.0,,10000,10000,0
2017-12-01 00:00:00-05:00,0.13840632467474145,0.1403510029248489,0.14123602395023208,0.14265182389651476,0.033946575071661565,0.0,0.0,,10000,10000,0
2017-12-04 00:00:00-05:00,0.13977031462691572,0.13971917130183698,0.13693922940206632,0.13724260611976755,0.04651600213670271,0.0,0.0,,10000,10000,0
2017-12-05 00:00:00-05:00,0.1346470704374346,0.13680935118999302,0.1374166630778192,0.13811011524040692,0.02950413670691211,0.0,0.0,,10000,10000,0
2017-12-06 00:00:00-05:00,0.1349963747824183,0.13757419773999444,0.13818392401434595,0.1401343079027766,0.029517017911709593,0.0,0.0,,10000,10000,0
2017-12-07 00:00:00-05:00,0.1366431558161572,0.13700889584535061,0.13915584715013238,0.1396410411419409,0.025603234707118207,0.0,0.0,,10000,10000,0
2017-12-08 00:00:00-05:00,0.13845617467540114,0.13996852624194128,0.14142353288374668,0.14248167387645586,0.027318012235567266,0.0,0.0,,10000,10000,0
2017-12-11 00:00:00-05:00,0.1395540874972941,0.14128217399560372,0.1427706171805062,0.1443018307696135,0.025173948841112178,0.0,0.0,,10000,10000,0
2017-12-12 00:00:00-05:00,0.14125076328805689,0.14241287125724156,0.14440751489417505,0.144897207342171,0.02657537134673259,0.0,0.0,,10000,10000,0
2017-12-13 00:00:00-05:00,0.1419659636971367,0.14232967021426096,0.14456090663847185,0.14450590896672513,0.024128731080401852,0.0,0.0,,10000,10000,0
2017-12-14 00:00:00-05:00,0.14145033740071425,0.14211353731540838,0.14346967841165298,0.1433832667431132,0.02050530074721503,0.0,0.0,,10000,10000,0
2017-12-15 00:00:00-05:00,0.14116759091204037,0.1441421147768971,0.1440664806256558,0.14705748042121483,0.06602419247990007,0.0,0.0,,10000,10000,0
2017-12-18 00:00:00-05:00,0.14426149451624398,0.14482384671507972,0.14636834368092938,0.14625799736627929,0.02441934683353698,0.0,0.0,,10000,10000,0
2017-12-19 00:00:00-05:00,0.14298067806938147,0.14291167723144615,0.14473145792207795,0.14532244803730282,0.02605052797166766,0.0,0.0,,10000,10000,0
2017-12-20 00:00:00-05:00,0.14273114042538304,0.14282852053367204,0.14377659122998915,0.1447950975304492,0.02624782071045365,0.0,0.0,,10000,10000,0
2017-12-21 00:00:00-05:00,0.14248164358941262,0.1424959635154695,0.14495310109880907,0.14476108449759725,0.01877645904618096,0.0,0.0,,10000,10000,0
2017-12-22 00:00:00-05:00,0.14140040963082504,0.14171443888823212,0.1441346293462136,0.14477806980007343,0.013722689217012023,0.0,0.0,,10000,10000,0
2017-12-26 00:00:00-05:00,0.14125073106675454,0.14154819917914227,0.14432222282311305,0.14459099104807116,0.008130406162788987,0.0,0.0,,10000,10000,0
2017-12-27 00:00:00-05:00,0.14181631558440805,0.14229647177185742,0.14464621765679536,0.1451183274122916,0.014422217502034703,0.0,0.0,,10000,10000,0
2017-12-28 00:00:00-05:00,0.14223214915889448,0.1422133148892477,0.14520888245336933,0.14513532685740096,0.009054566886575997,0.0,0.0,,10000,10000,0
2017-12-29 00:00:00-05:00,0.14178298047841664,0.14241280365868084,0.14512357605188994,0.14482909642066794,0.01973163981417416,0.0,0.0,,10000,10000,0
2018-01-02 00:00:00-05:00,0.14261468165142674,0.14284511693780194,0.14512358242740275,0.14552651209178125,0.02468222856409793,0.0,0.0,,10000,10000,0
2018-01-03 00:00:00-05:00,0.14249830752614562,0.14317773840107215,0.14592503543077792,0.146206984888318,0.029384656960372155,0.0,0.0,,10000,10000,0
2018-01-04 00:00:00-05:00,0.1433798638807603,0.14508987028287698,0.146948040603276,0.147499720561456,0.023930649696424177,0.0,0.0,,10000,10000,0
2018-01-05 00:00:00-05:00,0.14515967642988473,0.1463369089907769,0.14841438143243035,0.1493367920439238,0.02589582207323254,0.0,0.0,,10000,10000,0
2018-01-08 00:00:00-05:00,0.14605793212317728,0.14661961067622664,0.14870427859532476,0.14948991433360692,0.02419484583563793,0.0,0.0,,10000,10000,0
2018-01-09 00:00:00-05:00,0.1468064549177,0.14686901598991195,0.14914759206655306,0.14938784694978471,0.020739659810010115,0.0,0.0,,10000,10000,0
2018-01-10 00:00:00-05:00,0.14549238156099686,0.14597113333325634,0.1483803184665504,0.14870744486641396,0.019645940370011293,0.0,0.0,,10000,10000,0
2018-01-11 00:00:00-05:00,0.14594146450554382,0.1458713325971929,0.1480904179971418,0.14914968500665515,0.018537499553101057,0.0,0.0,,10000,10000,0
2018-01-12 00:00:00-05:00,0.1468397290523952,0.14861491288544404,0.15015359431241468,0.1517352553513636,0.027031996912716957,0.0,0.0,,10000,10000,0
2018-01-16 00:00:00-05:00,0.14921834426796715,0.15029426518350056,0.14940333511617343,0.1496089528772721,0.04323628966622433,0.0,0.0,,10000,10000,0
2018-01-17 00:00:00-05:00,0.14752172528660965,0.1494462904341792,0.15066512322965145,0.1526538052352307,0.02880605427140751,0.0,0.0,,10000,10000,0
2018-01-18 00:00:00-05:00,0.14871934266526868,0.15009473791011904,0.15221672475897843,0.1525857367416272,0.026885046025333387,0.0,0.0,,10000,10000,0
2018-01-19 00:00:00-05:00,0.1492849222098072,0.14999500988995867,0.152216758441089,0.15241567157736752,0.04359814636834147,0.0,0.0,,10000,10000,0
2018-01-22 00:00:00-05:00,0.14905199465678906,0.1516743410532271,0.15235309974309816,0.15515425107069347,0.026151474556203064,0.0,0.0,,10000,10000,0
2018-01-23 00:00:00-05:00,0.15221246467755215,0.15280504152710184,0.15542227299633474,0.15564757440206195,0.02590331420255353,0.0,0.0,,10000,10000,0
2018-01-24 00:00:00-05:00,0.15329367459613105,0.15468395355610037,0.155490481586369,0.1555114939853878,0.03886956123987643,0.0,0.0,,10000,10000,0
2018-01-25 00:00:00-05:00,0.15316062998473617,0.1543680559889179,0.15608728664546326,0.1563790455339268,0.029807633664844724,0.0,0.0,,10000,10000,0
2018-01-26 00:00:00-05:00,0.1542417887448117,0.15573146655085182,0.15719554197931257,0.15932174565226398,0.03347351939751714,0.0,0.0,,10000,10000,0
2018-01-29 00:00:00-05:00,0.1576018661170431,0.1580427296806506,0.15913936580344099,0.1590836402796672,0.03662507702434706,0.0,0.0,,10000,10000,0
2018-01-30 00:00:00-05:00,0.15454122529594144,0.15506640085868745,0.15637712486562746,0.15707643291977372,0.04591163703814309,0.0,0.0,,10000,10000,0
2018-01-31 00:00:00-05:00,0.15528976833783767,0.15795961349095708,0.1587813148666578,0.16093776777777719,0.05921502989491041,0.0,0.0,,10000,10000,0
2018-02-01 00:00:00-05:00,0.15701966513054014,0.15907362510502038,0.15890063871042143,0.15966197497921575,0.057206087709963646,0.0,0.0,,10000,10000,0
2018-02-02 00:00:00-05:00,0.15510675155470338,0.1555818303925252,0.15535406000372484,0.15544343963441754,0.05804717780689339,0.0,0.0,,10000,10000,0
2018-02-05 00:00:00-05:00,0.1499835064326052,0.15436801302467068,0.14938628499954026,0.149013604589981,0.062205572461771746,0.0,0.0,,10000,10000,0
2018-02-06 00:00:00-05:00,0.14387887829412221,0.15144158471262614,0.1446973297448822,0.15467799789760034,0.08450727551477501,0.0,0.0,,10000,10000,0
2018-02-07 00:00:00-05:00,0.14986712660647486,0.15192381959389503,0.15143243130528386,0.15175229722437256,0.049161512432202806,0.0,0.0,,10000,10000,0
2018-02-08 00:00:00-05:00,0.14856964255677962,0.14878117189284568,0.14386184955939113,0.1439275884098098,0.06824817192044569,0.0,0.0,,10000,10000,0
2018-02-09 00:00:00-05:00,0.14289747892466048,0.14720154983884767,0.1422761162347434,0.14931979259881445,0.07859309378148009,0.0,0.0,,10000,10000,0
2018-02-12 00:00:00-05:00,0.14695613458462436,0.14861488125057104,0.14926692738070488,0.15093574401116167,0.042080398696947845,0.0,0.0,,10000,10000,0
2018-02-13 00:00:00-05:00,0.14727220290955564,0.14898070967979996,0.1490452923087059,0.15212648301364345,0.029839836676838438,0.0,0.0,,10000,10000,0
2018-02-14 00:00:00-05:00,0.14726522154079577,0.15133758044499138,0.15079356374128836,0.15451913369883702,0.041082236766007925,0.13636363636363635,0.0,,10000,10000,0
2018-02-15 00:00:00-05:00,0.1517773992059802,0.15422759493650887,0.15457941752397578,0.15768073349388198,0.03170130221094051,0.0,0.0,,10000,10000,0
2018-02-16 00:00:00-05:00,0.15384969213508787,0.15553063778384774,0.15660086569986184,0.15655278778281914,0.03534615740516805,0.0,0.0,,10000,10000,0
2018-02-20 00:00:00-05:00,0.15222864299677155,0.15479559285672856,0.1552475326190841,0.15778328172723308,0.03575993324907098,0.0,0.0,,10000,10000,0
2018-02-21 00:00:00-05:00,0.15473545488715015,0.15529677379845921,0.15606981377961843,0.15568120558381743,0.030516494251302314,0.0,0.0,,10000,10000,0
2018-02-22 00:00:00-05:00,0.15318124273136444,0.1542443301616967,0.15584712511721333,0.1560913843745886,0.02719143468230217,0.0,0.0,,10000,10000,0
2018-02-23 00:00:00-05:00,0.1557715721519611,0.15648285265945716,0.15756018385069254,0.16007332760854273,0.029736655597593264,0.0,0.0,,10000,10000,0
2018-02-26 00:00:00-05:00,0.15710858963968338,0.15878827806325646,0.16079796935714277,0.16239762694746876,0.03482420572913929,0.0,0.0,,10000,10000,0
2018-02-27 00:00:00-05:00,0.15934796629363912,0.15943976686632766,0.16071227866026944,0.16031260681969528,0.029131896176437803,0.0,0.0,,10000,10000,0
2018-02-28 00:00:00-05:00,0.15784388771990102,0.1592226054409662,0.1597358265415892,0.15957774145586184,0.03609589610072787,0.0,0.0,,10000,10000,0
2018-03-01 00:00:00-05:00,0.15642338392380306,0.1573181788873307,0.1566694143325157,0.15800547663747705,0.043940681263262386,0.0,0.0,,10000,10000,0
2018-03-02 00:00:00-05:00,0.15239573842532836,0.15494592759127085,0.15499054403305224,0.1583472333688147,0.03828188913120743,0.0,0.0,,10000,10000,0
2018-03-05 00:00:00-05:00,0.1536658637341291,0.15681697256433832,0.1573888896926379,0.15935556068825107,0.026545797152044488,0.0,0.0,,10000,10000,0
2018-03-06 00:00:00-05:00,0.1570082849445911,0.15718451269375125,0.1585538038320158,0.15880869334757802,0.024277390699034066,0.0,0.0,,10000,10000,0
2018-03-07 00:00:00-05:00,0.15503623427308255,0.1562656666834506,0.15768008223086177,0.1597315143066723,0.03024520030536342,0.0,0.0,,10000,10000,0
2018-03-08 00:00:00-05:00,0.15689125647900562,0.1582035135719804,0.15997561140908884,0.1607056447390251,0.02915647561824525,0.0,0.0,,10000,10000,0
2018-03-09 00:00:00-05:00,0.15859593406061834,0.16060917474116038,0.16208275876611675,0.16431169092509082,0.04368003402741121,0.0,0.0,,10000,10000,0
2018-03-12 00:00:00-04:00,0.16061807761333582,0.16172843884417862,0.16386436005072158,0.16470474298705381,0.029400824186801653,0.0,0.0,,10000,10000,0
2018-03-13 00:00:00-04:00,0.16145365322957161,0.16177852744817256,0.16031824251477075,0.16067147613720792,0.041643357819890266,0.0,0.0,,10000,10000,0
2018-03-14 00:00:00-04:00,0.15831184286394429,0.15872145080322841,0.15951313719303487,0.1597144724336633,0.037363906128088605,0.0,0.0,,10000,10000,0
2018-03-15 00:00:00-04:00,0.1556546129631851,0.15733486930115076,0.15836536218123906,0.16027843821787813,0.03142146460875838,0.0,0.0,,10000,10000,0
2018-03-16 00:00:00-04:00,0.15757648797845414,0.15867130193101325,0.16023260967237923,0.16099620513816978,0.05964221270707194,0.0,0.0,,10000,10000,0
2018-03-19 00:00:00-04:00,0.15600560050454096,0.15619892057983104,0.1571319732106711,0.158073856269011,0.038957100856153226,0.0,0.0,,10000,10000,0
2018-03-20 00:00:00-04:00,0.1548524296730836,0.15598168995474704,0.15865657114201448,0.15848396434661616,0.025459569841366648,0.0,0.0,,10000,10000,0
2018-03-21 00:00:00-04:00,0.1546519043002193,0.15644948289631533,0.1573032541961462,0.1573731453643615,0.02727595115867752,0.0,0.0,,10000,10000,0
2018-03-22 00:00:00-04:00,0.15187768220620143,0.15260715955846382,0.15293486975774204,0.1527758985876676,0.04587167901509783,0.0,0.0,,10000,10000,0
2018-03-23 00:00:00-04:00,0.1489196606799908,0.15045213233590563,0.14851510325132455,0.14831539693140836,0.05305387077575348,0.0,0.0,,10000,10000,0
2018-03-26 00:00:00-04:00,0.15077470680404687,0.15636594464098233,0.1542025639744773,0.15959483989940362,0.069257769206665,0.0,0.0,,10000,10000,0
2018-03-27 00:00:00-04:00,0.15801105367042223,0.15827041904752506,0.15096485778254942,0.15222905953226096,0.06948411037667798,0.0,0.0,,10000,10000,0
2018-03-28 00:00:00-04:00,0.14945443422771987,0.1517384635074561,0.15158152103920414,0.1520922861265599,0.06413722741793358,0.0,0.0,,10000,10000,0
2018-03-29 00:00:00-04:00,0.15005608034492626,0.15350927067788142,0.15077637944755154,0.1553052236801298,0.05541796617868808,0.0,0.0,,10000,10000,0
2018-04-02 00:00:00-04:00,0.15054074352399363,0.15115377987215928,0.1492517445715217,0.15060547109798442,0.05889838885044975,0.0,0.0,,10000,10000,0
2018-04-03 00:00:00-04:00,0.1490533629925712,0.14976721009430227,0.14990270332581568,0.15263918175249933,0.04404346801991172,0.0,0.0,,10000,10000,0
2018-04-04 00:00:00-04:00,0.14616217551345792,0.15429444188951416,0.14962861692023707,0.15711678185230035,0.041869698989903247,0.0,0.0,,10000,10000,0
2018-04-05 00:00:00-04:00,0.15383300139846537,0.15481230640525478,0.15591564022779691,0.15720221749947647,0.03426177026660414,0.0,0.0,,10000,10000,0
2018-04-06 00:00:00-04:00,0.1522453603700366,0.1537932708558599,0.15262652471091298,0.15352787653767602,0.04511103072771973,0.0,0.0,,10000,10000,0
2018-04-09 00:00:00-04:00,0.15149333531814588,0.15497938273188158,0.15457945596379988,0.1544507399246699,0.03657775831284609,0.0,0.0,,10000,10000,0
2018-04-10 00:00:00-04:00,0.15374941764928368,0.15516310498221325,0.15632675891933961,0.1580567012549364,0.030371252095167393,0.0,0.0,,10000,10000,0
2018-04-11 00:00:00-04:00,0.1531144074788038,0.15517985739863593,0.15605271510577703,0.15631356514219938,0.027821430749591484,0.0,0.0,,10000,10000,0
2018-04-12 00:00:00-04:00,0.15381632167128534,0.15663326586087184,0.15768015554685685,0.1592530690254328,0.030301456995703465,0.0,0.0,,10000,10000,0
2018-04-13 00:00:00-04:00,0.15652361219779057,0.15666660660513707,0.157697224703897,0.15839850041417364,0.025815643145411453,0.0,0.0,,10000,10000,0
2018-04-16 00:00:00-04:00,0.15655705996597605,0.1574685129419553,0.15937607314648686,0.16026133977433635,0.021796181485134566,0.0,0.0,,10000,10000,0
2018-04-17 00:00:00-04:00,0.1581112871022283,0.16060917849533585,0.1618771872801682,0.16350846007235664,0.030317361340402398,0.0,0.0,,10000,10000,0
2018-04-18 00:00:00-04:00,0.16015016637685223,0.16090988929181313,0.16297357121053446,0.1641408054881054,0.022788822899732702,0.0,0.0,,10000,10000,0
2018-04-19 00:00:00-04:00,0.16051780069818697,0.1614945518941226,0.16266518178261577,0.16357679727599095,0.026086937091350352,0.0,0.0,,10000,10000,0
2018-04-20 00:00:00-04:00,0.15963206785341005,0.15989081385897272,0.16045531306999347,0.1616798034566443,0.03607894022910669,0.0,0.0,,10000,10000,0
2018-04-23 00:00:00-04:00,0.15934795282098319,0.1601915153995497,0.1614488933681456,0.16227795198530948,0.024482438448871605,0.0,0.0,,10000,10000,0
2018-04-24 00:00:00-04:00,0.1601835573073766,0.16049222030345017,0.15764585193160255,0.15846688004570758,0.04050902315251978,0.0,0.0,,10000,10000,0
2018-04-25 00:00:00-04:00,0.15527023507072082,0.1551965394144847,0.1539969743528169,0.1570825849652168,0.03946341106921361,0.0,0.0,,10000,10000,0
2018-04-26 00:00:00-04:00,0.15568803764391448,0.15828708445806958,0.15882788353530866,0.1604151550530464,0.05102981289129946,0.0,0.0,,10000,10000,0
2018-04-27 00:00:00-04:00,0.16245641715915532,0.1628811510116891,0.16021550521980604,0.16308121112331006,0.05857951331127932,0.0,0.0,,10000,10000,0
2018-04-30 00:00:00-04:00,0.16033400742245488,0.16037531640559569,0.1589135681399365,0.1591505066494485,0.04970830643176958,0.0,0.0,,10000,10000,0
2018-05-01 00:00:00-04:00,0.15511981022209537,0.15852095084846302,0.1582968187164001,0.1616798034566443,0.0364134572312455,0.0,0.0,,10000,10000,0
2018-05-02 00:00:00-04:00,0.158094541569396,0.15832046922115212,0.15898204722667905,0.1591333799206403,0.031237447397365715,0.0,0.0,,10000,10000,0
2018-05-03 00:00:00-04:00,0.15470203476435435,0.15791957232829024,0.1577143880117405,0.16009045433735092,0.03606329876613831,0.0,0.0,,10000,10000,0
2018-05-04 00:00:00-04:00,0.1553036307601205,0.1586545859621197,0.15851950227705283,0.16195323712698081,0.024744662975106153,0.0,0.0,,10000,10000,0
2018-05-07 00:00:00-04:00,0.15839539844970507,0.16089318146506096,0.16225407872689807,0.16376482358441777,0.026993221857459216,0.0,0.0,,10000,10000,0
2018-05-08 00:00:00-04:00,0.15953180563028796,0.15997436594265962,0.16218554136968444,0.16306411267976828,0.02599768874382491,0.0,0.0,,10000,10000,0
2018-05-09 00:00:00-04:00,0.15979921030090552,0.1613275258743064,0.1621684259150921,0.16499530338619853,0.031048698314822955,0.0,0.0,,10000,10000,0
2018-05-10 00:00:00-04:00,0.16222244241201508,0.1629646643909413,0.1655945934480232,0.1666530321370258,0.024556439656024515,0.0,0.0,,10000,10000,0
2018-05-11 00:00:00-04:00,0.16279064943201033,0.16283101991493376,0.1655774498311156,0.1662941203916136,0.017182869995520496,0.0,0.0,,10000,10000,0
2018-05-14 00:00:00-04:00,0.16299120443708628,0.16420090184148584,0.1660399968838718,0.1668581144610948,0.020699964668695413,0.0,0.0,,10000,10000,0
2018-05-15 00:00:00-04:00,0.1618547960293957,0.1627976310249182,0.16437831027561423,0.16564473310285585,0.027455893703246487,0.0,0.0,,10000,10000,0
2018-05-16 00:00:00-04:00,0.1627605504635882,0.16275110716276361,0.1655753710200774,0.16607380645158554,0.017979927402581287,0.13636363636363635,0.0,,10000,10000,0
2018-05-17 00:00:00-04:00,0.16175350770387034,0.1629860222687964,0.16421618757674047,0.16440890738572458,0.017798539008494235,0.0,0.0,,10000,10000,0
2018-05-18 00:00:00-04:00,0.1604946769680937,0.16196256434649642,0.16452588557695982,0.1647178673506657,0.018612289405445646,0.0,0.0,,10000,10000,0
2018-05-21 00:00:00-04:00,0.16215634097012654,0.16377460284746045,0.16588509721986347,0.16684622050657152,0.020658429355266784,0.0,0.0,,10000,10000,0
2018-05-22 00:00:00-04:00,0.16329767568149006,0.16404303495357564,0.16657328164281662,0.16667457136739317,0.015425374185855281,0.0,0.0,,10000,10000,0
2018-05-23 00:00:00-04:00,0.1616695629396412,0.16498259835998041,0.1650592177923786,0.16866559955490304,0.023062088458650806,0.0,0.0,,10000,10000,0
2018-05-24 00:00:00-04:00,0.1650600658008166,0.16533496810140183,0.16590229762188585,0.16806487706699502,0.030157397807356063,0.0,0.0,,10000,10000,0
2018-05-25 00:00:00-04:00,0.16433831073076355,0.16540205972387367,0.16770881950615338,0.1681506804226344,0.019266996355407687,0.0,0.0,,10000,10000,0
2018-05-29 00:00:00-04:00,0.1635662325829316,0.16523428802262846,0.1666249202376628,0.16754995793472635,0.03281473778073141,0.0,0.0,,10000,10000,0
2018-05-30 00:00:00-04:00,0.16435511917171763,0.1658550952874289,0.1677948842965756,0.16916339195836352,0.024254651429340544,0.0,0.0,,10000,10000,0
2018-05-31 00:00:00-04:00,0.1659999782326639,0.16709664299151333,0.16899921261257844,0.16897455951984416,0.04000442167070804,0.0,0.0,,10000,10000,0
2018-06-01 00:00:00-04:00,0.16598318667201833,0.16855633561228728,0.1699626922756695,0.17232156923617348,0.03279449588747821,0.0,0.0,,10000,10000,0
2018-06-04 00:00:00-04:00,0.16930649930902597,0.17023412270670799,0.17285313551676051,0.1738319883195639,0.030988498398524498,0.0,0.0,,10000,10000,0
2018-06-05 00:00:00-04:00,0.17054856016024492,0.17102270707847303,0.17402309858369822,0.17472454404360485,0.02603685812167849,0.0,0.0,,10000,10000,0
2018-06-06 00:00:00-04:00,0.17135420979350124,0.1714756983388063,0.17465968218471017,0.17523944903324032,0.02289344982849596,0.0,0.0,,10000,10000,0
2018-06-07 00:00:00-04:00,0.17163955452912982,0.17162671930506326,0.1720445067116693,0.17247603507601084,0.03223797526388068,0.0,0.0,,10000,10000,0
2018-06-08 00:00:00-04:00,0.16902108046363337,0.17038504546407618,0.17231970618229447,0.1737632551221999,0.024263326526449056,0.0,0.0,,10000,10000,0
2018-06-11 00:00:00-04:00,0.16888689249761596,0.16978111292923248,0.17254344777907865,0.17276782588424416,0.026005969518337578,0.0,0.0,,10000,10000,0
2018-06-12 00:00:00-04:00,0.16903794537354475,0.16954621983314444,0.17268109070703247,0.17321408253231485,0.019216128740544146,0.0,0.0,,10000,10000,0
2018-06-13 00:00:00-04:00,0.17007859484202525,0.17048580750079173,0.1723541965830763,0.17242454174852065,0.033895050252471616,0.0,0.0,,10000,10000,0
2018-06-14 00:00:00-04:00,0.16996110816493837,0.17051936214231625,0.17311123079386914,0.173402900828201,0.028898851522295526,0.0,0.0,,10000,10000,0
2018-06-15 00:00:00-04:00,0.1697261442100942,0.16968047665015154,0.1715111708313706,0.1711887443166558,0.0815367119594363,0.0,0.0,,10000,10000,0
2018-06-18 00:00:00-04:00,0.1672084662212253,0.16897579447686178,0.17039282792536853,0.17244172504786165,0.02613096978121931,0.0,0.0,,10000,10000,0
2018-06-19 00:00:00-04:00,0.16660422405005856,0.16879123474502047,0.17053047214251255,0.17244172504786165,0.0327912098658462,0.0,0.0,,10000,10000,0
2018-06-20 00:00:00-04:00,0.16949116470908895,0.1713415036752019,0.17331771735320353,0.174175314883187,0.02954159735351704,0.0,0.0,,10000,10000,0
2018-06-21 00:00:00-04:00,0.17068283971207918,0.17124081797061372,0.17290476306469393,0.17292230586671473,0.02562124210566163,0.0,0.0,,10000,10000,0
2018-06-22 00:00:00-04:00,0.16787981517947367,0.16840530087348213,0.17075410093736482,0.17166931099287566,0.04629018673015086,0.0,0.0,,10000,10000,0
2018-06-25 00:00:00-04:00,0.16719168344950402,0.1672979933363352,0.16674535333267437,0.1682021878927578,0.041703163413592884,0.0,0.0,,10000,10000,0
2018-06-26 00:00:00-04:00,0.16521110391698882,0.1672476503021313,0.16924008147983324,0.16938650613976566,0.030483239712386357,0.0,0.0,,10000,10000,0
2018-06-27 00:00:00-04:00,0.1664867330347991,0.16714697861279829,0.16691739657066682,0.16674323385159115,0.03626821507511057,0.0,0.0,,10000,10000,0
2018-06-28 00:00:00-04:00,0.16279410203580089,0.16562014221153698,0.16667648630268028,0.16861407794214647,0.030159237979469986,0.0,0.0,,10000,10000,0
2018-06-29 00:00:00-04:00,0.1653956987210331,0.16696239049888575,0.16851743293196034,0.16857975377136408,0.03200269611502864,0.0,0.0,,10000,10000,0
2018-07-02 00:00:00-04:00,0.1640025926789289,0.16721405954252705,0.16794966893874774,0.17098274272142863,0.020845075383965055,0.0,0.0,,10000,10000,0
2018-07-03 00:00:00-04:00,0.16799731599990317,0.16817041907467967,0.16956696600737153,0.16933499866964227,0.014412096555408108,0.0,0.0,,10000,10000,0
2018-07-05 00:00:00-04:00,0.16635243677343212,0.16697918308518028,0.16972181084854365,0.17055365523006574,0.020073386063903395,0.0,0.0,,10000,10000,0
2018-07-06 00:00:00-04:00,0.16700703820203988,0.16951268218455723,0.17082294634441114,0.17295664418013032,0.020411451969404772,0.0,0.0,,10000,10000,0
2018-07-09 00:00:00-04:00,0.1699610977643757,0.17088847112393132,0.17354134848022001,0.174140948284505,0.019067337681046646,0.0,0.0,,10000,10000,0
2018-07-10 00:00:00-04:00,0.1705485805331024,0.17132473319221164,0.17459089194537397,0.1746044165171831,0.02048834487559385,0.0,0.0,,10000,10000,0
2018-07-11 00:00:00-04:00,0.16912190188722281,0.17103949568809032,0.17328329740247123,0.17436411903643995,0.020950359517054717,0.0,0.0,,10000,10000,0
2018-07-12 00:00:00-04:00,0.17184097395708348,0.17451256235175666,0.17608773752437723,0.17815738540083995,0.02711664482995758,0.0,0.0,,10000,10000,0
2018-07-13 00:00:00-04:00,0.17452650483445156,0.17650914777378263,0.17842762810394336,0.1802857385567458,0.02751004733974204,0.0,0.0,,10000,10000,0
2018-07-16 00:00:00-04:00,0.17625524994306985,0.17687821309599416,0.17916739453784372,0.17939315454743843,0.023766217173958305,0.0,0.0,,10000,10000,0
2018-07-17 00:00:00-04:00,0.17492931344866705,0.17801916066146586,0.1788233363762382,0.18117825185288713,0.029174745898519244,0.0,0.0,,10000,10000,0
2018-07-18 00:00:00-04:00,0.17716166285657345,0.17726416403883932,0.17951155555153514,0.17975365026776932,0.033896364661124424,0.0,0.0,,10000,10000,0
2018-07-19 00:00:00-04:00,0.1754664071839897,0.176022558019568,0.1780835060572825,0.17851781040800485,0.04793122593317757,0.0,0.0,,10000,10000,0
2018-07-20 00:00:00-04:00,0.1807535342357382,0.18087143210435183,0.18185144916725848,0.1817275092985714,0.0687414694878433,0.0,0.0,,10000,10000,0
2018-07-23 00:00:00-04:00,0.17776589764092607,0.18077076585802485,0.18193746498516963,0.18464541738090465,0.03417646514503711,0.0,0.0,,10000,10000,0
2018-07-24 00:00:00-04:00,0.18157597758006436,0.18191168430321475,0.18388166308973236,0.18411334323456138,0.029720094048567926,0.0,0.0,,10000,10000,0
2018-07-25 00:00:00-04:00,0.1805520946605251,0.18582094678787686,0.18446660189124378,0.18955433950811454,0.03548443319544311,0.0,0.0,,10000,10000,0
2018-07-26 00:00:00-04:00,0.1852181606033051,0.18556925749350844,0.18773556341288086,0.18747746553706568,0.03636508699282228,0.0,0.0,,10000,10000,0
2018-07-27 00:00:00-04:00,0.18427826686384363,0.18419348964962148,0.18195467106566776,0.18414765326271057,0.04376941381580193,0.0,0.0,,10000,10000,0
2018-07-30 00:00:00-04:00,0.17925972077458596,0.1797473087733054,0.1795803760187403,0.18018275190176541,0.04069764079419726,0.0,0.0,,10000,10000,0
2018-07-31 00:00:00-04:00,0.1780847906014047,0.17838828049228356,0.18064707660561652,0.18140139431955568,0.03147956147121235,0.0,0.0,,10000,10000,0
2018-08-01 00:00:00-04:00,0.1773127266688003,0.17793528608381362,0.1807159195028455,0.1817446925979124,0.026187095030694073,0.0,0.0,,10000,10000,0
2018-08-02 00:00:00-04:00,0.17625527829828438,0.1806868561047808,0.17971798704205916,0.1839588349668244,0.029441045091577477,0.0,0.0,,10000,10000,0
2018-08-03 00:00:00-04:00,0.18028357624639194,0.18061977668342125,0.18312463070406204,0.1847655731925928,0.01965566699404205,0.0,0.0,,10000,10000,0
2018-08-06 00:00:00-04:00,0.18082064637958986,0.18124052419834635,0.18439777366229732,0.18492001074716374,0.0217670016130423,0.0,0.0,,10000,10000,0
2018-08-07 00:00:00-04:00,0.18155917748838293,0.18238145598170694,0.1854473111442081,0.18620734393441843,0.016265281314997507,0.0,0.0,,10000,10000,0
2018-08-08 00:00:00-04:00,0.18285155621168317,0.1834719994963293,0.18646238707546398,0.18725432307039713,0.01548623130648014,0.0,0.0,,10000,10000,0
2018-08-09 00:00:00-04:00,0.18348938043083302,0.18415992506746,0.1879076309773062,0.18756329717797146,0.013106757322307722,0.0,0.0,,10000,10000,0
2018-08-10 00:00:00-04:00,0.18300261469219795,0.18337133961288052,0.18580858819638815,0.18641328895911277,0.019030139916172275,0.0,0.0,,10000,10000,0
2018-08-13 00:00:00-04:00,0.18270047997144065,0.1831867661847582,0.1853268327671921,0.1850573074302933,0.01940974113510228,0.0,0.0,,10000,10000,0
2018-08-14 00:00:00-04:00,0.18155915187103008,0.18347200678637726,0.1852236230127732,0.1873744788820853,0.017196014082048544,0.0,0.0,,10000,10000,0
2018-08-15 00:00:00-04:00,0.18214245030312742,0.18290062057542625,0.18383188995590216,0.18482446311724787,0.03453897905148066,0.13636363636363635,0.0,,10000,10000,0
2018-08-16 00:00:00-04:00,0.1818223010209015,0.1826816451388835,0.1846608941264123,0.18478996923486707,0.023237036250339117,0.0,0.0,,10000,10000,0
2018-08-17 00:00:00-04:00,0.18023847911098412,0.1810647486433524,0.1836073355122373,0.18468658658615703,0.018869519178799535,0.0,0.0,,10000,10000,0
2018-08-20 00:00:00-04:00,0.18049120718090964,0.18106473813184007,0.18324462829753435,0.18346323467151032,0.018675906784241397,0.0,0.0,,10000,10000,0
2018-08-21 00:00:00-04:00,0.17949710496176424,0.1801383877254868,0.1821565246885978,0.1819297489533667,0.025205494648779494,0.0,0.0,,10000,10000,0
2018-08-22 00:00:00-04:00,0.17769427892933293,0.18012156512630415,0.1820356497124271,0.18379062248751427,0.018789471691843727,0.0,0.0,,10000,10000,0
2018-08-23 00:00:00-04:00,0.179884693688958,0.1815363839875178,0.1839182645493448,0.1846521634169422,0.019009109377727398,0.0,0.0,,10000,10000,0
2018-08-24 00:00:00-04:00,0.18076081270213024,0.1821763722586476,0.1851099508238906,0.1860994780709832,0.017781846018603616,0.0,0.0,,10000,10000,0
2018-08-27 00:00:00-04:00,0.1834566686463601,0.1839953872598402,0.1867507442579088,0.18816710275991763,0.02097362455020936,0.0,0.0,,10000,10000,0
2018-08-28 00:00:00-04:00,0.18458554881811864,0.18544383733928715,0.188961456564916,0.1893042836104617,0.0203022246103567,0.0,0.0,,10000,10000,0
2018-08-29 00:00:00-04:00,0.18544488605086776,0.18802080229440143,0.1897905187478164,0.19233683187753414,0.022492686630255793,0.0,0.0,,10000,10000,0
2018-08-30 00:00:00-04:00,0.1875004493726524,0.18899765264845744,0.19181125038032035,0.19221619521631708,0.02509613584886614,0.0,0.0,,10000,10000,0
2018-08-31 00:00:00-04:00,0.18753414689456863,0.1892839664049704,0.19194940311753542,0.19287094256305853,0.025653445117655348,0.0,0.0,,10000,10000,0
2018-09-04 00:00:00-04:00,0.18611884421276853,0.18790289710550379,0.18970416258557588,0.19180269290674332,0.024880441388940883,0.0,0.0,,10000,10000,0
2018-09-05 00:00:00-04:00,0.1863883879912498,0.1869933457514546,0.18604258527855977,0.18625452375878185,0.03833709429462523,0.0,0.0,,10000,10000,0
2018-09-06 00:00:00-04:00,0.18173804424376325,0.1829005883420738,0.18502358429421265,0.18668528008086263,0.025988487883255276,0.0,0.0,,10000,10000,0
2018-09-07 00:00:00-04:00,0.18170437308774157,0.18244586443515198,0.18454001050955207,0.18577210439761246,0.024701681812159437,0.0,0.0,,10000,10000,0
2018-09-10 00:00:00-04:00,0.18273211805579137,0.1839953468003871,0.18649163046931946,0.18778799533429227,0.022374258410638087,0.0,0.0,,10000,10000,0
2018-09-11 00:00:00-04:00,0.182833253292724,0.18727968682922552,0.18740704226635543,0.19099284330167038,0.02707182349489694,0.0,0.0,,10000,10000,0
2018-09-12 00:00:00-04:00,0.18709609330901963,0.1877176271197046,0.19020503317330087,0.19180269290674332,0.019959952597166344,0.0,0.0,,10000,10000,0
2018-09-13 00:00:00-04:00,0.18825863675150728,0.19088400316710522,0.19298567317387297,0.19387027516777816,0.02937703339018589,0.0,0.0,,10000,10000,0
2018-09-14 00:00:00-04:00,0.19034789821440534,0.19088398411281532,0.19353833623488903,0.19466284247507767,0.020263843877694802,0.0,0.0,,10000,10000,0
2018-09-17 00:00:00-04:00,0.19090396423286515,0.19083348926899735,0.19253663962389542,0.19254356888968782,0.02238556232505221,0.0,0.0,,10000,10000,0
2018-09-18 00:00:00-04:00,0.18837662232455687,0.1908335076774549,0.1922948604237903,0.19438721669659476,0.024270950096635324,0.0,0.0,,10000,10000,0
2018-09-19 00:00:00-04:00,0.18982559920703124,0.1901934481280373,0.1911203640918591,0.1917854106089699,0.023689324267769228,0.0,0.0,,10000,10000,0
2018-09-20 00:00:00-04:00,0.1885282383486146,0.19100192459883264,0.19265753723153564,0.1950074843035886,0.026299871293104717,0.0,0.0,,10000,10000,0
2018-09-21 00:00:00-04:00,0.1914262794474932,0.1935114724370033,0.19538641206979968,0.19619637062112089,0.0887542613128524,0.0,0.0,,10000,10000,0
2018-09-24 00:00:00-04:00,0.1897918983444474,0.19285459101985247,0.1931583873671948,0.19690278100695097,0.031058030616257868,0.0,0.0,,10000,10000,0
2018-09-25 00:00:00-04:00,0.19277417729979096,0.19319142562146144,0.1958008874442985,0.19652370186659202,0.02492434263794456,0.0,0.0,,10000,10000,0
2018-09-26 00:00:00-04:00,0.19221818310821945,0.19312408171488982,0.1957836409457775,0.1957139229746851,0.02056576354524405,0.0,0.0,,10000,10000,0
2018-09-27 00:00:00-04:00,0.1927404780970512,0.1928714305645196,0.1965780987181254,0.1964547989576296,0.020223097209457853,0.0,0.0,,10000,10000,0
2018-09-28 00:00:00-04:00,0.19174635314781643,0.1922987381197178,0.19567995776524091,0.19638583947813437,0.023583382930353166,0.0,0.0,,10000,10000,0
2018-10-01 00:00:00-04:00,0.1926899272777355,0.1941683015487316,0.1974934850107389,0.19852240950393082,0.01994943732794391,0.0,0.0,,10000,10000,0
2018-10-02 00:00:00-04:00,0.19361669148615188,0.19443783770233963,0.1969926761571694,0.19772988462453092,0.022452202843749408,0.0,0.0,,10000,10000,0
2018-10-03 00:00:00-04:00,0.19381885516352917,0.19501047686707493,0.19783895111163913,0.19776432193637894,0.01701160254806004,0.0,0.0,,10000,10000,0
2018-10-04 00:00:00-04:00,0.1924540378819694,0.19261877936464833,0.19213935554799252,0.19366349572772487,0.04089927108153751,0.0,0.0,,10000,10000,0
2018-10-05 00:00:00-04:00,0.18911796236096848,0.1899408399322352,0.19042954171226764,0.1925263431624472,0.03333774098368241,0.0,0.0,,10000,10000,0
2018-10-08 00:00:00-04:00,0.1874836300863594,0.1880207975572307,0.18818427832793067,0.19032089851295472,0.03408918841049088,0.0,0.0,,10000,10000,0
2018-10-09 00:00:00-04:00,0.18660743168531277,0.18978923886624874,0.19070586587250948,0.1927503200444747,0.029564993827536964,0.0,0.0,,10000,10000,0
2018-10-10 00:00:00-04:00,0.1867759623725481,0.18712814305299283,0.18205296155369668,0.18223995347002964,0.07580286709330619,0.0,0.0,,10000,10000,0
2018-10-11 00:00:00-04:00,0.176851845982003,0.18279957096861807,0.1793067951496607,0.18180918300531565,0.07912569216759657,0.0,0.0,,10000,10000,0
2018-10-12 00:00:00-04:00,0.18301862686848727,0.18669023082232286,0.18435005350332673,0.18811543972082903,0.05788195663923584,0.0,0.0,,10000,10000,0
2018-10-15 00:00:00-04:00,0.18285008625195162,0.18372588391954844,0.18405637777625025,0.18472103804063822,0.03727991541517438,0.0,0.0,,10000,10000,0
2018-10-16 00:00:00-04:00,0.1839115829771207,0.18697652211466878,0.18751065636662367,0.1905793127068302,0.03667804769305509,0.0,0.0,,10000,10000,0
2018-10-17 00:00:00-04:00,0.1875173133430089,0.18765024834744093,0.18854697889778738,0.1900796676184202,0.030024511092557504,0.0,0.0,,10000,10000,0
2018-10-18 00:00:00-04:00,0.18485515094675445,0.1854943870147035,0.18557629904185877,0.18627179191392207,0.03785575784596813,0.0,0.0,,10000,10000,0
2018-10-19 00:00:00-04:00,0.18288380631378673,0.18605019004990161,0.18623259847432405,0.18654747426293777,0.0382228721826965,0.0,0.0,,10000,10000,0
2018-10-22 00:00:00-04:00,0.18354089435019078,0.18551120155448203,0.18628438546698387,0.18821876579900626,0.030021093630060215,0.0,0.0,,10000,10000,0
2018-10-23 00:00:00-04:00,0.18092933971165442,0.18286696558972446,0.18087851609173325,0.1855826072553326,0.05266151979289126,0.0,0.0,,10000,10000,0
2018-10-24 00:00:00-04:00,0.18200766395388088,0.18205848543071027,0.1747989678829157,0.17562353466575295,0.07911714851135335,0.0,0.0,,10000,10000,0
2018-10-25 00:00:00-04:00,0.1788737113724383,0.18337218300179042,0.18267468399513193,0.1859271642280443,0.07615841463388988,0.0,0.0,,10000,10000,0
2018-10-26 00:00:00-04:00,0.17742465906515803,0.1824963393983533,0.18027393646421147,0.18361828035930897,0.06810937036670951,0.0,0.0,,10000,10000,0
2018-10-29 00:00:00-04:00,0.18150218590951397,0.18241217826379505,0.1748680539976356,0.17825974977995943,0.06763473740218172,0.0,0.0,,10000,10000,0
2018-10-30 00:00:00-04:00,0.1740043309065386,0.17513613697051075,0.17224279077583923,0.17805297033990614,0.08102711572474391,0.0,0.0,,10000,10000,0
2018-10-31 00:00:00-04:00,0.1770034721878385,0.18146897888391073,0.18136206667403762,0.18335986616543348,0.06224618768914342,0.0,0.0,,10000,10000,0
2018-11-01 00:00:00-04:00,0.1797161583044938,0.18008786919771413,0.1816038497008857,0.18182636630465665,0.039009808643130695,0.0,0.0,,10000,10000,0
2018-11-02 00:00:00-04:00,0.17875581447441768,0.180087921936095,0.18065398678019748,0.18223995347002964,0.04465650821557985,0.0,0.0,,10000,10000,0
2018-11-05 00:00:00-05:00,0.17857045491933554,0.1807952904441016,0.18224292826323385,0.18456600649547278,0.03183037714064594,0.0,0.0,,10000,10000,0
2018-11-06 00:00:00-05:00,0.18027220833417093,0.18264798421628062,0.18289924149495734,0.18492784576595792,0.02712229678716464,0.0,0.0,,10000,10000,0
2018-11-07 00:00:00-05:00,0.18374313376801615,0.18837449042300797,0.18828791448034324,0.1922334492288241,0.0449476497321761,0.0,0.0,,10000,10000,0
2018-11-08 00:00:00-05:00,0.18771948067179922,0.18832392998715627,0.19089585623220065,0.19187158167307253,0.02883615422955674,0.0,0.0,,10000,10000,0
2018-11-09 00:00:00-05:00,0.18611884951096974,0.18704392457345223,0.18718255311792184,0.18811543972082903,0.037241929005108323,0.0,0.0,,10000,10000,0
2018-11-12 00:00:00-05:00,0.18370937174415752,0.1845343152843227,0.18258830894834122,0.18346323467151032,0.0393221121390371,0.0,0.0,,10000,10000,0
2018-11-13 00:00:00-05:00,0.18055864438777075,0.1824795525022574,0.183521002937424,0.1835838854753606,0.04162600762567324,0.0,0.0,,10000,10000,0
2018-11-14 00:00:00-05:00,0.18227219103228226,0.1824588326548515,0.18055261572676165,0.18097089256487256,0.047042028479555166,0.14935064935064934,0.0,,10000,10000,0
2018-11-15 00:00:00-05:00,0.17700946124512013,0.18168069420241317,0.17958121478385064,0.18496822298375096,0.04574089535414376,0.0,0.0,,10000,10000,0
2018-11-16 00:00:00-05:00,0.1805461813163222,0.18350759304741313,0.18459424137909872,0.186716040308078,0.039164777423296375,0.0,0.0,,10000,10000,0
2018-11-19 00:00:00-05:00,0.18255984598793595,0.18296627314776862,0.1789567775541903,0.18036522015534365,0.053980528875980816,0.0,0.0,,10000,10000,0
2018-11-20 00:00:00-05:00,0.17161141201938507,0.1735105714458111,0.1716714641014819,0.17532956589200643,0.07932048752994224,0.0,0.0,,10000,10000,0
2018-11-21 00:00:00-05:00,0.1746573502885333,0.17598022910044406,0.17668445640195365,0.17775222724485565,0.03210443134475573,0.0,0.0,,10000,10000,0
2018-11-23 00:00:00-05:00,0.17223751635330825,0.17493146211775107,0.17626814907516977,0.17768299905532955,0.013298529544751934,0.0,0.0,,10000,10000,0
2018-11-26 00:00:00-05:00,0.17667103652910177,0.17970159109681796,0.18074339793289476,0.18356656074968755,0.03763230837499133,0.0,0.0,,10000,10000,0
2018-11-27 00:00:00-05:00,0.17917545680874522,0.18088566907218037,0.18209637315766314,0.18472595967699268,0.03341082210477835,0.0,0.0,,10000,10000,0
2018-11-28 00:00:00-05:00,0.18191680851027184,0.1876518319217935,0.1864328685827415,0.19161320990709665,0.05662853654792124,0.0,0.0,,10000,10000,0
2018-11-29 00:00:00-05:00,0.18604577030775488,0.18729663546547046,0.18846236751244003,0.1900039055323546,0.03209470472072497,0.0,0.0,,10000,10000,0
2018-11-30 00:00:00-05:00,0.18667188305109064,0.18704291430047143,0.18903479972496787,0.1912152362087792,0.03937968323802995,0.0,0.0,,10000,10000,0
2018-12-03 00:00:00-05:00,0.19056388726237178,0.1911871521807876,0.19141117229539983,0.19329175661399797,0.04078242015230316,0.0,0.0,,10000,10000,0
2018-12-04 00:00:00-05:00,0.18877015173859263,0.18986773064814153,0.18703996124683367,0.18711398572112906,0.0545366551769825,0.0,0.0,,10000,10000,0
2018-12-06 00:00:00-05:00,0.17841399340148875,0.18411651720977693,0.18147193287024846,0.1882734270763338,0.05967651877291015,0.0,0.0,,10000,10000,0
2018-12-07 00:00:00-05:00,0.18274598469833087,0.18447173921156354,0.18025772156974762,0.18071130453244125,0.0543367336208909,0.0,0.0,,10000,10000,0
2018-12-10 00:00:00-05:00,0.1766879733368024,0.18198519084091214,0.17954653431046994,0.18550468134638698,0.048759171943579274,0.0,0.0,,10000,10000,0
2018-12-11 00:00:00-05:00,0.18514887590960066,0.18700902556959204,0.1857043284867927,0.18723511737450818,0.050836463378471884,0.0,0.0,,10000,10000,0
2018-12-12 00:00:00-05:00,0.18699337992625278,0.18755034574225946,0.18847970683250703,0.18808308137606178,0.042688575580600595,0.0,0.0,,10000,10000,0
2018-12-13 00:00:00-05:00,0.18477663750267523,0.18687375721221075,0.1877685331672752,0.18872336080903712,0.036314219377958736,0.0,0.0,,10000,10000,0
2018-12-14 00:00:00-05:00,0.18252602139799484,0.18415037187280123,0.18233924715744046,0.1828051779485995,0.05696318499092533,0.0,0.0,,10000,10000,0
2018-12-17 00:00:00-05:00,0.1777202416952748,0.17829766912998304,0.1757651490318053,0.1773715499869448,0.06999449525656207,0.0,0.0,,10000,10000,0
2018-12-18 00:00:00-05:00,0.17491116955839786,0.17611554409412142,0.1771701297715155,0.17924041410885175,0.059954910525574195,0.0,0.0,,10000,10000,0
2018-12-19 00:00:00-05:00,0.1747419679741331,0.18012449843350303,0.1751406705283929,0.1787559016379684,0.08476963148187484,0.0,0.0,,10000,10000,0
2018-12-20 00:00:00-05:00,0.17372663263270985,0.1757772161976925,0.17068273398768255,0.17498346737227563,0.08757720836426576,0.0,0.0,,10000,10000,0
2018-12-21 00:00:00-05:00,0.17132374066169584,0.1735613256880518,0.16839308933563005,0.16930757610386268,0.1413469060923367,0.0,0.0,,10000,10000,0
2018-12-24 00:00:00-05:00,0.1646396532782489,0.16505292639305094,0.162356744063032,0.1622127120183465,0.052878134338873485,0.0,0.0,,10000,10000,0
2018-12-26 00:00:00-05:00,0.16034141955954626,0.16965383220670888,0.16232196425530462,0.17333949940355434,0.06299855520200884,0.0,0.0,,10000,10000,0
2018-12-27 00:00:00-05:00,0.16738092767151094,0.17049961306669376,0.16655439211015313,0.17441240198619318,0.06019058399702208,0.0,0.0,,10000,10000,0
2018-12-28 00:00:00-05:00,0.17210209633626028,0.17256327541702018,0.17196630406404384,0.1730453184903098,0.045334874521292375,0.0,0.0,,10000,10000,0
2018-12-31 00:00:00-05:00,0.17074842162593362,0.17254642281627275,0.1735622084954496,0.17508733087051456,0.03873325706258058,0.0,0.0,,10000,10000,0
2019-01-02 00:00:00-05:00,0.1678039763250446,0.1714468730973304,0.17096026830470124,0.17430858091585386,0.04156646491370119,0.0,0.0,,10000,10000,0
2019-01-03 00:00:00-05:00,0.16873470180746444,0.16880810774204535,0.167942093899539,0.16787129270371962,0.05109566476480498,0.0,0.0,,10000,10000,0
2019-01-04 00:00:00-05:00,0.16809165114717659,0.17273245289363598,0.17094292515732887,0.17571025729255046,0.0530429611839352,0.0,0.0,,10000,10000,0
2019-01-07 00:00:00-05:00,0.1713406691989968,0.17401803871574265,0.17449887668500197,0.17593523830153535,0.04199601366143778,0.0,0.0,,10000,10000,0
2019-01-08 00:00:00-05:00,0.1737097114245867,0.17520210342281833,0.17576510356358901,0.17721576888221963,0.0365521273441164,0.0,0.0,,10000,10000,0
2019-01-09 00:00:00-05:00,0.1750973414936893,0.1767414360926272,0.1784190717821697,0.17975957603108117,0.03755949013562595,0.0,0.0,,10000,10000,0
2019-01-10 00:00:00-05:00,0.17401430955159497,0.17482996700313883,0.17692728367227828,0.1786001346758764,0.0346504409052385,0.0,0.0,,10000,10000,0
2019-01-11 00:00:00-05:00,0.1739635418327847,0.17430558978372293,0.17564368240689654,0.17721576888221963,0.03234575677341067,0.0,0.0,,10000,10000,0
2019-01-14 00:00:00-05:00,0.1717806121826789,0.1733414041569099,0.1749845319154248,0.1759179135758623,0.03250729759684037,0.0,0.0,,10000,10000,0
2019-01-15 00:00:00-05:00,0.17281283270110778,0.17702894569120475,0.1760599587332522,0.18104006418386584,0.036648342057501705,0.0,0.0,,10000,10000,0
2019-01-16 00:00:00-05:00,0.1774663865993443,0.17907575090460306,0.18140256074091113,0.1816803719021076,0.03436955177613413,0.0,0.0,,10000,10000,0
2019-01-17 00:00:00-05:00,0.17702635356306748,0.17970155011141342,0.18105558436418864,0.18296086005489226,0.032449332175251686,0.0,0.0,,10000,10000,0
2019-01-18 00:00:00-05:00,0.18118916277916994,0.18184984695032994,0.18305040712029091,0.18571232348706562,0.044324488589881375,0.0,0.0,,10000,10000,0
2019-01-22 00:00:00-05:00,0.1799877016519584,0.18049659954350947,0.1812290655125239,0.18219947725380417,0.037678444118704774,0.0,0.0,,10000,10000,0
2019-01-23 00:00:00-05:00,0.1789216516554171,0.180395133650308,0.1820616863890888,0.18398187331631125,0.029138731101432388,0.0,0.0,,10000,10000,0
2019-01-24 00:00:00-05:00,0.18017391754392845,0.1803275227729459,0.1820617391237101,0.1830993871471104,0.025577340856657953,0.0,0.0,,10000,10000,0
2019-01-25 00:00:00-05:00,0.18081688449945693,0.18181601355500124,0.183553432814315,0.18477787728347894,0.036172526125186386,0.0,0.0,,10000,10000,0
2019-01-28 00:00:00-05:00,0.1791585693650462,0.17944788865905836,0.1808821869922382,0.18116123826514458,0.03387375683229618,0.0,0.0,,10000,10000,0
2019-01-29 00:00:00-05:00,0.17682334037358705,0.17689365630560455,0.17656302970487361,0.1774580463316111,0.036520712977314365,0.0,0.0,,10000,10000,0
2019-01-30 00:00:00-05:00,0.1763833774619355,0.17927871585508212,0.18030975863263218,0.18341082207286197,0.06015562072685747,0.0,0.0,,10000,10000,0
2019-01-31 00:00:00-05:00,0.17499580480650995,0.177316556416816,0.17831499041445947,0.18003644636128588,0.06825829286707229,0.0,0.0,,10000,10000,0
2019-02-01 00:00:00-05:00,0.1749619485330552,0.17542202236631563,0.17687526733873668,0.17718117600140637,0.04183775885964009,0.0,0.0,,10000,10000,0
2019-02-04 00:00:00-05:00,0.17342205175499545,0.1782976320218839,0.1776037795538379,0.1823033266094099,0.03629016569961241,0.0,0.0,,10000,10000,0
2019-02-05 00:00:00-05:00,0.17882011515925433,0.18078418387475834,0.1831371439060546,0.18486441605604487,0.031046069497517346,0.0,0.0,,10000,10000,0
2019-02-06 00:00:00-05:00,0.18041078922458387,0.1803274894521277,0.18239128291257373,0.1828051779485995,0.02221902674874185,0.0,0.0,,10000,10000,0
2019-02-07 00:00:00-05:00,0.1773478986861691,0.17794237423708634,0.18024034877601894,0.18148998377393596,0.034247048889692724,0.0,0.0,,10000,10000,0
2019-02-08 00:00:00-05:00,0.1759942366276909,0.17826386334910072,0.1801884066102213,0.18218226566919676,0.02333798283487452,0.0,0.0,,10000,10000,0
2019-02-11 00:00:00-05:00,0.17905702097384674,0.17961703150352004,0.1814198988395,0.1814554050357559,0.019990183996180855,0.0,0.0,,10000,10000,0
2019-02-12 00:00:00-05:00,0.17895553850368606,0.1805643342397633,0.18230459167409122,0.1842934072404952,0.028063939146033955,0.0,0.0,,10000,10000,0
2019-02-13 00:00:00-05:00,0.1812568687143922,0.1816468746282372,0.18443809281518964,0.18415492257617663,0.019307743023644634,0.0,0.0,,10000,10000,0
2019-02-14 00:00:00-05:00,0.17924318172346365,0.18081804222861056,0.18261679370997974,0.18431068953826862,0.023763325474922135,0.0,0.0,,10000,10000,0
2019-02-15 00:00:00-05:00,0.18195065747846456,0.18252646864560892,0.1855655688145953,0.18659486622679924,0.030101666880477138,0.0,0.0,,10000,10000,0
2019-02-19 00:00:00-05:00,0.1817475528695034,0.18313538574202748,0.18629405710280939,0.18650829916896694,0.018839287779785024,0.0,0.0,,10000,10000,0
2019-02-20 00:00:00-05:00,0.1826455304698127,0.18269728114930647,0.18449694481313417,0.1855351445783051,0.023530675143375698,0.14935064935064934,0.0,,10000,10000,0
2019-02-21 00:00:00-05:00,0.18101409750707495,0.18531337927570207,0.18550731136430668,0.18946269524496254,0.03333024885436142,0.0,0.0,,10000,10000,0
2019-02-22 00:00:00-05:00,0.1863672478772158,0.1882352398694098,0.19064621515944916,0.19217373903144327,0.031621517605715264,0.0,0.0,,10000,10000,0
2019-02-25 00:00:00-05:00,0.1892732520736112,0.18990004413530287,0.19315471527689618,0.19325120968460652,0.02634732144547097,0.0,0.0,,10000,10000,0
2019-02-26 00:00:00-05:00,0.1884235401539869,0.1917007232045104,0.19299792220288073,0.19458935735295765,0.02343735212902656,0.0,0.0,,10000,10000,0
2019-02-27 00:00:00-05:00,0.18915424077952,0.1902057687946996,0.19249269154187404,0.1942591127250468,0.023372157459847446,0.0,0.0,,10000,10000,0
2019-02-28 00:00:00-05:00,0.18974906242902512,0.1910891499949856,0.19397343551413834,0.19401584529133115,0.03335745711347448,0.0,0.0,,10000,10000,0
2019-03-01 00:00:00-05:00,0.19119358545202728,0.19132700102528638,0.19386893185319654,0.19488479696055722,0.026019507927461466,0.0,0.0,,10000,10000,0
2019-03-04 00:00:00-05:00,0.19141446667122972,0.1917176844802269,0.19235335932748032,0.1944155443908993,0.03010311272999523,0.0,0.0,,10000,10000,0
2019-03-05 00:00:00-05:00,0.19010598948858268,0.19025681183687732,0.1931024867067198,0.19344240394287068,0.020810637877261572,0.0,0.0,,10000,10000,0
2019-03-06 00:00:00-05:00,0.18946018417835547,0.1907154518580793,0.1934508483023098,0.19352926799600023,0.01837727313832416,0.0,0.0,,10000,10000,0
2019-03-07 00:00:00-05:00,0.188661463668601,0.18882982907675894,0.19073333250935537,0.19116579356310337,0.028435128149586018,0.0,0.0,,10000,10000,0
2019-03-08 00:00:00-05:00,0.18485478366369262,0.1874028614538002,0.18886938945642184,0.19137434083230695,0.025122029699326393,0.0,0.0,,10000,10000,0
2019-03-11 00:00:00-04:00,0.18796469255472756,0.1912080813496329,0.19266695160265307,0.19540615099093298,0.029950115562808754,0.0,0.0,,10000,10000,0
2019-03-12 00:00:00-04:00,0.19107462570416037,0.19297480203684847,0.19557609978097432,0.19677906125169578,0.029478374297317134,0.0,0.0,,10000,10000,0
2019-03-13 00:00:00-04:00,0.19330087395752785,0.1946905788010373,0.19754458162256938,0.19830838903567788,0.04180897331014367,0.0,0.0,,10000,10000,0
2019-03-14 00:00:00-04:00,0.19399760085486945,0.1950302875905237,0.19850264961273698,0.1984647499883644,0.03556500644586004,0.0,0.0,,10000,10000,0
2019-03-15 00:00:00-04:00,0.19535710933183179,0.19851274330991223,0.19895554710453967,0.2007587133790711,0.06700263828104791,0.0,0.0,,10000,10000,0
2019-03-18 00:00:00-04:00,0.19676762577372217,0.19912430025543687,0.20149888487181777,0.20364354184234376,0.036148866769435906,0.0,0.0,,10000,10000,0
2019-03-19 00:00:00-04:00,0.20003049886478783,0.2005342814584237,0.20313636382585407,0.20378257806935723,0.04453623982384822,0.0,0.0,,10000,10000,0
2019-03-20 00:00:00-04:00,0.19884092996001237,0.20106090847826824,0.2026486197583342,0.203556663646581,0.0320816920750622,0.0,0.0,,10000,10000,0
2019-03-21 00:00:00-04:00,0.19841608267918895,0.20457735365942428,0.2033105822455616,0.2082488782052295,0.03437020898046053,0.0,0.0,,10000,10000,0
2019-03-22 00:00:00-04:00,0.20242670500252238,0.202487877251071,0.20322349809720175,0.20273989829387207,0.03932566104239967,0.0,0.0,,10000,10000,0
2019-03-25 00:00:00-04:00,0.19743044042708027,0.19980385351999025,0.20196926588724234,0.20380000179346267,0.03070655774249788,0.0,0.0,,10000,10000,0
2019-03-26 00:00:00-04:00,0.20093125170261142,0.20099299525853626,0.2028925384083181,0.2042344776280757,0.02943236999446897,0.0,0.0,,10000,10000,0
2019-03-27 00:00:00-04:00,0.19967364228505105,0.20014357873714797,0.20057563528680908,0.20225327857064154,0.02501030496383799,0.0,0.0,,10000,10000,0
2019-03-28 00:00:00-04:00,0.1989259192365432,0.19907337219145038,0.20163826820724964,0.20253135102466846,0.01922874706361107,0.0,0.0,,10000,10000,0
2019-03-29 00:00:00-04:00,0.1999965382275126,0.20033044717031584,0.20308412809205342,0.20428657908879358,0.028515044195676544,0.0,0.0,,10000,10000,0
2019-04-01 00:00:00-04:00,0.20149201517013382,0.20167247034602298,0.205070009731344,0.20616344794109315,0.025083517525799213,0.0,0.0,,10000,10000,0
2019-04-02 00:00:00-04:00,0.201678973999634,0.2023010398934587,0.20580167091076498,0.20645891583395912,0.01897572339794616,0.0,0.0,,10000,10000,0
2019-04-03 00:00:00-04:00,0.20303852923322338,0.20391487998837685,0.20689916211783568,0.20781445894114928,0.02517762918534003,0.0,0.0,,10000,10000,0
2019-04-04 00:00:00-04:00,0.2034463306767725,0.2035750784366204,0.20555775712751845,0.20675431301365907,0.021565765648297895,0.0,0.0,,10000,10000,0
2019-04-05 00:00:00-04:00,0.20223978466954667,0.20357511384556806,0.20728238614741878,0.2076754085715026,0.015931421517185105,0.0,0.0,,10000,10000,0
2019-04-08 00:00:00-04:00,0.20295350268506063,0.2032183299172439,0.20601068492222185,0.20774489132842633,0.01499819137369374,0.0,0.0,,10000,10000,0
2019-04-09 00:00:00-04:00,0.20094821526854303,0.20240295067178832,0.20590618910699568,0.206615305071912,0.018278692489363806,0.0,0.0,,10000,10000,0
2019-04-10 00:00:00-04:00,0.20286856521577476,0.20377895034369833,0.20757851665168672,0.2081967626018784,0.01678710155016099,0.0,0.0,,10000,10000,0
2019-04-11 00:00:00-04:00,0.20419408859042296,0.20462831564228814,0.2082404566056181,0.20844004417822726,0.013805891284734563,0.0,0.0,,10000,10000,0
2019-04-12 00:00:00-04:00,0.20436401021889888,0.20484914609289487,0.2090243487658257,0.2095174865461241,0.021082457586661593,0.0,0.0,,10000,10000,0
2019-04-15 00:00:00-04:00,0.2048738420329958,0.20586840430120454,0.2093727471406248,0.2096912853655492,0.015887257386450866,0.0,0.0,,10000,10000,0
2019-04-16 00:00:00-04:00,0.2060634295014561,0.205987321247403,0.20855400750531689,0.20920467978495189,0.013625422976704472,0.0,0.0,,10000,10000,0
2019-04-17 00:00:00-04:00,0.20538369817742705,0.2063271050553664,0.20932053017061877,0.2109425689807708,0.020498597263085727,0.0,0.0,,10000,10000,0
2019-04-18 00:00:00-04:00,0.20699812907182014,0.20916401778036348,0.2106444375390678,0.21372312380944164,0.03192093989682418,0.0,0.0,,10000,10000,0
2019-04-22 00:00:00-04:00,0.20772888690369823,0.20997943990987328,0.21285678646186423,0.21440089536303675,0.015698113981312264,0.0,0.0,,10000,10000,0
2019-04-23 00:00:00-04:00,0.2102439953298123,0.21266347404773867,0.2150516995970187,0.21732047227608786,0.02670865238412699,0.0,0.0,,10000,10000,0
2019-04-24 00:00:00-04:00,0.21311598700991727,0.21312211493660826,0.2162536532527453,0.21657317553766944,0.036213798556884454,0.0,0.0,,10000,10000,0
2019-04-25 00:00:00-04:00,0.2203724757814489,0.2224992854882394,0.2237617010760209,0.22376787247096186,0.045121414556076885,0.0,0.0,,10000,10000,0
2019-04-26 00:00:00-04:00,0.2197606842613244,0.22105535033856633,0.22409268388917092,0.22505389039332868,0.026221532537397556,0.0,0.0,,10000,10000,0
2019-04-29 00:00:00-04:00,0.22010057598946223,0.22047776567028118,0.22466756296265677,0.2248453714093915,0.016585997026281864,0.0,0.0,,10000,10000,0
2019-04-30 00:00:00-04:00,0.21994767719280042,0.2213611721602876,0.22473727442000788,0.22628783514024403,0.02689398400417246,0.0,0.0,,10000,10000,0
2019-05-01 00:00:00-04:00,0.22117125326496057,0.22127622563207144,0.22179328045919636,0.22156085798918387,0.0303840018590996,0.0,0.0,,10000,10000,0
2019-05-02 00:00:00-04:00,0.21683771714333236,0.2167744712301511,0.21799566982493743,0.2186586058018058,0.031078666832106906,0.0,0.0,,10000,10000,0
2019-05-03 00:00:00-04:00,0.21578406899967412,0.2192036822029944,0.221009333752186,0.22333341077898203,0.02787269268705087,0.0,0.0,,10000,10000,0
2019-05-06 00:00:00-04:00,0.21413562712674516,0.2177257565734182,0.21902344081285416,0.22203001156040936,0.02699033015842305,0.0,0.0,,10000,10000,0
2019-05-07 00:00:00-04:00,0.21425461363738424,0.2153814965721502,0.21573108388224704,0.21745949436046813,0.04247130383029197,0.0,0.0,,10000,10000,0
2019-05-08 00:00:00-04:00,0.2125212204107934,0.21400550427321202,0.21665434547550647,0.21744212720689549,0.03248350680022461,0.0,0.0,,10000,10000,0
2019-05-09 00:00:00-04:00,0.21056688068133542,0.2130202055271431,0.21459876765324723,0.21742473176805646,0.03092829848222604,0.0,0.0,,10000,10000,0
2019-05-10 00:00:00-04:00,0.21162051187661393,0.21665554831170275,0.2150342592375339,0.22025741634271162,0.03576440223849052,0.0,0.0,,10000,10000,0
2019-05-13 00:00:00-04:00,0.2102609997485857,0.2126125199634766,0.21367552196041786,0.21368836121702997,0.03974679757475831,0.0,0.0,,10000,10000,0
2019-05-14 00:00:00-04:00,0.20985313713178932,0.21317309463061898,0.2148252300144349,0.21608659824233853,0.02833957064052711,0.0,0.0,,10000,10000,0
2019-05-15 00:00:00-04:00,0.21129756239471745,0.2153798338410016,0.21562286453689783,0.21913907347959324,0.027625058096862453,0.14935064935064934,0.0,,10000,10000,0
2019-05-16 00:00:00-04:00,0.21554474507749408,0.21993231650286965,0.22044858071247392,0.22421492110649188,0.03470906353115359,0.0,0.0,,10000,10000,0
2019-05-17 00:00:00-04:00,0.21820569938883633,0.22177383803730003,0.2230013818913886,0.2227149251437717,0.029002295483271257,0.0,0.0,,10000,10000,0
2019-05-20 00:00:00-04:00,0.2151524747308012,0.21688030770120245,0.21922471785350398,0.21948797224069813,0.026289881787343403,0.0,0.0,,10000,10000,0
2019-05-21 00:00:00-04:00,0.21670468467529505,0.21677802258745868,0.22065846199266215,0.22067410074475594,0.01523097314610546,0.0,0.0,,10000,10000,0
2019-05-22 00:00:00-04:00,0.21532307285824925,0.21798862444354214,0.220553549561904,0.22201719833472794,0.015366620119074907,0.0,0.0,,10000,10000,0
2019-05-23 00:00:00-04:00,0.21460660213961247,0.21466370036009616,0.2174412406497827,0.21941815006057755,0.026154366255239234,0.0,0.0,,10000,10000,0
2019-05-24 00:00:00-04:00,0.21581765128275102,0.21659039218307746,0.21959183046526326,0.21952279140364261,0.013693246463189198,0.0,0.0,,10000,10000,0
2019-05-28 00:00:00-04:00,0.21593710704832197,0.2175793824734892,0.21973176788454235,0.21938331675499986,0.02552949638169586,0.0,0.0,,10000,10000,0
2019-05-29 00:00:00-04:00,0.2132079459180314,0.21312917123366618,0.2162173497072422,0.21725526059439126,0.02504934290082629,0.0,0.0,,10000,10000,0
2019-05-30 00:00:00-04:00,0.21300333954126768,0.21376011481167437,0.21751127137364457,0.21863331877363978,0.017250299159409378,0.0,0.0,,10000,10000,0
2019-05-31 00:00:00-04:00,0.21124636535008942,0.21181625474614404,0.21495842916375277,0.21505742468156172,0.03015411178572405,0.0,0.0,,10000,10000,0
2019-06-03 00:00:00-04:00,0.21059825719935793,0.21139005943113934,0.20742267381848323,0.20835943116897318,0.0450552998008408,0.0,0.0,,10000,10000,0
2019-06-04 00:00:00-04:00,0.2062146013007039,0.2095315472891396,0.21029013495274573,0.21415047175692062,0.03375007097806726,0.0,0.0,,10000,10000,0
2019-06-05 00:00:00-04:00,0.21247457168561446,0.21394768070342815,0.21651466334705988,0.21880775401155902,0.027892408816842938,0.0,0.0,,10000,10000,0
2019-06-06 00:00:00-04:00,0.2150160255400443,0.21752823276066507,0.2189449562576155,0.22227882290634038,0.023335222576703632,0.0,0.0,,10000,10000,0
2019-06-07 00:00:00-04:00,0.21970668931370693,0.22482583092840422,0.22359581124159644,0.22852333288529178,0.03966885314164699,0.0,0.0,,10000,10000,0
2019-06-10 00:00:00-04:00,0.2251819843032015,0.22794608107630152,0.23013503352408968,0.23061649916978988,0.02993105663734309,0.0,0.0,,10000,10000,0
2019-06-11 00:00:00-04:00,0.22770639610358404,0.2282188480316024,0.22887609844097437,0.22974430883756045,0.02656170149674342,0.0,0.0,,10000,10000,0
2019-06-12 00:00:00-04:00,0.2234763115085916,0.22434845190247976,0.2278795732528744,0.22868037268437197,0.017595857194231745,0.0,0.0,,10000,10000,0
2019-06-13 00:00:00-04:00,0.2244655606450006,0.22610459068571193,0.22936567826035548,0.23012806918950943,0.017738207651330495,0.0,0.0,,10000,10000,0
2019-06-14 00:00:00-04:00,0.22494319264625792,0.2274516073862469,0.22950559564768436,0.230354846312911,0.01855432398385696,0.0,0.0,,10000,10000,0
2019-06-17 00:00:00-04:00,0.22557426214735957,0.22734924967068917,0.23106165697949643,0.23105251655142195,0.014211649235855384,0.0,0.0,,10000,10000,0
2019-06-18 00:00:00-04:00,0.22823523608445617,0.22992397597520497,0.23288014505338653,0.23508189417713715,0.029217858502331235,0.0,0.0,,10000,10000,0
2019-06-19 00:00:00-04:00,0.2296168579699505,0.23110044621554154,0.23329976299930197,0.2360063698243161,0.02633917211182358,0.0,0.0,,10000,10000,0
2019-06-20 00:00:00-04:00,0.23379575996170202,0.23405013842709776,0.236639246223284,0.23820409259608005,0.03856080664733259,0.0,0.0,,10000,10000,0
2019-06-21 00:00:00-04:00,0.2323118450344863,0.23416951696953484,0.23793314910228272,0.23823902490009013,0.0434047968555139,0.0,0.0,,10000,10000,0
2019-06-24 00:00:00-04:00,0.23302824760881222,0.23531190884052725,0.23887731203716409,0.2396519022422831,0.022244000513145137,0.0,0.0,,10000,10000,0
2019-06-25 00:00:00-04:00,0.23345461751221305,0.2339307652458198,0.23141135935430335,0.2320641956749273,0.03893515023165139,0.0,0.0,,10000,10000,0
2019-06-26 00:00:00-04:00,0.22850810926001652,0.23077645574548605,0.23293255001003735,0.23293635772189034,0.02622521288162541,0.0,0.0,,10000,10000,0
2019-06-27 00:00:00-04:00,0.22814987392020267,0.22902022862060756,0.23277514227033944,0.2333200756459397,0.01689264856498121,0.0,0.0,,10000,10000,0
2019-06-28 00:00:00-04:00,0.22888341059962042,0.2288327429344225,0.23216327226363043,0.23298875617790546,0.034618106452379505,0.0,0.0,,10000,10000,0
2019-07-01 00:00:00-04:00,0.23239707291536263,0.2324132535469473,0.23532788294669166,0.23598881881651185,0.024852707366366703,0.0,0.0,,10000,10000,0
2019-07-02 00:00:00-04:00,0.23152721937829063,0.23222576857185562,0.23597487425659144,0.23755876424305142,0.015158023465874797,0.0,0.0,,10000,10000,0
2019-07-03 00:00:00-04:00,0.23268706125841115,0.234186543336278,0.23763584740986196,0.2390936925097817,0.013043797147838376,0.0,0.0,,10000,10000,0
2019-07-05 00:00:00-04:00,0.23122025481264816,0.23348756607333518,0.23663934519726604,0.23839606469917035,0.018974146107562793,0.0,0.0,,10000,10000,0
2019-07-08 00:00:00-04:00,0.23200478669504712,0.23309533389547166,0.23602729772178785,0.2382215728907183,0.017184710167634423,0.0,0.0,,10000,10000,0
2019-07-09 00:00:00-04:00,0.23132253819059848,0.2328736913095701,0.23677916862752926,0.2373494532716549,0.021355854586444976,0.0,0.0,,10000,10000,0
2019-07-10 00:00:00-04:00,0.23324996473499351,0.23561879870316477,0.23891225514297865,0.2397739814520868,0.02694380009211376,0.0,0.0,,10000,10000,0
2019-07-11 00:00:00-04:00,0.2350750413077656,0.23671001840153788,0.24039841079517357,0.24073330454747666,0.024477312255125668,0.0,0.0,,10000,10000,0
2019-07-12 00:00:00-04:00,0.2361837967906381,0.23655660311551827,0.2406432266029838,0.24160548073707286,0.020020021072599523,0.0,0.0,,10000,10000,0
2019-07-15 00:00:00-04:00,0.2371901553551684,0.2372556544420511,0.24143005128236797,0.24160548073707286,0.017016202978344854,0.0,0.0,,10000,10000,0
2019-07-16 00:00:00-04:00,0.2363714413912678,0.23642021210271805,0.23803806674617875,0.23843091214738124,0.025000709780672516,0.0,0.0,,10000,10000,0
2019-07-17 00:00:00-04:00,0.2342222282331296,0.23451052614314336,0.23751351518360267,0.23701803480518827,0.02169484057800332,0.0,0.0,,10000,10000,0
2019-07-18 00:00:00-04:00,0.23055506581640522,0.23227700236372045,0.23480349989861993,0.23727975837523313,0.03506342810394975,0.0,0.0,,10000,10000,0
2019-07-19 00:00:00-04:00,0.23852063282750896,0.23918240216804196,0.23791567705606542,0.2376285439952724,0.0595253617778376,0.0,0.0,,10000,10000,0
2019-07-22 00:00:00-04:00,0.23372757626736,0.23665889805212956,0.239454288110513,0.24078566057559217,0.028087992824380282,0.0,0.0,,10000,10000,0
2019-07-23 00:00:00-04:00,0.2377359020267651,0.2380228835551803,0.2406781375321833,0.24228568482357876,0.018834161586039087,0.0,0.0,,10000,10000,0
2019-07-24 00:00:00-04:00,0.23626904693861436,0.23930172264387717,0.24211193190553498,0.24478007761203088,0.022387928260627257,0.0,0.0,,10000,10000,0
2019-07-25 00:00:00-04:00,0.23887879148727814,0.23908007875132573,0.24293372781224132,0.24385563025011836,0.019257795494838054,0.0,0.0,,10000,10000,0
2019-07-26 00:00:00-04:00,0.23877647026877968,0.24090448729294395,0.24464722042771705,0.24586156477302362,0.02015251346480224,0.0,0.0,,10000,10000,0
2019-07-29 00:00:00-04:00,0.24070391807793218,0.24061462646192505,0.24302114093939187,0.24532083533516044,0.016956265943776958,0.0,0.0,,10000,10000,0
2019-07-30 00:00:00-04:00,0.23838409254847467,0.24012010431306294,0.24377291949563287,0.24413466440320306,0.017272512665641778,0.0,0.0,,10000,10000,0
2019-07-31 00:00:00-04:00,0.23870823574126662,0.2388754798443226,0.23552028108553602,0.23701803480518827,0.04586392400404628,0.0,0.0,,10000,10000,0
2019-08-01 00:00:00-04:00,0.23302816913386198,0.23964267364354144,0.23875482719423738,0.24014021908149794,0.048438456232294924,0.0,0.0,,10000,10000,0
2019-08-02 00:00:00-04:00,0.23488748037991616,0.23517555021764128,0.23583501871379164,0.23811694569028644,0.03560207276986913,0.0,0.0,,10000,10000,0
2019-08-05 00:00:00-04:00,0.22671714193055642,0.22769031709022836,0.2280019295363363,0.22993623851275116,0.051319771440108186,0.0,0.0,,10000,10000,0
2019-08-06 00:00:00-04:00,0.22756998152218508,0.23067414506482745,0.23225066927075194,0.23426204573039008,0.03810615269432744,0.0,0.0,,10000,10000,0
2019-08-07 00:00:00-04:00,0.2275529169095433,0.23062300480170667,0.2298378064365709,0.23529117686326728,0.03904963522531068,0.0,0.0,,10000,10000,0
2019-08-08 00:00:00-04:00,0.2323459196568811,0.2363178509503734,0.23700639740389837,0.24158800044243461,0.03127096481801224,0.0,0.0,,10000,10000,0
2019-08-09 00:00:00-04:00,0.23577440969253127,0.2369828569428297,0.23793313849280395,0.239529794747213,0.025974160828939705,0.0,0.0,,10000,10000,0
2019-08-12 00:00:00-04:00,0.23314754507841026,0.2343910775927184,0.2357999306712599,0.2361806494932701,0.022054068462814852,0.0,0.0,,10000,10000,0
2019-08-13 00:00:00-04:00,0.23140786461630733,0.23599397546178444,0.2353804384553241,0.24108225987911433,0.02819275119400882,0.0,0.0,,10000,10000,0
2019-08-14 00:00:00-04:00,0.23271117678363631,0.23356590187471712,0.23383329146775503,0.23380188687388137,0.03788349186854231,0.14935064935064934,0.0,,10000,10000,0
2019-08-15 00:00:00-04:00,0.2293396541731977,0.22956270544686597,0.23134212884159855,0.23327675676044055,0.0320305615784681,0.0,0.0,,10000,10000,0
2019-08-16 00:00:00-04:00,0.23017826804062075,0.23277891161929584,0.23567521522252394,0.23756453443739803,0.02726543588945508,0.0,0.0,,10000,10000,0
2019-08-19 00:00:00-04:00,0.23526101437387348,0.23635426583100785,0.23948192246238867,0.24155468039860958,0.027142670121283113,0.0,0.0,,10000,10000,0
2019-08-20 00:00:00-04:00,0.2358772096600547,0.23662808552920442,0.2400960272053316,0.23954215540863197,0.022956410002965305,0.0,0.0,,10000,10000,0
2019-08-21 00:00:00-04:00,0.23645908516535366,0.2379624639832655,0.24142927783094414,0.24221980843812166,0.014806419151249528,0.0,0.0,,10000,10000,0
2019-08-22 00:00:00-04:00,0.2366473487825074,0.23746634822509993,0.23842946712056262,0.24045223385521078,0.019704825877656946,0.0,0.0,,10000,10000,0
2019-08-23 00:00:00-04:00,0.23413150985719053,0.23601213965988188,0.23230696355490246,0.23276922008270357,0.04574536434356329,0.0,0.0,,10000,10000,0
2019-08-26 00:00:00-04:00,0.23036646917540662,0.23123918737613838,0.23423664462705732,0.23637440356814393,0.02182838449712828,0.0,0.0,,10000,10000,0
2019-08-27 00:00:00-04:00,0.2327624031575288,0.2332236478677308,0.23556991865204643,0.23688195438851412,0.025494927434127096,0.0,0.0,,10000,10000,0
2019-08-28 00:00:00-04:00,0.23017829686304078,0.23158140925145132,0.23362274689555187,0.23656699794709515,0.01799123131699541,0.0,0.0,,10000,10000,0
2019-08-29 00:00:00-04:00,0.23423427568569763,0.2361661867634658,0.23951711901905479,0.24104724271930503,0.02163924109198968,0.0,0.0,,10000,10000,0
2019-08-30 00:00:00-04:00,0.23748582753266084,0.23743204391550457,0.2383943181636991,0.240592161068116,0.026596401885177468,0.0,0.0,,10000,10000,0
2019-09-03 00:00:00-04:00,0.23313882242771072,0.23404470309126235,0.23739426307640596,0.23740687236245692,0.019931298488535202,0.0,0.0,,10000,10000,0
2019-09-04 00:00:00-04:00,0.23431977162804257,0.23488306096826653,0.23876268714673315,0.24018963344190736,0.018783293971175546,0.0,0.0,,10000,10000,0
2019-09-05 00:00:00-04:00,0.23741746765496055,0.23948502435922872,0.24276252907744347,0.2444249560923169,0.02943775906994547,0.0,0.0,,10000,10000,0
2019-09-06 00:00:00-04:00,0.23899183005578137,0.23914275023078613,0.24178003109615773,0.24276226327723555,0.022501230286499026,0.0,0.0,,10000,10000,0
2019-09-09 00:00:00-04:00,0.2382388845654242,0.23840721645055374,0.23872767899822162,0.23999718048928817,0.029006764472690797,0.0,0.0,,10000,10000,0
2019-09-10 00:00:00-04:00,0.2334640602123615,0.23351445252378367,0.2353067452587848,0.23747696325260834,0.03312020635164323,0.0,0.0,,10000,10000,0
2019-09-11 00:00:00-04:00,0.23194097208897313,0.23245385044672895,0.23632426936244152,0.23754699757222697,0.027629527086281993,0.0,0.0,,10000,10000,0
2019-09-12 00:00:00-04:00,0.2352610945754164,0.23613194323576725,0.239446911120228,0.23999718048928817,0.030631505008422735,0.0,0.0,,10000,10000,0
2019-09-13 00:00:00-04:00,0.23514135200505457,0.23551614650865524,0.2389207181008281,0.2396472351733263,0.02583798809250913,0.0,0.0,,10000,10000,0
2019-09-16 00:00:00-04:00,0.23180412064493358,0.23318951413923641,0.23732428221960564,0.23791459289442551,0.017121224229703955,0.0,0.0,,10000,10000,0
2019-09-17 00:00:00-04:00,0.23373795878925316,0.23459229139288798,0.23867502020358108,0.23976965380632687,0.018544465918960924,0.0,0.0,,10000,10000,0
2019-09-18 00:00:00-04:00,0.2344225354959685,0.2365596539100413,0.23885049288101529,0.2417473030628272,0.026651607048595264,0.0,0.0,,10000,10000,0
2019-09-19 00:00:00-04:00,0.23945388854400812,0.24288922824327752,0.24506051866549036,0.2462099261140668,0.04214848506516313,0.0,0.0,,10000,10000,0
2019-09-20 00:00:00-04:00,0.24066901750420192,0.24165756370627792,0.2418677900709448,0.24335732871186258,0.046611165323165775,0.0,0.0,,10000,10000,0
2019-09-23 00:00:00-04:00,0.23762281547678946,0.23820196724633902,0.24220116510025605,0.24283235416738697,0.017657371519183007,0.0,0.0,,10000,10000,0
2019-09-24 00:00:00-04:00,0.239556577190694,0.24001522637067574,0.2394643913013139,0.2397520886558894,0.034263478997852787,0.0,0.0,,10000,10000,0
2019-09-25 00:00:00-04:00,0.23466212594157426,0.23876650747917216,0.23797335341093287,0.24321737321369097,0.023234013110437667,0.0,0.0,,10000,10000,0
2019-09-26 00:00:00-04:00,0.23798211200020236,0.2391427416482894,0.24220105775637477,0.24353227308457712,0.01807443338471795,0.0,0.0,,10000,10000,0
2019-09-27 00:00:00-04:00,0.23919720439810999,0.23945071180314137,0.23906091809831323,0.2403646343851547,0.024674210671315817,0.0,0.0,,10000,10000,0
2019-09-30 00:00:00-04:00,0.23560331504601112,0.23750048061340742,0.2410432550500045,0.24263975978843574,0.017843491784420157,0.0,0.0,,10000,10000,0
2019-10-01 00:00:00-04:00,0.2383586840752435,0.23926257125924805,0.23967496544526304,0.23920963381677554,0.02334521208246495,0.0,0.0,,10000,10000,0
2019-10-02 00:00:00-04:00,0.23252287344062397,0.23262494514715512,0.2336753628114564,0.23497439602216522,0.03524731387447713,0.0,0.0,,10000,10000,0
2019-10-03 00:00:00-04:00,0.23029809049149405,0.2332750513450751,0.23304384363462563,0.23782707828016866,0.026849819873438218,0.0,0.0,,10000,10000,0
2019-10-04 00:00:00-04:00,0.2333785840262984,0.23584114397400036,0.23865751489372414,0.24104724271930503,0.025226262305493807,0.0,0.0,,10000,10000,0
2019-10-07 00:00:00-04:00,0.23404599432014395,0.23572135201771824,0.23971006144480644,0.239297120145766,0.01524464299609463,0.0,0.0,,10000,10000,0
2019-10-08 00:00:00-04:00,0.23394324912636139,0.23500278213995995,0.23725399410068465,0.23675942261444793,0.028713125579654216,0.0,0.0,,10000,10000,0
2019-10-09 00:00:00-04:00,0.234593639171594,0.23661092821341168,0.23962233187888562,0.24125723253709527,0.021088766748195053,0.0,0.0,,10000,10000,0
2019-10-10 00:00:00-04:00,0.23635631221545553,0.23827028788657945,0.24186775014048836,0.24276226327723555,0.018334686297973288,0.0,0.0,,10000,10000,0
2019-10-11 00:00:00-04:00,0.23914586250525074,0.24059689460402814,0.24406060697666515,0.24377730834744307,0.028575769875436124,0.0,0.0,,10000,10000,0
2019-10-14 00:00:00-04:00,0.2384100037881561,0.23933096917845184,0.2440957238515158,0.24354983823501458,0.012616614335676835,0.0,0.0,,10000,10000,0
2019-10-15 00:00:00-04:00,0.23904327111456156,0.2418971276957599,0.24460451703720687,0.24708510054190194,0.021017525799213038,0.0,0.0,,10000,10000,0
2019-10-16 00:00:00-04:00,0.24029245969295268,0.2405284507583445,0.2441132064935101,0.24505486897515483,0.02240540989570956,0.0,0.0,,10000,10000,0
2019-10-17 00:00:00-04:00,0.24056635985010258,0.2412641245103357,0.2432186100040766,0.24379487349788054,0.02333732563054812,0.0,0.0,,10000,10000,0
2019-10-18 00:00:00-04:00,0.23852970587261074,0.23883478795232344,0.23890297949499795,0.23980455782507057,0.03754989495246047,0.0,0.0,,10000,10000,0
2019-10-21 00:00:00-04:00,0.23628786202160276,0.23626875793687893,0.23969246099560984,0.2415896975584189,0.021520287108910848,0.0,0.0,,10000,10000,0
2019-10-22 00:00:00-04:00,0.2371777927846345,0.23885195381474883,0.23837675992999874,0.23798451407297852,0.03118487105125353,0.0,0.0,,10000,10000,0
2019-10-23 00:00:00-04:00,0.2336010055181652,0.2344724881720016,0.2372364891252155,0.23950710996355626,0.03435732777566305,0.0,0.0,,10000,10000,0
2019-10-24 00:00:00-04:00,0.2378965445547935,0.239553332924841,0.24260454026905853,0.2442323334280993,0.04380095962346924,0.0,0.0,,10000,10000,0
2019-10-25 00:00:00-04:00,0.23781101889123488,0.24078510911913847,0.24353435310569024,0.245614945535239,0.029250981600381917,0.0,0.0,,10000,10000,0
2019-10-28 00:00:00-04:00,0.24647067106183893,0.24853476925838758,0.25109532981524646,0.25167034022300694,0.0415017960079832,0.0,0.0,,10000,10000,0
2019-10-29 00:00:00-04:00,0.2459230781814414,0.24653325503278492,0.24958668938626258,0.24929024819609719,0.022192344253089913,0.0,0.0,,10000,10000,0
2019-10-30 00:00:00-04:00,0.2449646291093278,0.24738854081092396,0.24983220684364713,0.25240533287053923,0.019441418383634876,0.0,0.0,,10000,10000,0
2019-10-31 00:00:00-04:00,0.24732620347805215,0.24726866065551006,0.2501829651743655,0.2502350892350877,0.02747048363929262,0.0,0.0,,10000,10000,0
2019-11-01 00:00:00-04:00,0.24623103342076574,0.24639631216189187,0.25014798760142165,0.2508477481054186,0.038673582909743244,0.0,0.0,,10000,10000,0
2019-11-04 00:00:00-05:00,0.2472065154201319,0.2473885193844998,0.2522355589540706,0.25230030967637773,0.01735860643240049,0.0,0.0,,10000,10000,0
2019-11-05 00:00:00-05:00,0.2474461174501575,0.2474227507345051,0.25179700004735206,0.252142817313035,0.019117548091583787,0.0,0.0,,10000,10000,0
2019-11-06 00:00:00-05:00,0.24641927039702136,0.24656737931558262,0.2505514467026989,0.25144275696951285,0.016916702243327537,0.0,0.0,,10000,10000,0
2019-11-07 00:00:00-05:00,0.24551222831859942,0.24718323162505723,0.25155138435814506,0.25179275885600755,0.018508319681008793,0.0,0.0,,10000,10000,0
2019-11-08 00:00:00-05:00,0.24575185360782978,0.24908217518818593,0.2515338579796561,0.2547679728880772,0.0171229329609526,0.0,0.0,,10000,10000,0
2019-11-11 00:00:00-05:00,0.24807926505787234,0.24981770511349485,0.2532354340409744,0.2550304035897822,0.014007653012940088,0.0,0.0,,10000,10000,0
2019-11-12 00:00:00-05:00,0.2496880114283814,0.25178510184180014,0.2555686648883519,0.25671054841423535,0.019632007638291562,0.0,0.0,,10000,10000,0
2019-11-13 00:00:00-05:00,0.25047523404995076,0.25159689544842523,0.2559545817564706,0.2571305280498159,0.017368070174700684,0.0,0.0,,10000,10000,0
2019-11-14 00:00:00-05:00,0.25095445423770885,0.2532221181986869,0.2572176970906942,0.25844313412260334,0.021062347134273678,0.0,0.0,,10000,10000,0
2019-11-15 00:00:00-05:00,0.25422315942494467,0.2559250568884637,0.2594456158952978,0.26178580205053953,0.025999134593342993,0.0,0.0,,10000,10000,0
2019-11-18 00:00:00-05:00,0.2561741417994726,0.25688304176024845,0.26069111592879685,0.2624333083690813,0.023433803225663987,0.0,0.0,,10000,10000,0
2019-11-19 00:00:00-05:00,0.2575603621989451,0.2582174128317565,0.26283133686532506,0.2625208229833382,0.026590618487105127,0.0,0.0,,10000,10000,0
2019-11-20 00:00:00-05:00,0.25746025340652207,0.25825728922400204,0.26066520437513435,0.26206432706882893,0.028905423565559547,0.16558441558441558,0.0,,10000,10000,0
2019-11-21 00:00:00-05:00,0.2558975518169022,0.2564720507305142,0.26073556442372375,0.2618184432479708,0.019545913871532854,0.0,0.0,,10000,10000,0
2019-11-22 00:00:00-05:00,0.2570480969929089,0.25733031973977316,0.26129884893419025,0.2620116033322501,0.016030790811337143,0.0,0.0,,10000,10000,0
2019-11-25 00:00:00-05:00,0.2569278273419779,0.2591326498529841,0.2632350467776217,0.2648914677312687,0.02459955225983651,0.0,0.0,,10000,10000,0
2019-11-26 00:00:00-05:00,0.2592633116277214,0.2609694283343047,0.26569948834261353,0.2662963969136019,0.027490199769084688,0.0,0.0,,10000,10000,0
2019-11-27 00:00:00-05:00,0.2609290110584883,0.26110676243687286,0.2660515387549528,0.26680567313522274,0.015087834043815022,0.0,0.0,,10000,10000,0
2019-11-29 00:00:00-05:00,0.26053407917460986,0.26076347587249493,0.26562908925339307,0.2651550015583635,0.010872394053404948,0.0,0.0,,10000,10000,0
2019-12-02 00:00:00-05:00,0.26003607342409113,0.2599566937980966,0.2604187812640638,0.26194142758629946,0.031168309502228184,0.0,0.0,,10000,10000,0
2019-12-03 00:00:00-05:00,0.2526176003511103,0.2558368008633863,0.25747899401566604,0.2615198074052675,0.02676188593456558,0.0,0.0,,10000,10000,0
2019-12-04 00:00:00-05:00,0.2571683621216243,0.25712439017245803,0.2619677988968667,0.2624682689583578,0.018229665046614187,0.0,0.0,,10000,10000,0
2019-12-05 00:00:00-05:00,0.2570137132515479,0.25736462576051683,0.2624605562854799,0.2626086204502591,0.018616626953999904,0.0,0.0,,10000,10000,0
2019-12-06 00:00:00-05:00,0.25862782445684107,0.26002519044510936,0.2638510953544636,0.2658045727013529,0.016690229632449278,0.0,0.0,,10000,10000,0
2019-12-09 00:00:00-05:00,0.25876524607058826,0.26060887958240536,0.26497769271643207,0.26511975811642297,0.017063390248980546,0.0,0.0,,10000,10000,0
2019-12-10 00:00:00-05:00,0.259143060980209,0.26005962487057754,0.264713694968312,0.2647159293679597,0.016785655700642905,0.0,0.0,,10000,10000,0
2019-12-11 00:00:00-05:00,0.25957238724340126,0.26002531123426015,0.26395682823548805,0.26571688837549756,0.019914605498644582,0.0,0.0,,10000,10000,0
2019-12-12 00:00:00-05:00,0.25976127709351976,0.2627203042328648,0.26517139665742545,0.2684212144112071,0.02747968449986225,0.0,0.0,,10000,10000,0
2019-12-13 00:00:00-05:00,0.26207948036874257,0.2652092608089771,0.26835739643764417,0.2706864682565128,0.02647192738575686,0.0,0.0,,10000,10000,0
2019-12-16 00:00:00-05:00,0.2657027452036953,0.26694292546990894,0.27186024797582575,0.2724424741654641,0.026864672691214914,0.0,0.0,,10000,10000,0
2019-12-17 00:00:00-05:00,0.2662866142343716,0.2666168282621983,0.27120896548940426,0.2709674258077131,0.028548955938918905,0.0,0.0,,10000,10000,0
2019-12-18 00:00:00-05:00,0.2643118424252949,0.26622200773611054,0.2707336972427757,0.2704054824200462,0.026844956561422845,0.0,0.0,,10000,10000,0
2019-12-19 00:00:00-05:00,0.2637966858873021,0.26671983266175625,0.2699768163286036,0.2727586185880721,0.027935521420654936,0.0,0.0,,10000,10000,0
2019-12-20 00:00:00-05:00,0.26954937151341124,0.27138888583973153,0.2744478573647045,0.27574393046024825,0.06542061602653214,0.0,0.0,,10000,10000,0
2019-12-23 00:00:00-05:00,0.2708716016676735,0.2707537443373072,0.27617291544145334,0.27574393046024825,0.018418282688291668,0.0,0.0,,10000,10000,0
2019-12-24 00:00:00-05:00,0.2697725470790681,0.2700499350203058,0.27590881833273845,0.2756912067236695,0.006944809557959112,0.0,0.0,,10000,10000,0
2019-12-26 00:00:00-05:00,0.2699100282924085,0.27180089969302657,0.27640178832507434,0.2779566019953072,0.014215329580083237,0.0,0.0,,10000,10000,0
2019-12-27 00:00:00-05:00,0.2731554441331835,0.27320837983675683,0.27784509537167174,0.27846576507586246,0.01933127093852984,0.0,0.0,,10000,10000,0
2019-12-30 00:00:00-05:00,0.27236557303878184,0.2722986394032152,0.2752223525630227,0.276059990027057,0.016617805715679737,0.0,0.0,,10000,10000,0
2019-12-31 00:00:00-05:00,0.26855336653739964,0.2701529451890652,0.27472948023169874,0.27625315011133633,0.019274225602998112,0.0,0.0,,10000,10000,0
2020-01-02 00:00:00-05:00,0.2720050040140787,0.27523398246387765,0.2780388100067026,0.2813808729168216,0.02486401128078082,0.0,0.0,,10000,10000,0
2020-01-03 00:00:00-05:00,0.27121499435861285,0.2738949646633096,0.277563424874037,0.27786866310205427,0.02288464329052217,0.0,0.0,,10000,10000,0
2020-01-06 00:00:00-05:00,0.2690856914285013,0.27243595537865983,0.27483508554379066,0.27858869284365834,0.022487034673048734,0.0,0.0,,10000,10000,0
2020-01-07 00:00:00-05:00,0.2729321842223037,0.2734143164909417,0.27626084571145465,0.27604236830608675,0.02356537553180974,0.0,0.0,,10000,10000,0
2020-01-08 00:00:00-05:00,0.2722625248713807,0.2753541033475245,0.2773698581340888,0.2804501179405008,0.031599566981213426,0.0,0.0,,10000,10000,0
2020-01-09 00:00:00-05:00,0.27725957374313637,0.27779157358804196,0.282791382710691,0.2839621863289361,0.02323795633639608,0.0,0.0,,10000,10000,0
2020-01-10 00:00:00-05:00,0.27894247230418096,0.27950814144352704,0.28305542626851665,0.2826451677545895,0.022371629593332477,0.0,0.0,,10000,10000,0
2020-01-13 00:00:00-05:00,0.2771222620041358,0.2796626756408823,0.283196300559449,0.28605195838146563,0.023555386026048425,0.0,0.0,,10000,10000,0
2020-01-14 00:00:00-05:00,0.27992125232727805,0.280160424965932,0.2840059585895008,0.28403244693068597,0.025988225001524715,0.0,0.0,,10000,10000,0
2020-01-15 00:00:00-05:00,0.2785990258339291,0.2807440757107899,0.28550220664837883,0.285876306877091,0.023281200381073355,0.0,0.0,,10000,10000,0
2020-01-16 00:00:00-05:00,0.28156975608029006,0.2846920906029473,0.2880720900993954,0.29112684430930647,0.02649821555881295,0.0,0.0,,10000,10000,0
2020-01-17 00:00:00-05:00,0.28684167210169204,0.2868035467124269,0.2905365280243974,0.29276009216206034,0.040307787187775376,0.0,0.0,,10000,10000,0
2020-01-21 00:00:00-05:00,0.2855708602150053,0.2880393953375113,0.29229670084183995,0.2917063811326772,0.03392699038273477,0.0,0.0,,10000,10000,0
2020-01-22 00:00:00-05:00,0.28680727871380735,0.2868378431400092,0.2909765464706907,0.29030156509140964,0.026857574884489765,0.0,0.0,,10000,10000,0
2020-01-23 00:00:00-05:00,0.2847294886704957,0.2856534343221172,0.29025488248236303,0.29209275787176864,0.020997941110286248,0.0,0.0,,10000,10000,0
2020-01-24 00:00:00-05:00,0.2869962102755957,0.2869065314215303,0.28881149236495585,0.28914260458573376,0.0278818935476205,0.0,0.0,,10000,10000,0
2020-01-27 00:00:00-05:00,0.276074669270311,0.2797827498795092,0.28133034901559867,0.28429581104618235,0.037293059501702426,0.0,0.0,,10000,10000,0
2020-01-28 00:00:00-05:00,0.28059098402534527,0.2838681762628101,0.2863823206571016,0.2898801146219761,0.027857971310139455,0.0,0.0,,10000,10000,0
2020-01-29 00:00:00-05:00,0.2875627931613375,0.28900062645703956,0.29099410475313225,0.294410650597854,0.04081094282006903,0.0,0.0,,10000,10000,0
2020-01-30 00:00:00-05:00,0.29822670704637494,0.2980983996038249,0.29997138156406683,0.3027343822249658,0.06294952775925923,0.0,0.0,,10000,10000,0
2020-01-31 00:00:00-05:00,0.2950671133937379,0.29526613562328147,0.2978415624276781,0.29825651341513393,0.04263560491189256,0.0,0.0,,10000,10000,0
2020-02-03 00:00:00-05:00,0.29201032077972927,0.29887075915758055,0.299284804616469,0.30554398602223454,0.03470222860615901,0.0,0.0,,10000,10000,0
2020-02-04 00:00:00-05:00,0.30353279408156536,0.30941038479816585,0.30968785735960286,0.31562369527303125,0.04301757206639762,0.0,0.0,,10000,10000,0
2020-02-05 00:00:00-05:00,0.31536435531632356,0.31552131137971995,0.31338439118725997,0.31523737510447264,0.04663613908756906,0.0,0.0,,10000,10000,0
2020-02-06 00:00:00-05:00,0.3101097324578307,0.3148690641851822,0.3162888058716887,0.32178747910166294,0.03160600758361217,0.0,0.0,,10000,10000,0
2020-02-07 00:00:00-05:00,0.31333807842309114,0.3179760056233841,0.32054858111399714,0.322244031586705,0.0392002664569221,0.0,0.0,,10000,10000,0
2020-02-10 00:00:00-05:00,0.31459164535236184,0.32348613120796477,0.3219039900211012,0.33069063441107993,0.04224338536989563,0.0,0.0,,10000,10000,0
2020-02-11 00:00:00-05:00,0.3267323768542872,0.3266790125417919,0.3223441463635063,0.3232099734344336,0.06500315983840135,0.0,0.0,,10000,10000,0
2020-02-12 00:00:00-05:00,0.31802596269372146,0.31835356736900466,0.31943956444561594,0.3236839213583147,0.05698921028225086,0.0,0.0,,10000,10000,0
2020-02-13 00:00:00-05:00,0.31373307193968264,0.3190059641826234,0.32123511938370886,0.32192800030516266,0.04152243222383223,0.0,0.0,,10000,10000,0
2020-02-14 00:00:00-05:00,0.3140249687806468,0.3175983810553275,0.32084783800717304,0.3248078929894477,0.02555723040427004,0.0,0.0,,10000,10000,0
2020-02-18 00:00:00-05:00,0.3180775672278921,0.32152926014214955,0.32586453269609117,0.3281092361431662,0.0316596354566466,0.0,0.0,,10000,10000,0
2020-02-19 00:00:00-05:00,0.3231668354840191,0.32323554077537603,0.32846855196781194,0.3290953736711079,0.03455830085867689,0.16558441558441558,0.0,,10000,10000,0
2020-02-20 00:00:00-05:00,0.3212554971144731,0.32163476920855755,0.3189902024192327,0.32405932341404103,0.043581584819316135,0.0,0.0,,10000,10000,0
2020-02-21 00:00:00-05:00,0.3147467176105224,0.3151801112124296,0.31219473201592124,0.3137935819660991,0.05897357302539018,0.0,0.0,,10000,10000,0
2020-02-24 00:00:00-05:00,0.28822950677319936,0.2997750150992318,0.2874486925209526,0.30023506780015924,0.08491802821877649,0.0,0.0,,10000,10000,0
2020-02-25 00:00:00-05:00,0.2993013514309563,0.30027422543918164,0.2952502771309623,0.2952695609975063,0.08460546184113953,0.0,0.0,,10000,10000,0
2020-02-26 00:00:00-05:00,0.2915700258747505,0.297554638716053,0.2962387029676829,0.29896729387462356,0.06900711147657514,0.0,0.0,,10000,10000,0
2020-02-27 00:00:00-05:00,0.2805670439643459,0.286831263245552,0.2781821456309206,0.2778546901804502,0.11759922208038294,0.0,0.0,,10000,10000,0
2020-02-28 00:00:00-05:00,0.26178121667209614,0.28111683833568846,0.267627218165125,0.284598802819912,0.12264365960811696,0.0,0.0,,10000,10000,0
2020-03-02 00:00:00-05:00,0.28399367036863715,0.29696943004694293,0.28582488959607527,0.30358070568106793,0.08849282543180954,0.0,0.0,,10000,10000,0
2020-03-03 00:00:00-05:00,0.29861256788124113,0.30054959447499685,0.28573661656844535,0.28900089540104507,0.08934219630325196,0.0,0.0,,10000,10000,0
2020-03-04 00:00:00-05:00,0.28946929673332866,0.29314825800677774,0.2916671862849087,0.2996364101366988,0.060605805690443104,0.0,0.0,,10000,10000,0
2020-03-05 00:00:00-05:00,0.2852678399506918,0.2934408400871609,0.29179072756877045,0.2920999706147019,0.05798080016992675,0.0,0.0,,10000,10000,0
2020-03-06 00:00:00-05:00,0.27934454677815435,0.28008407211795017,0.2746874119730111,0.2838240410878144,0.09084601124292586,0.0,0.0,,10000,10000,0
2020-03-09 00:00:00-04:00,0.2593532693761077,0.2708581727385375,0.2640970475522419,0.26454271039649585,0.08768906454061944,0.0,0.0,,10000,10000,0
2020-03-10 00:00:00-04:00,0.2716821134951539,0.2765038939726634,0.2686509414335425,0.28267947778273866,0.08103171615502873,0.0,0.0,,10000,10000,0
2020-03-11 00:00:00-04:00,0.26990852110934027,0.27077212409912926,0.26612686367152505,0.26984288847125204,0.06922464610861433,0.0,0.0,,10000,10000,0
2020-03-12 00:00:00-04:00,0.24953844585857884,0.26349125320911043,0.24394014925179444,0.24418733156924904,0.11766691412600237,0.0,0.0,,10000,10000,0
2020-03-13 00:00:00-04:00,0.253326731761925,0.27801864102070023,0.24773511464524234,0.2789993666265916,0.11701102420825281,0.0,0.0,,10000,10000,0
2020-03-16 00:00:00-04:00,0.240412450999473,0.256399823713693,0.23762132370864045,0.23777791848715688,0.11067360288875477,0.0,0.0,,10000,10000,0
2020-03-17 00:00:00-04:00,0.24041241365187416,0.25321548192675397,0.23762128679229796,0.2574113158894177,0.10167502981078826,0.0,0.0,,10000,10000,0
2020-03-18 00:00:00-04:00,0.23696860126759306,0.25063360331618795,0.23765657574817298,0.24654686020748243,0.1023761353861943,0.0,0.0,,10000,10000,0
2020-03-19 00:00:00-04:00,0.24518212638828962,0.25777680876050635,0.24468154318188018,0.2506145077986435,0.10806686764851241,0.0,0.0,,10000,10000,0
2020-03-20 00:00:00-04:00,0.25074380350845343,0.25252700841452136,0.23913924259787186,0.24117633667517716,0.1066781949068242,0.0,0.0,,10000,10000,0
2020-03-23 00:00:00-04:00,0.2352639544881888,0.24128733197869165,0.23324398814272335,0.23876397115929937,0.0989350135331515,0.0,0.0,,10000,10000,0
2020-03-24 00:00:00-04:00,0.24686951849400285,0.25683008654802936,0.24868815763022437,0.2605279845387784,0.10358999177705948,0.0,0.0,,10000,10000,0
2020-03-25 00:00:00-04:00,0.2557545729747689,0.264971602830977,0.2542834286104663,0.25802765184438126,0.09454883185874209,0.0,0.0,,10000,10000,0
2020-03-26 00:00:00-04:00,0.25487636263953706,0.268982065251288,0.2612200410090856,0.27420979418097735,0.07999819663132836,0.0,0.0,,10000,10000,0
2020-03-27 00:00:00-04:00,0.26064476764371103,0.26593550683619854,0.26268507792784945,0.2629228131894851,0.07010621999205047,0.0,0.0,,10000,10000,0
2020-03-30 00:00:00-04:00,0.2618328297858344,0.2757637399919743,0.26411471399921094,0.2814644558790482,0.07848951837963908,0.0,0.0,,10000,10000,0
2020-03-31 00:00:00-04:00,0.2738171889637695,0.28295847841376615,0.27567577836359686,0.2770271198559746,0.09755751326501214,0.0,0.0,,10000,10000,0
2020-04-01 00:00:00-04:00,0.2627971062360567,0.27085821817910016,0.2655444468622327,0.2671664234229513,0.07132546545839213,0.0,0.0,,10000,10000,0
2020-04-02 00:00:00-04:00,0.26083420402218016,0.2669510588927053,0.26473257123266575,0.2727131358796929,0.06036434882092287,0.0,0.0,,10000,10000,0
2020-04-03 00:00:00-04:00,0.2664130893530301,0.2702213576419129,0.26796254807105374,0.2701950683232599,0.04933987768638841,0.0,0.0,,10000,10000,0
2020-04-06 00:00:00-04:00,0.2754014090021391,0.2859190651309172,0.2774761905769174,0.2903391562104618,0.08334152648060249,0.0,0.0,,10000,10000,0
2020-04-07 00:00:00-04:00,0.2913633843478873,0.29194341309961125,0.2875016808960532,0.28720486584013083,0.07763344402406736,0.0,0.0,,10000,10000,0
2020-04-08 00:00:00-04:00,0.2846134960743674,0.28621162775978926,0.28792524624517213,0.29009259354321,0.05863918746411664,0.0,0.0,,10000,10000,0
2020-04-09 00:00:00-04:00,0.2858016592939217,0.2874165403186836,0.28762524158541175,0.29011024354944664,0.0626703473614035,0.0,0.0,,10000,10000,0
2020-04-13 00:00:00-04:00,0.28234070197648714,0.2843183772210784,0.2858072870605038,0.29076179466108437,0.05021001621454515,0.0,0.0,,10000,10000,0
2020-04-14 00:00:00-04:00,0.29034743245294586,0.2983980191284955,0.2958679944940079,0.30518303773764116,0.06462776472716032,0.0,0.0,,10000,10000,0
2020-04-15 00:00:00-04:00,0.29413560245560055,0.2980882116402515,0.2980566705409611,0.3019783170539619,0.048942269068914974,0.0,0.0,,10000,10000,0
2020-04-16 00:00:00-04:00,0.29947348824219794,0.30447398863377984,0.3045167333194558,0.31106425175488756,0.06148015032628881,0.0,0.0,,10000,10000,0
2020-04-17 00:00:00-04:00,0.30842738407667636,0.30915579928775416,0.30975897669843255,0.31381123197233574,0.06448488850660045,0.0,0.0,,10000,10000,0
2020-04-20 00:00:00-04:00,0.30348550539845803,0.307004206695521,0.3082057057277951,0.30757778153254867,0.04332816683105538,0.0,0.0,,10000,10000,0
2020-04-21 00:00:00-04:00,0.2980960366295596,0.2982603866108125,0.29253211722744776,0.2948293573964462,0.0690039568958084,0.0,0.0,,10000,10000,0
2020-04-22 00:00:00-04:00,0.29446276682774564,0.29882833152436145,0.3008454544893122,0.30486610132757386,0.04063441773799735,0.0,0.0,,10000,10000,0
2020-04-23 00:00:00-04:00,0.29914640736232667,0.30065292059620613,0.3010043828991451,0.30116839673572293,0.03822983854855636,0.0,0.0,,10000,10000,0
2020-04-24 00:00:00-04:00,0.29561644549354765,0.2997922323112296,0.30065130908756427,0.30667978089472475,0.04018410133354645,0.0,0.0,,10000,10000,0
2020-04-27 00:00:00-04:00,0.303416594138161,0.3038198838368531,0.3052227441658383,0.3057993171220719,0.038760333880828356,0.0,0.0,,10000,10000,0
2020-04-28 00:00:00-04:00,0.30169470798298437,0.3017027779503766,0.29832139830638355,0.29833333619868974,0.040335389769484274,0.0,0.0,,10000,10000,0
2020-04-29 00:00:00-04:00,0.2976138459667172,0.3051624830067737,0.30271640981155795,0.31175098973793297,0.06254087810910224,0.0,0.0,,10000,10000,0
2020-04-30 00:00:00-04:00,0.30928834860982374,0.3098443005512798,0.31039441249015315,0.3148853649640632,0.06594427643380954,0.0,0.0,,10000,10000,0
2020-05-01 00:00:00-04:00,0.30205633923277353,0.3068148806566942,0.3064759474681808,0.3067149960513989,0.046878253161415695,0.0,0.0,,10000,10000,0
2020-05-04 00:00:00-04:00,0.2998007141797169,0.3074345843402948,0.30610535821950624,0.3142338421376919,0.03505172986693979,0.0,0.0,,10000,10000,0
2020-05-05 00:00:00-04:00,0.31035590177591277,0.3154383127802,0.31687213346127435,0.31761463860474193,0.04355109053857106,0.0,0.0,,10000,10000,0
2020-05-06 00:00:00-04:00,0.3128698712478988,0.31638498796709913,0.3199256801620704,0.3207489289750729,0.037373501311254075,0.0,0.0,,10000,10000,0
2020-05-07 00:00:00-04:00,0.3164686272939183,0.3169874303187623,0.32160247175521206,0.32261544541986825,0.032348122708985724,0.0,0.0,,10000,10000,0
2020-05-08 00:00:00-04:00,0.31786334580708103,0.31776196896751774,0.32297919581483137,0.32451712045080494,0.0357153747957409,0.0,0.0,,10000,10000,0
2020-05-11 00:00:00-04:00,0.31471229519217575,0.32208229289493795,0.3220790532778353,0.3281445078703732,0.03573495948466769,0.0,0.0,,10000,10000,0
2020-05-12 00:00:00-04:00,0.3209972121304332,0.32127328648375014,0.3211082476383598,0.3206960920974285,0.037240614596455515,0.0,0.0,,10000,10000,0
2020-05-13 00:00:00-04:00,0.31367912767391604,0.31612677521499793,0.31094151152825267,0.3158361459089987,0.0538985097760458,0.0,0.0,,10000,10000,0
2020-05-14 00:00:00-04:00,0.3050524278177067,0.3103434308657238,0.3094235851919909,0.3172096218750896,0.05016874378284708,0.0,0.0,,10000,10000,0
2020-05-15 00:00:00-04:00,0.3076696937473456,0.3213076883742608,0.3117534411666714,0.3218406271172378,0.056394440366856716,0.0,0.0,,10000,10000,0
2020-05-18 00:00:00-04:00,0.3191892443555174,0.31982748116633347,0.32403826860184726,0.3249221654657236,0.04148129123299944,0.0,0.0,,10000,10000,0
2020-05-19 00:00:00-04:00,0.31794938937287426,0.3205159046277441,0.3232086036426463,0.32266819744171343,0.030354296223546216,0.0,0.0,,10000,10000,0
2020-05-20 00:00:00-04:00,0.318457004277724,0.3201160577528068,0.3249072439512659,0.3271533638502778,0.03621945051409152,0.16558441558441558,0.0,,10000,10000,0
2020-05-21 00:00:00-04:00,0.31947559936959574,0.32153124296719116,0.3237565994920575,0.32321557391718175,0.03340425006151433,0.0,0.0,,10000,10000,0
2020-05-22 00:00:00-04:00,0.31565972891844013,0.31771683096433284,0.3224292307066404,0.3233569436786736,0.022504384867265758,0.0,0.0,,10000,10000,0
2020-05-26 00:00:00-04:00,0.3210987871573304,0.32123791377291605,0.31988048762342514,0.319931399920171,0.04254477927398376,0.0,0.0,,10000,10000,0
2020-05-27 00:00:00-04:00,0.31049687598067494,0.3134534944974923,0.3119156142425788,0.3203551414961834,0.04707094546991687,0.0,0.0,,10000,10000,0
2020-05-28 00:00:00-04:00,0.31142930677438524,0.3171817074173051,0.31860609031687415,0.31963118010254904,0.039569746729225516,0.0,0.0,,10000,10000,0
2020-05-29 00:00:00-04:00,0.314865315711224,0.3173887564656971,0.3186590940117474,0.3228977323785895,0.05050588960229149,0.0,0.0,,10000,10000,0
2020-06-01 00:00:00-04:00,0.3145372674460573,0.3151967155901929,0.3205175923764277,0.3221561492639849,0.024864405603376664,0.0,0.0,,10000,10000,0
2020-06-02 00:00:00-04:00,0.3174900014979521,0.3186488597796641,0.3203229747295826,0.32582899110666586,0.03560601599582754,0.0,0.0,,10000,10000,0
2020-06-03 00:00:00-04:00,0.31847412628067695,0.32027123171072114,0.3242698897980142,0.3266234676694477,0.031027142012916956,0.0,0.0,,10000,10000,0
2020-06-04 00:00:00-04:00,0.31757634165945053,0.3200987213131789,0.32200443852916505,0.322315140746447,0.03293408608640608,0.0,0.0,,10000,10000,0
2020-06-05 00:00:00-04:00,0.3146754523148476,0.32336088913020067,0.32149109988684216,0.32987251136558354,0.04756582032769786,0.0,0.0,,10000,10000,0
2020-06-08 00:00:00-04:00,0.32040803089238823,0.32477619537475294,0.32579208067096793,0.33192073236176417,0.0387829417096566,0.0,0.0,,10000,10000,0
2020-06-09 00:00:00-04:00,0.32396503305239016,0.32848717559238694,0.33078339435345755,0.33446343638523596,0.034277543170437796,0.0,0.0,,10000,10000,0
2020-06-10 00:00:00-04:00,0.3293696197378938,0.3419847954643839,0.3374208030797742,0.34689433012067655,0.05279545803461207,0.0,0.0,,10000,10000,0
2020-06-11 00:00:00-04:00,0.3328230094208958,0.33722093365698913,0.3286771933006325,0.3282303819391786,0.06460200231756534,0.0,0.0,,10000,10000,0
2020-06-12 00:00:00-04:00,0.32835080093832625,0.33024771750317816,0.32710184145514515,0.33082597941082753,0.05213996243945834,0.0,0.0,,10000,10000,0
2020-06-15 00:00:00-04:00,0.3180596623787084,0.32869422770304535,0.32503091310788107,0.3329448004319549,0.038202761730308586,0.0,0.0,,10000,10000,0
2020-06-16 00:00:00-04:00,0.33240858414429725,0.33691025064777497,0.33821730527840715,0.3411203455483713,0.051066222010982154,0.0,0.0,,10000,10000,0
2020-06-17 00:00:00-04:00,0.33610368750823144,0.338187507154112,0.3421643069905078,0.3423033768157578,0.028893593887684307,0.0,0.0,,10000,10000,0
2020-06-18 00:00:00-04:00,0.3343252201539404,0.33848095329466754,0.34271301650202046,0.34597616208790594,0.025441693883688506,0.0,0.0,,10000,10000,0
2020-06-19 00:00:00-04:00,0.3422507257149438,0.3433138179338284,0.34336788993133494,0.3439102062296894,0.053543093676327404,0.0,0.0,,10000,10000,0
2020-06-22 00:00:00-04:00,0.33741605653229184,0.34585116430861834,0.3448901387841271,0.3534806675441316,0.03826677343170018,0.0,0.0,,10000,10000,0
2020-06-23 00:00:00-04:00,0.34829413565052236,0.35135712324757523,0.3558638399912062,0.35584667350837174,0.03576742537839197,0.0,0.0,,10000,10000,0
2020-06-24 00:00:00-04:00,0.34744807711022124,0.3501489095177327,0.3472441130006021,0.34866006616127115,0.04342148984540452,0.0,0.0,,10000,10000,0
2020-06-25 00:00:00-04:00,0.3408866375246649,0.3455921805872663,0.34531485147181157,0.3530744345480239,0.03167501403788442,0.0,0.0,,10000,10000,0
2020-06-26 00:00:00-04:00,0.34421918996201273,0.3443494841864504,0.34427062655729823,0.345993840379409,0.06699567191518806,0.0,0.0,,10000,10000,0
2020-06-29 00:00:00-04:00,0.3373987087851287,0.3420020265111179,0.3419165148675907,0.3497195190997344,0.030226141379897754,0.0,0.0,,10000,10000,0
2020-06-30 00:00:00-04:00,0.3410248365278457,0.3521338948883161,0.349332746113271,0.35867191905796236,0.04022708249649316,0.0,0.0,,10000,10000,0
2020-07-01 00:00:00-04:00,0.3501071569245261,0.35549960625711985,0.3564656383030305,0.3607730900728531,0.03727084599547003,0.0,0.0,,10000,10000,0
2020-07-02 00:00:00-04:00,0.3544929401790561,0.3583820741659149,0.36218262077584734,0.3635276507416978,0.0336622684800599,0.0,0.0,,10000,10000,0
2020-07-06 00:00:00-04:00,0.3599320469788213,0.3637500472046231,0.3676518231876955,0.3713675911722196,0.037055808739871174,0.0,0.0,,10000,10000,0
2020-07-07 00:00:00-04:00,0.36272929737292864,0.3698602087027507,0.36747486040863425,0.36704152938718304,0.03929437811646292,0.0,0.0,,10000,10000,0
2020-07-08 00:00:00-04:00,0.36207310958260225,0.36742643278610976,0.36871376817778034,0.37512859819028477,0.03929345803040596,0.0,0.0,,10000,10000,0
2020-07-09 00:00:00-04:00,0.37288225463220015,0.3728117344088899,0.3736343366233096,0.3777596371007392,0.03866477637176945,0.0,0.0,,10000,10000,0
2020-07-10 00:00:00-04:00,0.3682029282958282,0.3688418754004211,0.3729440720920355,0.37661190584582604,0.029537391245828066,0.0,0.0,,10000,10000,0
2020-07-13 00:00:00-04:00,0.36968785833467127,0.37181062721167396,0.3648375930439817,0.36495795180799623,0.04525508991606712,0.0,0.0,,10000,10000,0
2020-07-14 00:00:00-04:00,0.3552699997471382,0.35981471168373175,0.3569258439209172,0.36721811430534906,0.04454031449067191,0.0,0.0,,10000,10000,0
2020-07-15 00:00:00-04:00,0.3611925973484666,0.36409532148584917,0.3622358011329928,0.36667076611514715,0.03742620909823155,0.0,0.0,,10000,10000,0
2020-07-16 00:00:00-04:00,0.3540094593817611,0.3543776569918246,0.3574213961538911,0.35939579559579754,0.03448364244719758,0.0,0.0,,10000,10000,0
2020-07-17 00:00:00-04:00,0.3524037345551362,0.35323855562124207,0.3557931168364483,0.35755951610078907,0.03671103935024049,0.0,0.0,,10000,10000,0
2020-07-20 00:00:00-04:00,0.3533188561245161,0.3657695470332746,0.3586604315793832,0.37295682715044737,0.043611027573138963,0.0,0.0,,10000,10000,0
2020-07-21 00:00:00-04:00,0.36827204126993507,0.36860026242501387,0.3675456972404099,0.36792445397801316,0.045064237779679876,0.0,0.0,,10000,10000,0
2020-07-22 00:00:00-04:00,0.3605709155062419,0.3657695029996879,0.3681828195597667,0.3732216338145304,0.060331488604602745,0.0,0.0,,10000,10000,0
2020-07-23 00:00:00-04:00,0.3571002758552437,0.36338757183517506,0.3571382178524018,0.3569590764655451,0.08379539178841597,0.0,0.0,,10000,10000,0
2020-07-24 00:00:00-04:00,0.34541054015609096,0.34947573111318736,0.34892554958608285,0.35476954227840535,0.04747828071142106,0.0,0.0,,10000,10000,0
2020-07-27 00:00:00-04:00,0.34722355452911524,0.35139161039970185,0.3548549315563882,0.35927218898160795,0.034773075232545185,0.0,0.0,,10000,10000,0
2020-07-28 00:00:00-04:00,0.3509187723687982,0.3526517051593048,0.3564126105463092,0.35604096500330723,0.025691168645990844,0.0,0.0,,10000,10000,0
2020-07-29 00:00:00-04:00,0.3490021544017017,0.3525654101103389,0.35689049428134234,0.3596430936799759,0.02093458661322106,0.0,0.0,,10000,10000,0
2020-07-30 00:00:00-04:00,0.3464121009660952,0.3522374711073102,0.3525717816951864,0.359360552153857,0.028094170545048463,0.0,0.0,,10000,10000,0
2020-07-31 00:00:00-04:00,0.3522827782098653,0.35334206426568393,0.35158051085001873,0.3613204665483214,0.06222200256993181,0.0,0.0,,10000,10000,0
2020-08-03 00:00:00-04:00,0.3645768998560494,0.37498655769512157,0.3718113040699707,0.3816796073160001,0.09894526592064337,0.0,0.0,,10000,10000,0
2020-08-04 00:00:00-04:00,0.3691525965964721,0.37003282439104895,0.3715811719142229,0.37594089447090173,0.05990351714724952,0.0,0.0,,10000,10000,0
2020-08-05 00:00:00-04:00,0.3704130100727408,0.3704297400132862,0.3738112826462592,0.3753228331146875,0.03299270871232116,0.0,0.0,,10000,10000,0
2020-08-06 00:00:00-04:00,0.3659927529674974,0.3727944673432791,0.3737759473738069,0.3813441157711711,0.03805370778908053,0.0,0.0,,10000,10000,0
2020-08-07 00:00:00-04:00,0.3703267408875798,0.371638001884725,0.3726785225893637,0.37451062168986976,0.031696701780655694,0.0,0.0,,10000,10000,0
2020-08-10 00:00:00-04:00,0.36483586404570306,0.36504458922330996,0.3645721154588576,0.36704152938718304,0.04338981259687192,0.0,0.0,,10000,10000,0
2020-08-11 00:00:00-04:00,0.3570484786884291,0.3577434394439453,0.35889049642514786,0.3584423275505535,0.043034922260614644,0.0,0.0,,10000,10000,0
2020-08-12 00:00:00-04:00,0.35381953117381465,0.3622828980175685,0.3617401289068584,0.3687013088198247,0.03194998832805117,0.0,0.0,,10000,10000,0
2020-08-13 00:00:00-04:00,0.3609853555561698,0.3641298019868458,0.36775804265270134,0.36783611909103053,0.024820372913507704,0.0,0.0,,10000,10000,0
2020-08-14 00:00:00-04:00,0.3598111606427921,0.3610919370615838,0.36662523374749206,0.36818923235682977,0.018734660851021767,0.0,0.0,,10000,10000,0
2020-08-17 00:00:00-04:00,0.3612616623958443,0.3638536603992784,0.3691209552993104,0.3706260363428814,0.021660403071299836,0.0,0.0,,10000,10000,0
2020-08-18 00:00:00-04:00,0.36286746155758426,0.36587310337116286,0.369634248540399,0.3727625922260447,0.02317381319413921,0.0,0.0,,10000,10000,0
2020-08-19 00:00:00-04:00,0.36540785536592063,0.3663093097937026,0.3706003326840541,0.37049697067227566,0.031443283792394944,0.16558441558441558,0.0,,10000,10000,0
2020-08-20 00:00:00-04:00,0.3620325944439938,0.37132684255168097,0.36999704414428697,0.3791346121859495,0.030594044361817795,0.0,0.0,,10000,10000,0
2020-08-21 00:00:00-04:00,0.3695100190615444,0.3734896696760044,0.37698764766459136,0.37637346105003244,0.042775720874281546,0.0,0.0,,10000,10000,0
2020-08-24 00:00:00-04:00,0.37111960865094973,0.3722265233766985,0.37624233558173464,0.3775592642735266,0.028594303037440667,0.0,0.0,,10000,10000,0
2020-08-25 00:00:00-04:00,0.36819452263164604,0.3741124964362897,0.3774311605308472,0.38247996721419414,0.0254181659688033,0.0,0.0,,10000,10000,0
2020-08-26 00:00:00-04:00,0.37646804471601114,0.3835939958151597,0.384989420553102,0.3907636186188102,0.04718096147415663,0.0,0.0,,10000,10000,0
2020-08-27 00:00:00-04:00,0.3851396048818499,0.3992695760380839,0.3886087992035715,0.4003747541463427,0.07084215739675584,0.0,0.0,,10000,10000,0
2020-08-28 00:00:00-04:00,0.394295891858842,0.3983871995839691,0.4013479129434241,0.40449891569978086,0.029688942563496457,0.0,0.0,,10000,10000,0
2020-08-31 00:00:00-04:00,0.392253475970329,0.3950305914012604,0.3973203615406004,0.39851624243194,0.03295038475370085,0.0,0.0,,10000,10000,0
2020-09-01 00:00:00-04:00,0.38967456037359227,0.39286792034621887,0.3975333481242901,0.4015961685202407,0.028943147093895043,0.0,0.0,,10000,10000,0
2020-09-02 00:00:00-04:00,0.39393249734793045,0.4022283302397048,0.4027141636149308,0.40934882061863687,0.03992542571067448,0.0,0.0,,10000,10000,0
2020-09-03 00:00:00-04:00,0.39618267548898706,0.3960861438055274,0.3807313055167593,0.38394913223653293,0.07189118694255929,0.0,0.0,,10000,10000,0
2020-09-04 00:00:00-04:00,0.3716562502304645,0.3771403502662903,0.36339686592215004,0.3785505214346876,0.07355233659797393,0.0,0.0,,10000,10000,0
2020-09-08 00:00:00-04:00,0.3567707734322582,0.36272772242879187,0.35809184488137874,0.35803600969864663,0.06469348515980056,0.0,0.0,,10000,10000,0
2020-09-09 00:00:00-04:00,0.358674791996692,0.37105006102639604,0.36607600634568005,0.373311298109034,0.055170200147634386,0.0,0.0,,10000,10000,0
2020-09-10 00:00:00-04:00,0.36871370731993397,0.3708769671121375,0.3614806291235096,0.36283271003139494,0.041740229737601976,0.0,0.0,,10000,10000,0
2020-09-11 00:00:00-04:00,0.3579824396839585,0.36030551175879677,0.35638864923774105,0.360460990443341,0.03931987764432733,0.0,0.0,,10000,10000,0
2020-09-14 00:00:00-04:00,0.35285900511103957,0.3612916283405703,0.3613386966921758,0.3629035363384729,0.03505554165203292,0.0,0.0,,10000,10000,0
2020-09-15 00:00:00-04:00,0.36009405707180897,0.3622951951615408,0.3664840431031697,0.3688685313148107,0.02381485029411208,0.0,0.0,,10000,10000,0
2020-09-16 00:00:00-04:00,0.363901966096593,0.363800473636291,0.36242104089292143,0.3622663824274353,0.02973520974807518,0.0,0.0,,10000,10000,0
2020-09-17 00:00:00-04:00,0.3456066828292794,0.3528655501898304,0.3541175426236442,0.3584785044062854,0.039834074309304544,0.0,0.0,,10000,10000,0
2020-09-18 00:00:00-04:00,0.35036659846910273,0.35168903115295974,0.3475351134151233,0.3540180876058254,0.06771793946990426,0.0,0.0,,10000,10000,0
2020-09-21 00:00:00-04:00,0.3406564120614193,0.3500626342634482,0.34776574786545833,0.35782358734794556,0.04749497370131168,0.0,0.0,,10000,10000,0
2020-09-22 00:00:00-04:00,0.35427835232376725,0.3593884704021528,0.35787897474574376,0.3664613137174186,0.039184493553088444,0.0,0.0,,10000,10000,0
2020-09-23 00:00:00-04:00,0.3591940211469256,0.3593884853097795,0.3542417802885108,0.35437210600014957,0.03561810855543335,0.0,0.0,,10000,10000,0
2020-09-24 00:00:00-04:00,0.3452604718015664,0.35501096943219157,0.3527690546701042,0.35897406227369993,0.036142163285306596,0.0,0.0,,10000,10000,0
2020-09-25 00:00:00-04:00,0.35166476676404745,0.36101485436697744,0.35869512590870406,0.36716935050606697,0.033821969131375675,0.0,0.0,,10000,10000,0
2020-09-28 00:00:00-04:00,0.3643520194703174,0.3671225019349445,0.36848896940976966,0.3700367693878674,0.03719684478831712,0.0,0.0,,10000,10000,0
2020-09-29 00:00:00-04:00,0.3617037166570475,0.36279690945729237,0.3662710817625676,0.36617803677437316,0.026966802243537844,0.0,0.0,,10000,10000,0
2020-09-30 00:00:00-04:00,0.35889972493458405,0.3661016101592317,0.3657920575923822,0.3716120324444911,0.03959458905276352,0.0,0.0,,10000,10000,0
2020-10-01 00:00:00-04:00,0.3688695006203444,0.3695793088127246,0.37427294573508096,0.37538214731833863,0.030826563252498957,0.0,0.0,,10000,10000,0
2020-10-02 00:00:00-04:00,0.3593671004273597,0.36438875894108547,0.3640178467416789,0.3642841967622306,0.03870828329817729,0.0,0.0,,10000,10000,0
2020-10-05 00:00:00-04:00,0.3580170456094107,0.36338525588646925,0.3665727841082593,0.3717005936136049,0.023167766914336307,0.0,0.0,,10000,10000,0
2020-10-06 00:00:00-04:00,0.36078638377996397,0.36298723075633915,0.362740374851538,0.36378855403901694,0.03266134629094909,0.0,0.0,,10000,10000,0
2020-10-07 00:00:00-04:00,0.35774003905978535,0.36286612658676015,0.3661114269131696,0.37072701474394704,0.028884787349710516,0.0,0.0,,10000,10000,0
2020-10-08 00:00:00-04:00,0.3637115488663801,0.3647347782213708,0.36895025808376775,0.3720545554373963,0.021319971230223406,0.0,0.0,,10000,10000,0
2020-10-09 00:00:00-04:00,0.36495781969589225,0.37281487832128074,0.3741133384772045,0.3813117857116703,0.02990595143207452,0.0,0.0,,10000,10000,0
2020-10-12 00:00:00-04:00,0.37804318555877964,0.38665654032520347,0.38401365390533565,0.3912061981822482,0.048312141560760385,0.0,0.0,,10000,10000,0
2020-10-13 00:00:00-04:00,0.3848454387269302,0.3889922613857146,0.3904363486797208,0.39379036840626963,0.03318250932178617,0.0,0.0,,10000,10000,0
2020-10-14 00:00:00-04:00,0.38533012731567073,0.3872793973541355,0.3881298995206162,0.39025038245989263,0.02591501243956349,0.0,0.0,,10000,10000,0
2020-10-15 00:00:00-04:00,0.3751179618332059,0.3806007391238902,0.38259416859058404,0.3881263003792139,0.02500991064124215,0.0,0.0,,10000,10000,0
2020-10-16 00:00:00-04:00,0.3803970823906464,0.3839400219210882,0.3884669441292204,0.3881263003792139,0.02938005653008734,0.0,0.0,,10000,10000,0
2020-10-19 00:00:00-04:00,0.38086448021973657,0.38395739790731354,0.3785312144094198,0.37849745827491194,0.03144091785681989,0.0,0.0,,10000,10000,0
2020-10-20 00:00:00-04:00,0.3728678912579433,0.37542747803864895,0.3774134362206308,0.37925855822333593,0.025036724577759364,0.0,0.0,,10000,10000,0
2020-10-21 00:00:00-04:00,0.36822906832705204,0.37464880223867886,0.3774665720197455,0.3795239871632799,0.02499913249028915,0.0,0.0,,10000,10000,0
2020-10-22 00:00:00-04:00,0.36963110045470476,0.37316086030177004,0.3749471821587294,0.3796833180689389,0.02450833229933186,0.0,0.0,,10000,10000,0
2020-10-23 00:00:00-04:00,0.37153510686711727,0.37354155080507345,0.3775376364038022,0.3820551790833248,0.01994483689765909,0.0,0.0,,10000,10000,0
2020-10-26 00:00:00-04:00,0.36949265305559986,0.3736453142103631,0.368559912919596,0.37116953773685224,0.04390913545559508,0.0,0.0,,10000,10000,0
2020-10-27 00:00:00-04:00,0.3655809028454499,0.3707558996834362,0.3725164976620996,0.3767805143188659,0.043368519176696485,0.0,0.0,,10000,10000,0
2020-10-28 00:00:00-04:00,0.35879588762475917,0.36066877834495126,0.35791444053413507,0.35807139456691917,0.062421266921697,0.0,0.0,,10000,10000,0
2020-10-29 00:00:00-04:00,0.3525647756295429,0.3581080726100295,0.360167703073951,0.36168223510564057,0.03644460871631697,0.0,0.0,,10000,10000,0
2020-10-30 00:00:00-04:00,0.3515782264704458,0.35279638831793286,0.3535143397999852,0.3576997544516247,0.043701590329317204,0.0,0.0,,10000,10000,0
2020-11-02 00:00:00-05:00,0.3529455935337604,0.35450929515153934,0.35440145692494057,0.35745194723265106,0.03566858184770105,0.0,0.0,,10000,10000,0
2020-11-03 00:00:00-05:00,0.35225318553109536,0.35942299794375804,0.3597241207897805,0.3647089283225672,0.03129133815213071,0.0,0.0,,10000,10000,0
2020-11-04 00:00:00-05:00,0.3697868973590595,0.37707113922148616,0.3762246400102202,0.3823383428853046,0.05074432333191027,0.0,0.0,,10000,10000,0
2020-11-05 00:00:00-05:00,0.38366849627845706,0.3871063787333653,0.39171386927510793,0.39455152492522644,0.04255332293022699,0.0,0.0,,10000,10000,0
2020-11-06 00:00:00-05:00,0.384049267952729,0.3875216162448698,0.3861782094933463,0.3953126248736505,0.02829435498287063,0.0,0.0,,10000,10000,0
2020-11-09 00:00:00-05:00,0.387822442192296,0.3940270478912788,0.3859119558683827,0.3858783005464152,0.0534824994374331,0.0,0.0,,10000,10000,0
2020-11-10 00:00:00-05:00,0.3706176636849324,0.3739221111552606,0.37143414020807985,0.37281559881528753,0.05302258784981673,0.0,0.0,,10000,10000,0
2020-11-11 00:00:00-05:00,0.3669655606100523,0.3765866406564347,0.37583428695474846,0.38262153497255086,0.03382656956166049,0.0,0.0,,10000,10000,0
2020-11-12 00:00:00-05:00,0.3753084009184055,0.37843802610307836,0.37984415290523593,0.38065686865333037,0.02351253630396699,0.0,0.0,,10000,10000,0
2020-11-13 00:00:00-05:00,0.37383717372344205,0.3755139950878804,0.37931189379607577,0.3825507935212721,0.019605062260909065,0.0,0.0,,10000,10000,0
2020-11-16 00:00:00-05:00,0.3712581244852398,0.37606762401760246,0.37995057347296884,0.3838251579138801,0.02792816073219923,0.0,0.0,,10000,10000,0
2020-11-17 00:00:00-05:00,0.37338712575246225,0.3759638064999514,0.37916991816932716,0.37892224640578126,0.02687768533687768,0.0,0.0,,10000,10000,0
2020-11-18 00:00:00-05:00,0.3701146477734632,0.3725956823281561,0.3745608231599116,0.37391773422075586,0.03242278112046503,0.18181818181818182,0.0,,10000,10000,0
2020-11-19 00:00:00-05:00,0.36617528698056107,0.3688833237610617,0.37278190503699893,0.37629573313795167,0.027717066702558784,0.0,0.0,,10000,10000,0
2020-11-20 00:00:00-05:00,0.36759828660021454,0.36933433248804204,0.3729064275157932,0.372693180182287,0.02515449559305067,0.0,0.0,,10000,10000,0
2020-11-23 00:00:00-05:00,0.3654290800180382,0.36759963850554245,0.3696333161905729,0.37219632119261786,0.028887941930477248,0.0,0.0,,10000,10000,0
2020-11-24 00:00:00-05:00,0.3630688704311175,0.37099966152831626,0.37087846539703595,0.37885119381657206,0.03979253899587592,0.0,0.0,,10000,10000,0
2020-11-25 00:00:00-05:00,0.372648325804727,0.3728038276049313,0.37728253647885096,0.37886898524914076,0.02274886487668744,0.0,0.0,,10000,10000,0
2020-11-27 00:00:00-05:00,0.37219715779273627,0.3745039127947709,0.3800931863988919,0.38128253874620754,0.01420428854739968,0.0,0.0,,10000,10000,0
2020-11-30 00:00:00-05:00,0.3708955558152736,0.3718843924083972,0.37440068694292633,0.3792239087719899,0.038589986519424864,0.0,0.0,,10000,10000,0
2020-12-01 00:00:00-05:00,0.3716070731846322,0.3763253601723842,0.37886574471731466,0.3830216866363815,0.035750469506770785,0.0,0.0,,10000,10000,0
2020-12-02 00:00:00-05:00,0.3722491974766468,0.37311609938580964,0.3778873586465362,0.3815309682410421,0.026313015379632765,0.0,0.0,,10000,10000,0
2020-12-03 00:00:00-05:00,0.37178057447973867,0.3746946557871267,0.37939934014821025,0.37952557113819857,0.028148455622409304,0.0,0.0,,10000,10000,0
2020-12-04 00:00:00-05:00,0.3711038082170757,0.37295995912892665,0.3785632979027725,0.3797385591942277,0.027550531126248428,0.0,0.0,,10000,10000,0
2020-12-07 00:00:00-05:00,0.3713640890974073,0.37323747829648435,0.3782253129586607,0.37961430201891083,0.027490068328219406,0.0,0.0,,10000,10000,0
2020-12-08 00:00:00-05:00,0.37066991539259175,0.375683434895787,0.37804738728036497,0.38266667825773315,0.025734149808937557,0.0,0.0,,10000,10000,0
2020-12-09 00:00:00-05:00,0.3727350665722039,0.3726997133383415,0.375058888407777,0.3751954362747997,0.03776953263834414,0.0,0.0,,10000,10000,0
2020-12-10 00:00:00-05:00,0.3668521155838771,0.3689700904985407,0.3735468671609372,0.3729239313856184,0.03026780813419166,0.0,0.0,,10000,10000,0
2020-12-11 00:00:00-05:00,0.36386719474451656,0.3693864013709674,0.3713232184445423,0.37778642324802464,0.03584891871486586,0.0,0.0,,10000,10000,0
2020-12-14 00:00:00-05:00,0.3691601113155148,0.3743997313037727,0.37802959099943884,0.3794545468342558,0.03298219344309873,0.0,0.0,,10000,10000,0
2020-12-15 00:00:00-05:00,0.37275246424030134,0.3730293704210559,0.3768911973582124,0.37933043108527087,0.030619149567086366,0.0,0.0,,10000,10000,0
2020-12-16 00:00:00-05:00,0.37202355194917536,0.3811652316962465,0.38130278946223,0.3884698249397019,0.04116425586594294,0.0,0.0,,10000,10000,0
2020-12-17 00:00:00-05:00,0.3809087590544578,0.3825183023419057,0.3869952134811321,0.38871825443453645,0.03786837616903506,0.0,0.0,,10000,10000,0
2020-12-18 00:00:00-05:00,0.37868751595483846,0.380436690056382,0.38361539678967177,0.3872453557570322,0.07840355605374565,0.0,0.0,,10000,10000,0
2020-12-21 00:00:00-05:00,0.37688266555992495,0.3879133433209703,0.3858567399707551,0.39434391106981426,0.04400153838388725,0.0,0.0,,10000,10000,0
2020-12-22 00:00:00-05:00,0.385802635936375,0.3907409974424462,0.39398631141170626,0.39673972970484517,0.024850998635118055,0.0,0.0,,10000,10000,0
2020-12-23 00:00:00-05:00,0.38653150453899976,0.38715008853064076,0.39211847554133133,0.3915577557583952,0.01970824334015424,0.0,0.0,,10000,10000,0
2020-12-24 00:00:00-05:00,0.3835986506980062,0.38723680286824,0.3928299928843847,0.3946278668592534,0.008997127228448431,0.0,0.0,,10000,10000,0
2020-12-28 00:00:00-05:00,0.3888569736970121,0.39143492839381144,0.3960676584885723,0.39854993018422824,0.018701274871240528,0.0,0.0,,10000,10000,0
2020-12-29 00:00:00-05:00,0.3920847919095688,0.3934298399603206,0.3970638097920719,0.3971124163749966,0.018004243962658175,0.0,0.0,,10000,10000,0
2020-12-30 00:00:00-05:00,0.39021049821492515,0.3907409611328419,0.39331028770649096,0.3927289637844244,0.02177541382842025,0.0,0.0,,10000,10000,0
2020-12-31 00:00:00-05:00,0.3840846345555791,0.3861786887222157,0.39012614737546947,0.3940423052741384,0.022655804744068864,0.0,0.0,,10000,10000,0
2021-01-04 00:00:00-05:00,0.38552495064108866,0.38617862121824637,0.38146289042873943,0.38564814333367825,0.04393345201567196,0.0,0.0,,10000,10000,0
2021-01-05 00:00:00-05:00,0.3763794496597661,0.37840706950425607,0.3830461549514231,0.3860208582890961,0.02644248463193403,0.0,0.0,,10000,10000,0
2021-01-06 00:00:00-05:00,0.36754626405120905,0.37488554263617674,0.37635751783389143,0.375994070771743,0.04235695027749796,0.0,0.0,,10000,10000,0
2021-01-07 00:00:00-05:00,0.37079149267898065,0.379829565345283,0.37950620638973065,0.3867129987580249,0.031531217731267575,0.0,0.0,,10000,10000,0
2021-01-08 00:00:00-05:00,0.37884368559183423,0.3819805931291284,0.38541205676051254,0.3890732345279184,0.025303155211682884,0.0,0.0,,10000,10000,0
2021-01-11 00:00:00-05:00,0.37847921395933865,0.3790835361503931,0.38487833027580975,0.3852931915255627,0.02540186730150852,0.0,0.0,,10000,10000,0
2021-01-12 00:00:00-05:00,0.37506054117868165,0.3759437334176359,0.3788123973106955,0.38075012517666745,0.025688408387819953,0.0,0.0,,10000,10000,0
2021-01-13 00:00:00-05:00,0.3707566986101471,0.37535383924835897,0.37989742967618667,0.38325232469864734,0.021531985345920813,0.0,0.0,,10000,10000,0
2021-01-14 00:00:00-05:00,0.3740366616643369,0.37656823785661,0.3777806362069981,0.3773605602770319,0.03387914590777268,0.0,0.0,,10000,10000,0
2021-01-15 00:00:00-05:00,0.36988905901953156,0.3714507458993991,0.37651760878569923,0.37670391781744134,0.03685720159243237,0.0,0.0,,10000,10000,0
2021-01-19 00:00:00-05:00,0.3702881747978946,0.37573552450352393,0.3775849354616576,0.38342984303060473,0.0351936860014427,0.0,0.0,,10000,10000,0
2021-01-20 00:00:00-05:00,0.3771429892857949,0.3910185322597421,0.3858745443556022,0.39744957675054343,0.04478413729576719,0.0,0.0,,10000,10000,0
2021-01-21 00:00:00-05:00,0.389290848943201,0.39190334018674655,0.3950003392153167,0.3985676933315306,0.03549402837860858,0.0,0.0,,10000,10000,0
2021-01-22 00:00:00-05:00,0.3934210460095896,0.39844323938615167,0.40101293977788616,0.40030678465117164,0.03478858525464828,0.0,0.0,,10000,10000,0
2021-01-25 00:00:00-05:00,0.3969612017656163,0.39794010729102586,0.3982022448816953,0.40665999490891724,0.03870473439481471,0.0,0.0,,10000,10000,0
2021-01-26 00:00:00-05:00,0.401716269136145,0.40557299820792747,0.40862661443356846,0.41162909394040365,0.05975827499111461,0.0,0.0,,10000,10000,0
2021-01-27 00:00:00-05:00,0.41237155493960725,0.41643239912827096,0.4087332879052052,0.41264057506704416,0.08696784851282548,0.0,0.0,,10000,10000,0
2021-01-28 00:00:00-05:00,0.40822402912846595,0.42024888583088194,0.4175388663623075,0.4233417964765565,0.059681513525790805,0.0,0.0,,10000,10000,0
2021-01-29 00:00:00-05:00,0.408883469102389,0.41223439868453154,0.4108858116952194,0.4109724797660794,0.050995769707191815,0.0,0.0,,10000,10000,0
2021-02-01 00:00:00-05:00,0.4072695619489067,0.42000603120070246,0.4128070169626373,0.4246195551011331,0.038917800037434364,0.0,0.0,,10000,10000,0
2021-02-02 00:00:00-05:00,0.4180983916736959,0.41967636381638396,0.42394282784656173,0.42437104075049936,0.02919393626485019,0.0,0.0,,10000,10000,0
2021-02-03 00:00:00-05:00,0.4150961579886144,0.42449892126876626,0.4249567783413799,0.430564580679389,0.03082616892990311,0.0,0.0,,10000,10000,0
2021-02-04 00:00:00-05:00,0.42045856179846036,0.42128970913616764,0.42693137983484736,0.4288076979271792,0.02837874001838069,0.0,0.0,,10000,10000,0
2021-02-05 00:00:00-05:00,0.41971232748775916,0.42135908741795985,0.4270203303461016,0.4291448865879925,0.01886071264082574,0.0,0.0,,10000,10000,0
2021-02-08 00:00:00-05:00,0.42130887946575907,0.42205295990674446,0.42771408566624286,0.4296240390008921,0.02432484085140032,0.0,0.0,,10000,10000,0
2021-02-09 00:00:00-05:00,0.4190875519014693,0.4239264559821897,0.42872804548301413,0.4319310701846779,0.02610336719951041,0.0,0.0,,10000,10000,0
2021-02-10 00:00:00-05:00,0.4245193257037792,0.4259387250432449,0.4278563495097884,0.4302451268806117,0.02429171775334964,0.0,0.0,,10000,10000,0
2021-02-11 00:00:00-05:00,0.4241376006121272,0.4246030365269545,0.4300978072904597,0.4332088570945209,0.015832709427359468,0.0,0.0,,10000,10000,0
2021-02-12 00:00:00-05:00,0.42266243025613137,0.4248631906851787,0.4311294942308591,0.4340961093311109,0.016897380436131305,0.0,0.0,,10000,10000,0
2021-02-16 00:00:00-05:00,0.4245713967648371,0.42630304226284615,0.43146750667914,0.431806813009361,0.0302614989726582,0.0,0.0,,10000,10000,0
2021-02-17 00:00:00-05:00,0.4190976390151965,0.4241219429973001,0.4289324804121423,0.4336922805826477,0.023590875059674152,0.18181818181818182,0.0,,10000,10000,0
2021-02-18 00:00:00-05:00,0.4199325510459163,0.42346122717771834,0.42878984837681894,0.4329630015589292,0.017376482390078635,0.0,0.0,,10000,10000,0
2021-02-19 00:00:00-05:00,0.42332434213409714,0.4233395066540744,0.42757737905798987,0.42794694898521063,0.028334707328511736,0.0,0.0,,10000,10000,0
2021-02-22 00:00:00-05:00,0.4123139716403915,0.41302882373377825,0.41370573690574386,0.41645628579033644,0.043035448024075766,0.0,0.0,,10000,10000,0
2021-02-23 00:00:00-05:00,0.3999816881744377,0.4076387943856974,0.4071621931458393,0.4142506855718787,0.03486219213920534,0.0,0.0,,10000,10000,0
2021-02-24 00:00:00-05:00,0.3994250795501414,0.40828212669371344,0.4076436180940273,0.4165274798058777,0.029750456888447716,0.0,0.0,,10000,10000,0
2021-02-25 00:00:00-05:00,0.40302567674646717,0.4072215380271112,0.4056467180635667,0.40663773440425655,0.04710393712710227,0.0,0.0,,10000,10000,0
2021-02-26 00:00:00-05:00,0.40206896285893223,0.4085777035212571,0.4086064154484323,0.4126676157817273,0.044839211018319704,0.0,0.0,,10000,10000,0
2021-03-01 00:00:00-05:00,0.40967009167395446,0.41222903000925976,0.41504298502763454,0.420778642205474,0.028415412019793942,0.0,0.0,,10000,10000,0
2021-03-02 00:00:00-05:00,0.41160083610091897,0.41193346443922413,0.41557790230563907,0.4153179169586034,0.025114274688274846,0.0,0.0,,10000,10000,0
2021-03-03 00:00:00-05:00,0.4031646920498303,0.4054652896262284,0.4045411070318447,0.4040939838259278,0.03985799654678559,0.0,0.0,,10000,10000,0
2021-03-04 00:00:00-05:00,0.3937372401197698,0.4035701438304655,0.39919220737456923,0.40261769091645494,0.05391993463708652,0.0,0.0,,10000,10000,0
2021-03-05 00:00:00-05:00,0.3985727827602301,0.4049263795681013,0.4031148303753602,0.41128019517929876,0.05016729793332899,0.0,0.0,,10000,10000,0
2021-03-08 00:00:00-05:00,0.4017907091377682,0.4051002993794911,0.40430949154352475,0.4037917557543911,0.04148510301809258,0.0,0.0,,10000,10000,0
2021-03-09 00:00:00-05:00,0.40441719501576134,0.40859514692889143,0.41240422777364694,0.41515787892128425,0.038610622735273895,0.0,0.0,,10000,10000,0
2021-03-10 00:00:00-05:00,0.41158336909486726,0.41141175749322956,0.41306380000230164,0.4127386683709365,0.03422877860941874,0.0,0.0,,10000,10000,0
2021-03-11 00:00:00-05:00,0.4080351533163797,0.4151849374249474,0.41711132921812805,0.4211166794242794,0.03444013552078974,0.0,0.0,,10000,10000,0
2021-03-12 00:00:00-05:00,0.4063826405566179,0.40936013956314377,0.41518563101588124,0.418661942579327,0.024905546594209453,0.0,0.0,,10000,10000,0
2021-03-15 00:00:00-04:00,0.40803507860846683,0.4082647230096994,0.412653783451486,0.416989915626332,0.029349825131072833,0.0,0.0,,10000,10000,0
2021-03-16 00:00:00-04:00,0.41033109060696105,0.41673235547833704,0.42001755713912153,0.42214829966060025,0.03205395805248802,0.0,0.0,,10000,10000,0
2021-03-17 00:00:00-04:00,0.4101049956051769,0.4141069175497284,0.4151856832796434,0.42095655653116104,0.0339860073312457,0.0,0.0,,10000,10000,0
2021-03-18 00:00:00-04:00,0.4038605230446834,0.4065260003167901,0.410014976663118,0.40971488853644955,0.040914123899314196,0.0,0.0,,10000,10000,0
2021-03-19 00:00:00-04:00,0.4011819336079773,0.40353544934324515,0.4082677240157836,0.4090568318135387,0.05615824113194771,0.0,0.0,,10000,10000,0
2021-03-22 00:00:00-04:00,0.399877324023058,0.41123794719312,0.40967620767553137,0.4190888521051767,0.0347285167792151,0.0,0.0,,10000,10000,0
2021-03-23 00:00:00-04:00,0.412435754597679,0.4184536924538956,0.42203232651730416,0.4219170393224735,0.036715114017064183,0.0,0.0,,10000,10000,0
2021-03-24 00:00:00-04:00,0.41306189219620476,0.41315051465497465,0.41891205169111884,0.41814607589063374,0.028804608421889425,0.0,0.0,,10000,10000,0
2021-03-25 00:00:00-04:00,0.40862648725471973,0.4113075216916705,0.4122259048421787,0.41259645005145246,0.039900583387136465,0.0,0.0,,10000,10000,0
2021-03-26 00:00:00-04:00,0.4021037368034156,0.41090760030391166,0.412190216531329,0.419960406018912,0.0286203283287662,0.0,0.0,,10000,10000,0
2021-03-29 00:00:00-04:00,0.41087029187141744,0.4110640976895165,0.41277862387497993,0.41775480580045427,0.028288571584798288,0.0,0.0,,10000,10000,0
2021-03-30 00:00:00-04:00,0.4055477617880274,0.40593486230221526,0.411387909065391,0.4117248961377171,0.027716146616501822,0.0,0.0,,10000,10000,0
2021-03-31 00:00:00-04:00,0.4044693501989383,0.41506320083186155,0.4136879562303271,0.41869755372973083,0.052468433161794246,0.0,0.0,,10000,10000,0
2021-04-01 00:00:00-04:00,0.41414035272450644,0.4215660065492094,0.4237796457421187,0.4304016292596302,0.035005857004956904,0.0,0.0,,10000,10000,0
2021-04-05 00:00:00-04:00,0.42160234507399785,0.4339457843450246,0.43207052924183453,0.44235475656022505,0.043644939316381325,0.0,0.0,,10000,10000,0
2021-04-06 00:00:00-04:00,0.43003847808268375,0.43297213203159085,0.4395234921419794,0.44020253063947345,0.02527121508141973,0.0,0.0,,10000,10000,0
2021-04-07 00:00:00-04:00,0.4303862854531691,0.43563232029392734,0.440076146297177,0.4438310777549643,0.024992429006159844,0.0,0.0,,10000,10000,0
2021-04-08 00:00:00-04:00,0.4390136814892655,0.44121364274544805,0.4486522999997848,0.449789849972693,0.026182494600409254,0.0,0.0,,10000,10000,0
2021-04-09 00:00:00-04:00,0.43918759987501205,0.444430298774184,0.4494368136842793,0.45441457588569933,0.02710468371121706,0.0,0.0,,10000,10000,0
2021-04-12 00:00:00-04:00,0.44238810629824066,0.44735137937902497,0.4533237141395157,0.45452129619584514,0.03081381348856675,0.0,0.0,,10000,10000,0
2021-04-13 00:00:00-04:00,0.446823560920581,0.4499942231756979,0.45726409483398045,0.4591104109584476,0.026461543557399703,0.0,0.0,,10000,10000,0
2021-04-14 00:00:00-04:00,0.4472062611522142,0.44936828424689157,0.45428656770924375,0.45395211177997863,0.02545391788415959,0.0,0.0,,10000,10000,0
2021-04-15 00:00:00-04:00,0.44798903098603665,0.45128097266575856,0.45886893530446715,0.46090706279522276,0.028814335045920184,0.0,0.0,,10000,10000,0
2021-04-16 00:00:00-04:00,0.4506676131908471,0.45314132558835746,0.4586370355488484,0.46311257815788126,0.02782997440583471,0.0,0.0,,10000,10000,0
2021-04-19 00:00:00-04:00,0.4519200735528105,0.45397602972602397,0.4590293906834541,0.45955519677266526,0.025635832041707763,0.0,0.0,,10000,10000,0
2021-04-20 00:00:00-04:00,0.44779763087501956,0.45175037087557196,0.45728195568549007,0.45870134943569946,0.021053277714569326,0.0,0.0,,10000,10000,0
2021-04-21 00:00:00-04:00,0.44974576208802197,0.45258494527330045,0.4580130053186263,0.46282800009258124,0.026715092986525735,0.0,0.0,,10000,10000,0
2021-04-22 00:00:00-04:00,0.451954761184095,0.45449754600691256,0.4551423808300273,0.45676253584997306,0.02878633814161544,0.0,0.0,,10000,10000,0
2021-04-23 00:00:00-04:00,0.4479021362003888,0.45402825092132393,0.45804877654928905,0.4638420268931982,0.02333995444785373,0.0,0.0,,10000,10000,0
2021-04-26 00:00:00-04:00,0.45447693964140007,0.45564514942471623,0.4632193761089383,0.4645534013432823,0.021106379824142638,0.0,0.0,,10000,10000,0
2021-04-27 00:00:00-04:00,0.4543377628049276,0.45694920158520597,0.4631301986195904,0.4653005000848359,0.03589466013598347,0.0,0.0,,10000,10000,0
2021-04-28 00:00:00-04:00,0.44477104370435855,0.44538660788014445,0.4503461299150464,0.4521199902191317,0.056779167779532666,0.0,0.0,,10000,10000,0
2021-04-29 00:00:00-04:00,0.44369267829759823,0.4446215866317453,0.44330335806912236,0.4484735951005393,0.04847986010485827,0.0,0.0,,10000,10000,0
2021-04-30 00:00:00-04:00,0.4337432949473039,0.43937056962227145,0.4443731165964583,0.44788656268157123,0.03580383449807466,0.0,0.0,,10000,10000,0
2021-05-03 00:00:00-04:00,0.44010948412591466,0.4415787898618961,0.4470832642583323,0.44731740655097113,0.02092670016130423,0.0,0.0,,10000,10000,0
2021-05-04 00:00:00-04:00,0.43588283075282286,0.43611924117533907,0.43752651184744534,0.4400779906114925,0.038184228568304036,0.0,0.0,,10000,10000,0
2021-05-05 00:00:00-04:00,0.43256054200236704,0.4331459622862066,0.43763347522145934,0.4377300306472187,0.023916585523839167,0.0,0.0,,10000,10000,0
2021-05-06 00:00:00-04:00,0.4280207474081284,0.4337719330641186,0.43561871724381995,0.4435287365423619,0.02994945835848235,0.0,0.0,,10000,10000,0
2021-05-07 00:00:00-04:00,0.4379352740754432,0.44149188146175494,0.44717245292433827,0.4483846945082286,0.03066160496657196,0.0,0.0,,10000,10000,0
2021-05-10 00:00:00-04:00,0.4357088334213277,0.437023314462748,0.43995132889552946,0.43899291122166634,0.0336413693824803,0.0,0.0,,10000,10000,0
2021-05-11 00:00:00-04:00,0.4247158518303764,0.42810362530305957,0.4318387344299826,0.43730309283610264,0.03934813743036263,0.0,0.0,,10000,10000,0
2021-05-12 00:00:00-04:00,0.42057609260787265,0.42424365078876836,0.4238152980924241,0.4244428287566351,0.04334762007911689,0.0,0.0,,10000,10000,0
2021-05-13 00:00:00-04:00,0.4199325726590514,0.4263649518852678,0.4297883393361279,0.43161119210690446,0.03406776354945016,0.0,0.0,,10000,10000,0
2021-05-14 00:00:00-04:00,0.4265074967998804,0.4325895972199844,0.4370451277222186,0.44071834075763383,0.026545139947718083,0.0,0.0,,10000,10000,0
2021-05-17 00:00:00-04:00,0.42819470123666625,0.4280862813637468,0.4335326284089206,0.43543547326591747,0.027950374238431625,0.0,0.0,,10000,10000,0
2021-05-18 00:00:00-04:00,0.42770762795552664,0.4277732777689613,0.4324271120162511,0.4317000926992152,0.021638321005932715,0.0,0.0,,10000,10000,0
2021-05-19 00:00:00-04:00,0.4165625949519225,0.4232206383230842,0.4257426173097372,0.4327697849041171,0.02896194313763015,0.18181818181818182,0.0,,10000,10000,0
2021-05-20 00:00:00-04:00,0.42466950281854393,0.4314464280380733,0.43514281042925296,0.43876018004968653,0.023784356013367012,0.0,0.0,,10000,10000,0
2021-05-21 00:00:00-04:00,0.43096314360436677,0.43210860507899457,0.4367153961135614,0.4364245807468317,0.023866375113302026,0.0,0.0,,10000,10000,0
2021-05-24 00:00:00-04:00,0.431346713978566,0.4370406211200655,0.4416657018801382,0.4464263923739492,0.023272788165695408,0.0,0.0,,10000,10000,0
2021-05-25 00:00:00-04:00,0.43828553092738803,0.43981160137206504,0.44758106427332944,0.4481022944084417,0.018400012408017682,0.0,0.0,,10000,10000,0
2021-05-26 00:00:00-04:00,0.4376927188453045,0.4401426949135606,0.4474559210282303,0.4476922146161029,0.018488472110351442,0.0,0.0,,10000,10000,0
2021-05-27 00:00:00-04:00,0.43723943787976743,0.4375982718995302,0.44477526008784735,0.4438055927299334,0.027235335931305848,0.0,0.0,,10000,10000,0
2021-05-28 00:00:00-04:00,0.436943113322115,0.4386439818073233,0.4453293113140184,0.44446528999829577,0.019143836264639884,0.0,0.0,,10000,10000,0
2021-06-01 00:00:00-04:00,0.4373440734868936,0.43726718131050585,0.44068283763124666,0.440400386077976,0.025641089676318982,0.0,0.0,,10000,10000,0
2021-06-02 00:00:00-04:00,0.4319395016008298,0.4337468418647107,0.4386812478727106,0.44022210404382567,0.020637661698552467,0.0,0.0,,10000,10000,0
2021-06-03 00:00:00-04:00,0.4268661665943156,0.42864058260017807,0.43360587403526474,0.43738738292998935,0.028393987158753225,0.0,0.0,,10000,10000,0
2021-06-04 00:00:00-04:00,0.4312944694442971,0.43789460566244476,0.4416657588851112,0.4464442686623171,0.02835902388858862,0.0,0.0,,10000,10000,0
2021-06-07 00:00:00-04:00,0.4351648819776887,0.44214694632215173,0.4457761443873925,0.4518285105488288,0.025464827475977867,0.0,0.0,,10000,10000,0
2021-06-08 00:00:00-04:00,0.4441956751112286,0.4454929489435616,0.45060123009430575,0.4496177058413526,0.02464437359489715,0.0,0.0,,10000,10000,0
2021-06-09 00:00:00-04:00,0.44184209199354424,0.4446564447929467,0.4518522584227703,0.4514362221890587,0.01870666394671703,0.0,0.0,,10000,10000,0
2021-06-10 00:00:00-04:00,0.44267885535654294,0.4480198627834087,0.4526742434052274,0.4579435305781784,0.02741593568020122,0.0,0.0,,10000,10000,0
2021-06-11 00:00:00-04:00,0.4491295360367012,0.44981495372490393,0.45792837538526365,0.45910249108385426,0.02010269737686094,0.0,0.0,,10000,10000,0
2021-06-14 00:00:00-04:00,0.44897272276803996,0.45235948790109287,0.45826801884842006,0.46266827319319254,0.020300910201703895,0.0,0.0,,10000,10000,0
2021-06-15 00:00:00-04:00,0.4522327589862891,0.452429024645337,0.45984054326921947,0.45994032896003484,0.018839813543246146,0.0,0.0,,10000,10000,0
2021-06-16 00:00:00-04:00,0.45158770692992417,0.45345723926671405,0.4540145929775597,0.4581931763394683,0.030907530825511727,0.0,0.0,,10000,10000,0
2021-06-17 00:00:00-04:00,0.44578216955966876,0.45549627191204634,0.45685610797120524,0.4644687718261988,0.03136165901505577,0.0,0.0,,10000,10000,0
2021-06-18 00:00:00-04:00,0.4519887775707339,0.45645483032942913,0.4617528284074554,0.4618480570379822,0.044028220879539184,0.0,0.0,,10000,10000,0
2021-06-21 00:00:00-04:00,0.4523199837860752,0.4585809347928188,0.46026950822519874,0.46755313870132503,0.030218912132307322,0.0,0.0,,10000,10000,0
2021-06-22 00:00:00-04:00,0.45737582915363595,0.46253696363045094,0.46827566629453404,0.47268770654128034,0.02758746600939224,0.0,0.0,,10000,10000,0
2021-06-23 00:00:00-04:00,0.4630767837288639,0.4643494001607849,0.4719035071865998,0.4722598070311064,0.020784875467666598,0.0,0.0,,10000,10000,0
2021-06-24 00:00:00-04:00,0.46337319448824554,0.46612704158986806,0.47376211911087046,0.47479147980068026,0.023319318232004695,0.0,0.0,,10000,10000,0
2021-06-25 00:00:00-04:00,0.4634953420671071,0.4650814803283932,0.47249338784867995,0.4718142009441631,0.028792778744014185,0.0,0.0,,10000,10000,0
2021-06-28 00:00:00-04:00,0.463425586241292,0.4679569950054717,0.47454854334994245,0.4784107493487903,0.020878592804611577,0.0,0.0,,10000,10000,0
2021-06-29 00:00:00-04:00,0.4680979050625011,0.4727495337478779,0.4782478531279431,0.48318875312044496,0.021335744134057064,0.0,0.0,,10000,10000,0
2021-06-30 00:00:00-04:00,0.4712709114212941,0.47224410769822234,0.48114293944048675,0.482297314664427,0.023594818285632566,0.0,0.0,,10000,10000,0
2021-07-01 00:00:00-04:00,0.4693879862533013,0.4730806332508823,0.4811429279392146,0.4835453171887456,0.017113206336921843,0.0,0.0,,10000,10000,0
2021-07-02 00:00:00-04:00,0.4749843678538032,0.48381594323708993,0.48632551482498876,0.4943315075385384,0.02990595143207452,0.0,0.0,,10000,10000,0
2021-07-06 00:00:00-04:00,0.48406749962882406,0.48620346989298097,0.4895422561569586,0.4943493272563735,0.03661942506714,0.0,0.0,,10000,10000,0
2021-07-07 00:00:00-04:00,0.48645592380211083,0.48850386548056807,0.49463547492450644,0.498396326603059,0.025702472560404966,0.0,0.0,,10000,10000,0
2021-07-08 00:00:00-04:00,0.48209745872794557,0.4850881629828228,0.4905609415941282,0.49392148431673244,0.027488228156105483,0.0,0.0,,10000,10000,0
2021-07-09 00:00:00-04:00,0.48004020842087114,0.4839030176566111,0.4913651218816528,0.4948485056378878,0.02656564472270184,0.0,0.0,,10000,10000,0
2021-07-12 00:00:00-04:00,0.486037626096989,0.48690062082191504,0.493616917626099,0.4937432305678485,0.020013317588470216,0.0,0.0,,10000,10000,0
2021-07-13 00:00:00-04:00,0.4831784775059574,0.4922683790171876,0.495064596256726,0.5002685283864017,0.029461812748291797,0.0,0.0,,10000,10000,0
2021-07-14 00:00:00-04:00,0.49159904042075053,0.4936798532473988,0.5007116539259804,0.5029961331963625,0.025510174574499632,0.0,0.0,,10000,10000,0
2021-07-15 00:00:00-04:00,0.49098879244324656,0.4916756635469456,0.4994248920048191,0.5003574572639787,0.024840483365895616,0.0,0.0,,10000,10000,0
2021-07-16 00:00:00-04:00,0.49111080438448074,0.49444658169416905,0.4987636317669372,0.4998582223119317,0.02954948380543387,0.0,0.0,,10000,10000,0
2021-07-19 00:00:00-04:00,0.4856364950581548,0.48794615075478776,0.4898103010628824,0.4931904233212304,0.03842016492148249,0.0,0.0,,10000,10000,0
2021-07-20 00:00:00-04:00,0.48406751236968093,0.4889918855315954,0.4930450340667356,0.49730887125085477,0.029645304196223337,0.0,0.0,,10000,10000,0
2021-07-21 00:00:00-04:00,0.485584286773801,0.48995038944012803,0.49488576552916347,0.5010171828176075,0.027153974035697238,0.0,0.0,,10000,10000,0
2021-07-22 00:00:00-04:00,0.4941967470888695,0.4984898881785883,0.5058407329832618,0.5094679152908775,0.025865590674218033,0.0,0.0,,10000,10000,0
2021-07-23 00:00:00-04:00,0.5003509579616752,0.5047114192937082,0.5113449633414066,0.515761330495443,0.025055914944090315,0.0,0.0,,10000,10000,0
2021-07-26 00:00:00-04:00,0.5031927481251721,0.5041886386187027,0.5115952061100977,0.5146559422843381,0.025592193674434646,0.0,0.0,,10000,10000,0
2021-07-27 00:00:00-04:00,0.5039423540593184,0.5039968608801422,0.5050007359930523,0.5101809868569459,0.03929884710588245,0.0,0.0,,10000,10000,0
2021-07-28 00:00:00-04:00,0.5031753146163018,0.5049903041996838,0.5065734085600495,0.5096105296040913,0.03924995110399812,0.0,0.0,,10000,10000,0
2021-07-29 00:00:00-04:00,0.4983808071550027,0.5023237785837605,0.5105942653800322,0.5101095948445399,0.01900989802291908,0.0,0.0,,10000,10000,0
2021-07-30 00:00:00-04:00,0.49651553355860084,0.49890814986675286,0.5067164171757679,0.5072750151570357,0.022659353647431435,0.0,0.0,,10000,10000,0
2021-08-02 00:00:00-04:00,0.4985901037516441,0.499099785992622,0.5064125443935125,0.507114524555454,0.016511338614802553,0.0,0.0,,10000,10000,0
2021-08-03 00:00:00-04:00,0.49695133738609276,0.4999014781493665,0.5068772001214717,0.5112150396261776,0.01862963959966267,0.0,0.0,,10000,10000,0
2021-08-04 00:00:00-04:00,0.4983460983367081,0.50052889443567,0.5080388618111669,0.5101275842739734,0.016411312116324114,0.0,0.0,,10000,10000,0
2021-08-05 00:00:00-04:00,0.499496872784559,0.5040842273857226,0.5106303052814882,0.5154940347279164,0.013399870451883178,0.0,0.0,,10000,10000,0
2021-08-06 00:00:00-04:00,0.5023384687398624,0.5038574877755333,0.5133465086557334,0.5153868901387745,0.0169344467601404,0.0,0.0,,10000,10000,0
2021-08-09 00:00:00-04:00,0.504500315763531,0.5074301284163829,0.513686097865671,0.5133723003243493,0.016314440198612404,0.0,0.0,,10000,10000,0
2021-08-10 00:00:00-04:00,0.5028439819680469,0.5034217637757735,0.5090217071024272,0.5100026765375293,0.019599147421971445,0.0,0.0,,10000,10000,0
2021-08-11 00:00:00-04:00,0.5000720652385858,0.502393651428973,0.5102012506381687,0.5109120478524479,0.013473083013844402,0.0,0.0,,10000,10000,0
2021-08-12 00:00:00-04:00,0.4990608144656379,0.5046765468305813,0.511058982834285,0.5160108631156674,0.014268826012252392,0.0,0.0,,10000,10000,0
2021-08-13 00:00:00-04:00,0.5040294784626085,0.5097827081082291,0.5163487282174016,0.52143065958205,0.01911597080120042,0.0,0.0,,10000,10000,0
2021-08-16 00:00:00-04:00,0.5104975706790041,0.5131288549109702,0.5176354996683132,0.524550694178113,0.02471351149003468,0.0,0.0,,10000,10000,0
2021-08-17 00:00:00-04:00,0.5091029791540271,0.5107065302507564,0.5195299446685048,0.5218408525154544,0.021516475323817716,0.0,0.0,,10000,10000,0
2021-08-18 00:00:00-04:00,0.509467365966574,0.5141124647020426,0.5190753558111394,0.5186433728599749,0.02380052323979651,0.18181818181818182,0.0,,10000,10000,0
2021-08-19 00:00:00-04:00,0.5036159070210009,0.5187397333095899,0.5161570075395446,0.5294325048774737,0.034365082786714594,0.0,0.0,,10000,10000,0
2021-08-20 00:00:00-04:00,0.522882429416397,0.533354309244384,0.53302361718532,0.5429900856296221,0.048780333922889434,0.0,0.0,,10000,10000,0
2021-08-23 00:00:00-04:00,0.52904849150801,0.5325860708599355,0.5398097688707454,0.543508158569095,0.02513753972142949,0.0,0.0,,10000,10000,0
2021-08-24 00:00:00-04:00,0.5321402073172692,0.5330225808305075,0.5400783263394389,0.539882043986515,0.019019756087815115,0.0,0.0,,10000,10000,0
2021-08-25 00:00:00-04:00,0.5308824216876162,0.531171614266339,0.5372491930177172,0.5387923258129984,0.02142551824504363,0.0,0.0,,10000,10000,0
2021-08-26 00:00:00-04:00,0.5251007837900074,0.5274001680894301,0.5346172144928805,0.5335765226879281,0.01834980199748054,0.0,0.0,,10000,10000,0
2021-08-27 00:00:00-04:00,0.5216073471325547,0.5246763464416255,0.5308213148989008,0.5347019368676478,0.024842454978874825,0.0,0.0,,10000,10000,0
2021-08-30 00:00:00-04:00,0.5253277576472726,0.5305255555947737,0.5383950836901487,0.5416145731243501,0.016617411393083897,0.0,0.0,,10000,10000,0
2021-08-31 00:00:00-04:00,0.5310921323739206,0.5310145294617663,0.5391829938444314,0.5385601603463467,0.02967895305773514,0.0,0.0,,10000,10000,0
2021-09-01 00:00:00-04:00,0.5283846605309788,0.5322193503387597,0.5391650919086117,0.5384708354750399,0.020081798279281346,0.0,0.0,,10000,10000,0
2021-09-02 00:00:00-04:00,0.5272142746083399,0.5290238971381404,0.5368194111724365,0.5372560964240135,0.0165352608522836,0.0,0.0,,10000,10000,0
2021-09-03 00:00:00-04:00,0.5251007317386797,0.5276969730625786,0.5369627461724351,0.5372383332767112,0.014514094666865755,0.0,0.0,,10000,10000,0
2021-09-07 00:00:00-04:00,0.5251357810525099,0.5250604535851064,0.5332743484775786,0.5355235672861783,0.01771139371481328,0.0,0.0,,10000,10000,0
2021-09-08 00:00:00-04:00,0.5229871926409709,0.5242222468975268,0.5319671752363316,0.5355770830102164,0.014906971413189092,0.0,0.0,,10000,10000,0
2021-09-09 00:00:00-04:00,0.5248038289874358,0.526893805323151,0.5311256287836499,0.5302897747316745,0.021321548520606772,0.0,0.0,,10000,10000,0
2021-09-10 00:00:00-04:00,0.5206116977226023,0.523017557637545,0.5282250407537827,0.5275389760032616,0.020935638140143303,0.0,0.0,,10000,10000,0
2021-09-13 00:00:00-04:00,0.5190919831983698,0.5206079583691041,0.5258973255533039,0.5298253872278382,0.026218903720091946,0.0,0.0,,10000,10000,0
2021-09-14 00:00:00-04:00,0.5226028112978293,0.5255841463635886,0.5330951189498615,0.5348267880335591,0.02385362534936982,0.0,0.0,,10000,10000,0
2021-09-15 00:00:00-04:00,0.5290660141302531,0.5324464461041974,0.539756094112549,0.5438118857597511,0.03240109337769375,0.0,0.0,,10000,10000,0
2021-09-16 00:00:00-04:00,0.5299393267226464,0.5324289060692985,0.5378580776739607,0.544526315018607,0.02082706798542163,0.0,0.0,,10000,10000,0
2021-09-17 00:00:00-04:00,0.5306554247744182,0.5310145089855115,0.5356556347217736,0.5349697417699697,0.049509699284330785,0.0,0.0,,10000,10000,0
2021-09-20 00:00:00-04:00,0.5169608889477887,0.520922181144163,0.5177324715706906,0.5250202861709677,0.045443181794283485,0.0,0.0,,10000,10000,0
2021-09-21 00:00:00-04:00,0.5158431145469686,0.5188619356826518,0.5258795170129433,0.5259135348840356,0.0245248938483572,0.0,0.0,,10000,10000,0
2021-09-22 00:00:00-04:00,0.5176597783921663,0.5235414520913704,0.526667383555742,0.5326656239686236,0.030127166408341555,0.0,0.0,,10000,10000,0
2021-09-23 00:00:00-04:00,0.5213627881827666,0.5247286846619261,0.5320746625335571,0.5344160859653595,0.019583374518137787,0.0,0.0,,10000,10000,0
2021-09-24 00:00:00-04:00,0.5202796827384247,0.5228078540169095,0.531000203442884,0.5340408536212315,0.014844142679585025,0.0,0.0,,10000,10000,0
2021-09-27 00:00:00-04:00,0.5166291138250063,0.5169935564097696,0.5238561535039414,0.5247881772748488,0.0261121737374842,0.0,0.0,,10000,10000,0
2021-09-28 00:00:00-04:00,0.5055545619158891,0.5070582303434088,0.5056105688720417,0.5057643556488808,0.051893642257922735,0.0,0.0,,10000,10000,0
2021-09-29 00:00:00-04:00,0.4973448921741412,0.5000564438256141,0.5060761387983703,0.50662179521468,0.029768858609586984,0.0,0.0,,10000,10000,0
2021-09-30 00:00:00-04:00,0.4984104504890333,0.5019073533902232,0.5035873496964045,0.5029064689018589,0.037642034999022085,0.0,0.0,,10000,10000,0
2021-10-01 00:00:00-04:00,0.49213974203909017,0.5056615867199331,0.5029966153323574,0.5157319138183819,0.03467502034704595,0.0,0.0,,10000,10000,0
2021-10-04 00:00:00-04:00,0.5013625554708069,0.5017677859463183,0.5011344331639722,0.5050321632427226,0.03633695864765226,0.0,0.0,,10000,10000,0
2021-10-05 00:00:00-04:00,0.49551093604112295,0.5063948919707869,0.5079384120720752,0.5151245725781352,0.027980342755715575,0.0,0.0,,10000,10000,0
2021-10-06 00:00:00-04:00,0.4985327271488625,0.512034648362677,0.5105525137496332,0.5228946484006367,0.031936187037196716,0.0,0.0,,10000,10000,0
2021-10-07 00:00:00-04:00,0.5149521797799099,0.5172903967562112,0.5256108716615241,0.5260028031848095,0.02198335327729396,0.0,0.0,,10000,10000,0
2021-10-08 00:00:00-04:00,0.516768813340095,0.5172903967562112,0.5253243809169983,0.5260028031848095,0.018375564407075513,0.0,0.0,,10000,10000,0
2021-10-11 00:00:00-04:00,0.5110045548419543,0.5196126522631583,0.5235159226202507,0.5248953218639907,0.020495574123184274,0.0,0.0,,10000,10000,0
2021-10-12 00:00:00-04:00,0.5152316290936492,0.5151950408911392,0.5227996950438164,0.5224838331913715,0.0187546398625444,0.0,0.0,,10000,10000,0
2021-10-13 00:00:00-04:00,0.51448055594364,0.518407840102072,0.5248408825780753,0.5286107047473447,0.025907914632838345,0.0,0.0,,10000,10000,0
2021-10-14 00:00:00-04:00,0.5219915461607733,0.5288668426004904,0.532611751627763,0.5401142094531667,0.03096391895671705,0.0,0.0,,10000,10000,0
2021-10-15 00:00:00-04:00,0.5274588570674041,0.530927238187381,0.5374282500323154,0.5427221110157018,0.02849532806588447,0.0,0.0,,10000,10000,0
2021-10-18 00:00:00-04:00,0.5296073794248002,0.5374924699179437,0.5413137180405294,0.5482238216135932,0.02500491588836149,0.0,0.0,,10000,10000,0
2021-10-19 00:00:00-04:00,0.5379569285599172,0.5393957856212316,0.5494248939642957,0.5499030047389886,0.01837083253592542,0.0,0.0,,10000,10000,0
2021-10-20 00:00:00-04:00,0.5394590167609595,0.5400941705516237,0.5474372897913028,0.5484381673624098,0.016865834628463992,0.0,0.0,,10000,10000,0
2021-10-21 00:00:00-04:00,0.5358958483035015,0.5423991194416378,0.5478850850649365,0.5544223114641037,0.017366624325182597,0.0,0.0,,10000,10000,0
2021-10-22 00:00:00-04:00,0.5415376727448695,0.5425212167795133,0.5504633044407526,0.5515641418644177,0.018064838201552476,0.0,0.0,,10000,10000,0
2021-10-25 00:00:00-04:00,0.5397210959527236,0.5395703917559593,0.5480640635982054,0.5497243549963751,0.018203113991827533,0.0,0.0,,10000,10000,0
2021-10-26 00:00:00-04:00,0.5425857648500267,0.5448086114591797,0.5518957909315951,0.5532610881371155,0.03207380562314537,0.0,0.0,,10000,10000,0
2021-10-27 00:00:00-04:00,0.5513195261930087,0.5687299666401109,0.5651456920925106,0.5765897010277835,0.06425236961591928,0.0,0.0,,10000,10000,0
2021-10-28 00:00:00-04:00,0.5658697983343436,0.5665821454290659,0.5747427630374331,0.578697349368681,0.029695514606760478,0.0,0.0,,10000,10000,0
2021-10-29 00:00:00-04:00,0.5655205570754716,0.579031790506635,0.579290792346042,0.5916835111689169,0.04082605851957628,0.0,0.0,,10000,10000,0
2021-11-01 00:00:00-04:00,0.5781494331021946,0.5781411895193558,0.583713310786542,0.5876643445243739,0.030714575635279993,0.0,0.0,,10000,10000,0
2021-11-02 00:00:00-04:00,0.5763155196396701,0.5815636992209806,0.5902130830474681,0.5943808507438244,0.029944200723871137,0.0,0.0,,10000,10000,0
2021-11-03 00:00:00-04:00,0.5825864088795367,0.5840955529811604,0.5913769825542331,0.5959349564211772,0.023389244772333905,0.0,0.0,,10000,10000,0
2021-11-04 00:00:00-04:00,0.580822118414288,0.5869590412827931,0.5893356989223943,0.6002933199804483,0.026664882575988594,0.0,0.0,,10000,10000,0
2021-11-05 00:00:00-04:00,0.5906387235866135,0.5908876103881616,0.59812707360362,0.599614417016197,0.024795662030834976,0.0,0.0,,10000,10000,0
2021-11-08 00:00:00-05:00,0.5885252168296417,0.588897149591827,0.5981629631934017,0.6012757238532246,0.022596524913827368,0.0,0.0,,10000,10000,0
2021-11-09 00:00:00-05:00,0.5881931706836192,0.590765309111691,0.5983239416046177,0.5994178909852155,0.023135958224938434,0.0,0.0,,10000,10000,0
2021-11-10 00:00:00-05:00,0.5837566380600868,0.5836240139837314,0.5900698157693547,0.5902187869334037,0.028647930910475104,0.0,0.0,,10000,10000,0
2021-11-11 00:00:00-05:00,0.5779574368486937,0.5821223736326893,0.5911262372911082,0.593130415686595,0.017276850214196032,0.0,0.0,,10000,10000,0
2021-11-12 00:00:00-05:00,0.582621257471156,0.5881638316503891,0.5969991386190827,0.6007934600610204,0.02645299990115647,0.0,0.0,,10000,10000,0
2021-11-15 00:00:00-05:00,0.588944482979589,0.5892987777200192,0.5974288512877578,0.5996324064456305,0.017110183197020394,0.0,0.0,,10000,10000,0
2021-11-16 00:00:00-05:00,0.5856955691679425,0.5941704271873396,0.6000789178005465,0.6057772108605045,0.022583117945568762,0.0,0.0,,10000,10000,0
2021-11-17 00:00:00-05:00,0.5924730622780304,0.5979174942909278,0.6056444509440921,0.6061887049161635,0.020173281121516555,0.20129870129870128,0.0,,10000,10000,0
2021-11-18 00:00:00-05:00,0.591143090209217,0.5983723258670868,0.604065899275489,0.6100361799936286,0.024655546068445992,0.0,0.0,,10000,10000,0
2021-11-19 00:00:00-05:00,0.5989477907609212,0.6030078058199905,0.613178351894813,0.6133288112852944,0.02399821030117834,0.0,0.0,,10000,10000,0
2021-11-22 00:00:00-05:00,0.6024127584866358,0.6110021223054231,0.6084248473400882,0.6074592790830733,0.035916873642215866,0.0,0.0,,10000,10000,0
2021-11-23 00:00:00-05:00,0.589165608464871,0.5931244619730839,0.5976799321400723,0.6036117474350754,0.03512362802024821,0.0,0.0,,10000,10000,0
2021-11-24 00:00:00-05:00,0.5878181119881913,0.5908678223759855,0.5983077140685678,0.6040232980612672,0.02360112744716603,0.0,0.0,,10000,10000,0
2021-11-26 00:00:00-05:00,0.5844409270567512,0.5904656661270503,0.5879217826373,0.5892956689790122,0.026960624522869656,0.0,0.0,,10000,10000,0
2021-11-29 00:00:00-05:00,0.5854731330661257,0.5923896226307712,0.5997964836377846,0.6017326440467299,0.032673438850554896,0.0,0.0,,10000,10000,0
2021-11-30 00:00:00-05:00,0.5861382826103357,0.5902031918185625,0.5894822883953454,0.5909240517659443,0.05149853101688963,0.0,0.0,,10000,10000,0
2021-12-01 00:00:00-05:00,0.5858057564521876,0.592827072808941,0.5901998202836415,0.5900113427895899,0.03894855719990999,0.0,0.0,,10000,10000,0
2021-12-02 00:00:00-05:00,0.5773535887977529,0.5826988451140664,0.5873477219595535,0.588955623506292,0.03556842390835733,0.0,0.0,,10000,10000,0
2021-12-03 00:00:00-05:00,0.580310933660136,0.581316889586599,0.5698222299841922,0.5773594562677274,0.05004440072429175,0.0,0.0,,10000,10000,0
2021-12-06 00:00:00-05:00,0.566241448167814,0.572133220440317,0.5719748434165444,0.5830501690157366,0.034604436602390334,0.0,0.0,,10000,10000,0
2021-12-07 00:00:00-05:00,0.579698454260589,0.5867395599953976,0.5914733903278455,0.598672687356511,0.03590478108261006,0.0,0.0,,10000,10000,0
2021-12-08 00:00:00-05:00,0.5861206482608485,0.5862147270937399,0.5927289464396871,0.5987620687983507,0.027675399948264876,0.0,0.0,,10000,10000,0
2021-12-09 00:00:00-05:00,0.5845459637975824,0.5879467487718313,0.5950970367919901,0.5954159217826467,0.024327863991301768,0.0,0.0,,10000,10000,0
2021-12-10 00:00:00-05:00,0.5855432876652195,0.5993343933473644,0.599886351920122,0.6123089011492653,0.04520264501082022,0.0,0.0,,10000,10000,0
2021-12-13 00:00:00-05:00,0.5955179285718404,0.6007163263532853,0.6075817127404369,0.6066897501252606,0.03311494871703201,0.0,0.0,,10000,10000,0
2021-12-14 00:00:00-05:00,0.5824633606229624,0.5847104651076694,0.5807284980224429,0.5868975875226689,0.05353993909556067,0.0,0.0,,10000,10000,0
2021-12-15 00:00:00-05:00,0.5743961629979657,0.5856726203059601,0.581428181351541,0.5981895750063148,0.041634551281916475,0.0,0.0,,10000,10000,0
2021-12-16 00:00:00-05:00,0.5868207336161451,0.5884189500950551,0.5787732888914904,0.5807416387128314,0.04117937156545019,0.0,0.0,,10000,10000,0
2021-12-17 00:00:00-05:00,0.5608690874223733,0.5677075357634962,0.5684230770025116,0.5787731538826462,0.05789273479018883,0.0,0.0,,10000,10000,0
2021-12-20 00:00:00-05:00,0.5594166053280569,0.5639990276899702,0.5689971084824799,0.5718119235382602,0.03236192399984017,0.0,0.0,,10000,10000,0
2021-12-21 00:00:00-05:00,0.5650864179913414,0.5726229543517493,0.5729972077184472,0.585018597275389,0.027648586011747658,0.0,0.0,,10000,10000,0
2021-12-22 00:00:00-05:00,0.5738535798086535,0.5829086279818828,0.5836703275485542,0.5955946846663259,0.02776806575828761,0.0,0.0,,10000,10000,0
2021-12-23 00:00:00-05:00,0.5816409253107241,0.5877717388414739,0.5961911579219735,0.5982611367303192,0.020915133365159547,0.0,0.0,,10000,10000,0
2021-12-27 00:00:00-05:00,0.5863831673777921,0.5984247285265455,0.6010342958035793,0.6121477882718227,0.02134783669366287,0.0,0.0,,10000,10000,0
2021-12-28 00:00:00-05:00,0.5998403895023171,0.6007513891577784,0.6098061622552228,0.6100004839874256,0.015714938412068166,0.0,0.0,,10000,10000,0
2021-12-29 00:00:00-05:00,0.5966028224608123,0.601608357143334,0.6086579405076974,0.611253012154369,0.014900662251655629,0.0,0.0,,10000,10000,0
2021-12-30 00:00:00-05:00,0.5976703937612475,0.5995618124341658,0.6071153761724839,0.6065466266772516,0.01615263649345214,0.0,0.0,,10000,10000,0
2021-12-31 00:00:00-05:00,0.5917205192690456,0.5929669338046512,0.601787706616566,0.601177969972529,0.018789734573574288,0.0,0.0,,10000,10000,0
2022-01-03 00:00:00-05:00,0.5861907396382703,0.5905879951868449,0.590899367798166,0.5983684510310595,0.033069864500240805,0.0,0.0,,10000,10000,0
2022-01-04 00:00:00-05:00,0.5852808069230026,0.5856901169243098,0.5843341188236496,0.588096656536107,0.03807670994050461,0.0,0.0,,10000,10000,0
2022-01-05 00:00:00-05:00,0.5695837447392366,0.569719160682149,0.5661449366834599,0.5654948618509801,0.04777704579820358,0.0,0.0,,10000,10000,0
2022-01-06 00:00:00-05:00,0.5473419610877709,0.5568270000688459,0.558090722508347,0.5610210378342442,0.047240504186128685,0.0,0.0,,10000,10000,0
2022-01-07 00:00:00-05:00,0.5490919339149424,0.5529786007129709,0.5555794397051697,0.5613073978713277,0.03813677841593779,0.0,0.0,,10000,10000,0
2022-01-10 00:00:00-05:00,0.5409372356953701,0.549864941628369,0.5458929695344567,0.5617190050680523,0.053343829324562206,0.0,0.0,,10000,10000,0
2022-01-11 00:00:00-05:00,0.5477445719541142,0.5531710721817535,0.555220789187224,0.5629896358054949,0.033755591494409036,0.0,0.0,,10000,10000,0
2022-01-12 00:00:00-05:00,0.5587515876941549,0.5650660291956106,0.5681180232643412,0.5688769877255512,0.040308444392101773,0.0,0.0,,10000,10000,0
2022-01-13 00:00:00-05:00,0.5601514619590885,0.5606403041833324,0.5446550626930176,0.5447720008426004,0.0547587902393065,0.0,0.0,,10000,10000,0
2022-01-14 00:00:00-05:00,0.5317674266175392,0.5430426565370677,0.5442066716821622,0.5544355489687812,0.04750378023928547,0.0,0.0,,10000,10000,0
2022-01-18 00:00:00-05:00,0.5314525546157277,0.5412584682748269,0.5406012196209858,0.5409246954767337,0.05077245167708029,0.0,0.0,,10000,10000,0
2022-01-19 00:00:00-05:00,0.5353373448870051,0.5484479295493527,0.5423232192092386,0.5421414710669413,0.05550524291323431,0.0,0.0,,10000,10000,0
2022-01-20 00:00:00-05:00,0.5402022686125306,0.5444946309389466,0.5395249736288368,0.5390457052294538,0.04163402551845535,0.0,0.0,,10000,10000,0
2022-01-21 00:00:00-05:00,0.5290375658897908,0.5313050265604042,0.5296051472456027,0.5290779773483543,0.07134452438385781,0.0,0.0,,10000,10000,0
2022-01-24 00:00:00-05:00,0.5106808147204732,0.5190602459629796,0.4945185295579831,0.5296865631403228,0.10781555271409615,0.0,0.0,,10000,10000,0
2022-01-25 00:00:00-05:00,0.5094907352496592,0.515351711429185,0.5108779769381641,0.5155850001446747,0.090882157480878,0.0,0.0,,10000,10000,0
2022-01-26 00:00:00-05:00,0.5383122158279047,0.5389843393583162,0.5249771296738553,0.5302948095090946,0.11398985591978113,0.0,0.0,,10000,10000,0
2022-01-27 00:00:00-05:00,0.5289851387068725,0.5368852907145104,0.5337668504149119,0.5358961408152642,0.0654256107794128,0.0,0.0,,10000,10000,0
2022-01-28 00:00:00-05:00,0.5247326792943149,0.5389493671399951,0.5275243464958352,0.5509638719407721,0.060512876998689805,0.0,0.0,,10000,10000,0
2022-01-31 00:00:00-05:00,0.5399922332794741,0.5457715705351894,0.5489064719878592,0.5558314268658648,0.05617637997135641,0.0,0.0,,10000,10000,0
2022-02-01 00:00:00-05:00,0.5425472220479427,0.5427104229164683,0.5466822608274544,0.5518587611992916,0.0489548873919819,0.0,0.0,,10000,10000,0
2022-02-02 00:00:00-05:00,0.5411821500135445,0.5505645360187174,0.5534088989322585,0.5602693851647993,0.04328400270032114,0.0,0.0,,10000,10000,0
2022-02-03 00:00:00-05:00,0.5409372686993752,0.54376001851598,0.5374082985596315,0.5384194128607157,0.05260841768331795,0.0,0.0,,10000,10000,0
2022-02-04 00:00:00-05:00,0.5246977044215964,0.5395091546192151,0.5374261721237305,0.5468122171083885,0.041260470579328246,0.0,0.0,,10000,10000,0
2022-02-07 00:00:00-05:00,0.5351274751366447,0.537829928769024,0.5373006568296452,0.53788255850435,0.032633743709240194,0.0,0.0,,10000,10000,0
2022-02-08 00:00:00-05:00,0.5265176320346101,0.5338414879449995,0.537390285681083,0.5443426304985735,0.03774403311047973,0.0,0.0,,10000,10000,0
2022-02-09 00:00:00-05:00,0.5416021466588218,0.5449843695474219,0.5507361793736308,0.5562429774920566,0.03625020767656715,0.0,0.0,,10000,10000,0
2022-02-10 00:00:00-05:00,0.5313999868300565,0.5400689006521171,0.5387356322902164,0.5404414699854718,0.05478534129409316,0.0,0.0,,10000,10000,0
2022-02-11 00:00:00-05:00,0.5299124760694325,0.5316198745964004,0.5271117294231494,0.5273063014018147,0.04662207491498405,0.0,0.0,,10000,10000,0
2022-02-14 00:00:00-05:00,0.5134281779941238,0.518448032349394,0.5219637296493865,0.5272349093894086,0.042920568707820635,0.0,0.0,,10000,10000,0
2022-02-15 00:00:00-05:00,0.5243477799742109,0.5255149800560154,0.5321344673063919,0.5370235349636321,0.0306949909463532,0.0,0.0,,10000,10000,0
2022-02-16 00:00:00-05:00,0.5225574379480363,0.5267256646407018,0.5272324294240426,0.5363958849021065,0.034538058965423696,0.20129870129870128,0.0,,10000,10000,0
2022-02-17 00:00:00-05:00,0.5190327355977674,0.5195913536457984,0.5206175778190655,0.520669276780962,0.03779713522005304,0.0,0.0,,10000,10000,0
2022-02-18 00:00:00-05:00,0.5132284291731001,0.5144378262999844,0.5139847397887093,0.5156481894298233,0.0401662253758683,0.0,0.0,,10000,10000,0
2022-02-22 00:00:00-05:00,0.4991122444412272,0.5103711283601755,0.5107312220228901,0.515271599392908,0.049987618270490586,0.0,0.0,,10000,10000,0
2022-02-23 00:00:00-05:00,0.5081956652550939,0.5106515771100869,0.5028221652284158,0.5019120155055941,0.04482869574909727,0.0,0.0,,10000,10000,0
2022-02-24 00:00:00-05:00,0.47721033147743486,0.5167166630122575,0.48739957958897706,0.5275911340345124,0.07003708209691294,0.0,0.0,,10000,10000,0
2022-02-25 00:00:00-05:00,0.5168933990516366,0.5210462429048252,0.5235834180111717,0.5324686453733796,0.03790899139640673,0.0,0.0,,10000,10000,0
2022-02-28 00:00:00-05:00,0.515437922475494,0.5236931384696079,0.5260100791436104,0.5351226519201547,0.04064401292116283,0.0,0.0,,10000,10000,0
2022-03-01 00:00:00-05:00,0.5191029117374146,0.5251480662998063,0.5244822342825678,0.5282367169549387,0.03616227373769451,0.0,0.0,,10000,10000,0
2022-03-02 00:00:00-05:00,0.5172791770399189,0.5277773909126267,0.5272683946026054,0.5376331955957241,0.03702347428701217,0.0,0.0,,10000,10000,0
2022-03-03 00:00:00-05:00,0.5304836252294806,0.5306872689402785,0.527897548695406,0.5299762042683094,0.03103174244320177,0.0,0.0,,10000,10000,0
2022-03-04 00:00:00-05:00,0.5154028964407908,0.5175930786131623,0.5155306408887469,0.5191091180565985,0.03765899087064327,0.0,0.0,,10000,10000,0
2022-03-07 00:00:00-05:00,0.5053023047438334,0.5071282527869059,0.5000000670173247,0.4994732598361605,0.0518555244069914,0.0,0.0,,10000,10000,0
2022-03-08 00:00:00-05:00,0.4864866009274775,0.49708420091008343,0.48466734342406426,0.4939860312946685,0.05843059081091653,0.0,0.0,,10000,10000,0
2022-03-09 00:00:00-05:00,0.496376737293579,0.5069705594523265,0.5040445264748471,0.5166703623871649,0.04140242671383116,0.0,0.0,,10000,10000,0
2022-03-10 00:00:00-05:00,0.49564016807441813,0.5017118310244242,0.5036849522062508,0.5114520135881182,0.035387035514270276,0.0,0.0,,10000,10000,0
2022-03-11 00:00:00-05:00,0.5043028801722828,0.506812864451889,0.5016179340098801,0.5015535280391779,0.030893466652926718,0.0,0.0,,10000,10000,0
2022-03-14 00:00:00-04:00,0.49094070592205163,0.4996084123524006,0.49512891133831444,0.49504406996981154,0.03543001667721699,0.0,0.0,,10000,10000,0
2022-03-15 00:00:00-04:00,0.4909582778071224,0.5038504563808086,0.5003596946282085,0.514249539576632,0.040141383052330296,0.0,0.0,,10000,10000,0
2022-03-16 00:00:00-04:00,0.506319497055232,0.5156825297085319,0.5083946166501185,0.5272325899975634,0.04484854331975462,0.0,0.0,,10000,10000,0
2022-03-17 00:00:00-04:00,0.5136493367315472,0.5175054048872267,0.5194851351023415,0.5287208475747255,0.03563493298618925,0.0,0.0,,10000,10000,0
2022-03-18 00:00:00-04:00,0.5172967601544737,0.5269535600684991,0.5255248375948914,0.5380635842093416,0.05216230738655602,0.0,0.0,,10000,10000,0
2022-03-21 00:00:00-04:00,0.5234692989847184,0.5254460610916561,0.5294253689473782,0.5357861676994817,0.03239438989356445,0.0,0.0,,10000,10000,0
2022-03-22 00:00:00-04:00,0.5250650633880148,0.5339651651205664,0.5363817985447312,0.5445730422787081,0.03140661179098169,0.0,0.0,,10000,10000,0
2022-03-23 00:00:00-04:00,0.5263101601337005,0.5308625924544816,0.5344944626917105,0.5363780086137386,0.02892987156650172,0.0,0.0,,10000,10000,0
2022-03-24 00:00:00-04:00,0.5239077464475466,0.5325628593793359,0.5355729386451492,0.544644773714311,0.027311965955764368,0.0,0.0,,10000,10000,0
2022-03-25 00:00:00-04:00,0.5345869376189527,0.5348415984310199,0.5373165262039469,0.5438915936404803,0.02479093015968488,0.0,0.0,,10000,10000,0
2022-03-28 00:00:00-04:00,0.5330086141869035,0.5441318344118138,0.5463758670940302,0.55648000802453,0.03400716931055586,0.0,0.0,,10000,10000,0
2022-03-29 00:00:00-04:00,0.5498077830828504,0.552931399071742,0.5548601295743905,0.5649261017141096,0.03507867524432229,0.0,0.0,,10000,10000,0
2022-03-30 00:00:00-04:00,0.5495448684879694,0.5531593935177391,0.5594079411217484,0.562146678296095,0.03214780683029828,0.0,0.0,,10000,10000,0
2022-03-31 00:00:00-04:00,0.5497902770769791,0.5517394917245043,0.5527751121559913,0.552194224458854,0.039059624731071996,0.0,0.0,,10000,10000,0
2022-04-01 00:00:00-04:00,0.5418466752785843,0.5429575167346024,0.5485509862419041,0.554184771796835,0.030763603078029608,0.0,0.0,,10000,10000,0
2022-04-04 00:00:00-04:00,0.543109249080866,0.5516868963555589,0.5560465837660408,0.5641371690635432,0.027055787709332726,0.0,0.0,,10000,10000,0
2022-04-05 00:00:00-04:00,0.5486856034393242,0.5512662562780978,0.5563342296291973,0.5568029126258088,0.025566694146570236,0.0,0.0,,10000,10000,0
2022-04-06 00:00:00-04:00,0.5345167490576561,0.5374709067075388,0.5326788857330124,0.5363958849021065,0.04785078412362592,0.0,0.0,,10000,10000,0
2022-04-07 00:00:00-04:00,0.5195588110162991,0.5315986540938269,0.5320317573594753,0.5397491598049445,0.03641648037114695,0.0,0.0,,10000,10000,0
2022-04-08 00:00:00-04:00,0.5261872889870445,0.5271638510063663,0.531905931952509,0.5318589847412876,0.027150819454930506,0.0,0.0,,10000,10000,0
2022-04-11 00:00:00-04:00,0.5110190721238597,0.5122468060823961,0.5116301005029597,0.5108603989559926,0.04056751433756959,0.0,0.0,,10000,10000,0
2022-04-12 00:00:00-04:00,0.5065474592623843,0.5089689094339496,0.5035233120461783,0.5051220538193575,0.03583222572497524,0.0,0.0,,10000,10000,0
2022-04-13 00:00:00-04:00,0.4951317903245436,0.5051826434796441,0.5049792813597215,0.5150923839449663,0.023924340534890714,0.0,0.0,,10000,10000,0
2022-04-14 00:00:00-04:00,0.5045308183110804,0.5047093377960331,0.5014202007122969,0.5011230828550276,0.032224042532160956,0.0,0.0,,10000,10000,0
2022-04-18 00:00:00-04:00,0.48843304958355827,0.49445482761372533,0.49965854340552596,0.5023603369781123,0.022440110284143604,0.0,0.0,,10000,10000,0
2022-04-19 00:00:00-04:00,0.4892573890857819,0.5009582647233114,0.4997845487988076,0.5109321303915955,0.024437617113810966,0.0,0.0,,10000,10000,0
2022-04-20 00:00:00-04:00,0.5068280258156488,0.507145929164777,0.5122951657333066,0.5128329002940072,0.02523809198336905,0.0,0.0,,10000,10000,0
2022-04-21 00:00:00-04:00,0.5053899711175492,0.5134561792829103,0.5027502659000427,0.5028803898862335,0.0338447084010692,0.0,0.0,,10000,10000,0
2022-04-22 00:00:00-04:00,0.49329039530674706,0.4957520012869937,0.4907429019919712,0.4907223075452685,0.033780565258812324,0.0,0.0,,10000,10000,0
2022-04-25 00:00:00-04:00,0.47857797317621537,0.492088346550533,0.48605130903535915,0.502718937585594,0.04202598217872173,0.0,0.0,,10000,10000,0
2022-04-26 00:00:00-04:00,0.48596045773551305,0.48726789463850234,0.48466724787764026,0.48389005801568896,0.056273514770798685,0.0,0.0,,10000,10000,0
2022-04-27 00:00:00-04:00,0.49402716192149865,0.5093722122943335,0.5011327624796307,0.5072023220223749,0.07856496543631007,0.0,0.0,,10000,10000,0
2022-04-28 00:00:00-04:00,0.4994454729469212,0.5093895610264377,0.5052668216775966,0.5186967188724145,0.03935470947362666,0.0,0.0,,10000,10000,0
2022-04-29 00:00:00-04:00,0.5054426247921926,0.5074613654936886,0.496351179896896,0.4969807055900247,0.043859582249384334,0.0,0.0,,10000,10000,0
2022-05-02 00:00:00-04:00,0.4863288460069774,0.4988021159004768,0.4958479239910496,0.5094437031028349,0.041332237291771386,0.0,0.0,,10000,10000,0
2022-05-03 00:00:00-04:00,0.4972885190283765,0.49738218189998906,0.5029120335807242,0.5046198206290714,0.029275823923919923,0.0,0.0,,10000,10000,0
2022-05-04 00:00:00-04:00,0.4948861543739124,0.5092142149623576,0.496764584872172,0.5193243123634073,0.039292537944349,0.0,0.0,,10000,10000,0
2022-05-05 00:00:00-04:00,0.5000592439911425,0.5012736720654181,0.4924685654293182,0.4966759035592451,0.05199117137996085,0.0,0.0,,10000,10000,0
2022-05-06 00:00:00-04:00,0.4812435588382761,0.48882818555129126,0.48695025678923537,0.4919777208093852,0.0447880805217256,0.0,0.0,,10000,10000,0
2022-05-09 00:00:00-04:00,0.47291418007220315,0.4767507722053805,0.4726601205940723,0.4737764630157391,0.05786079465992569,0.0,0.0,,10000,10000,0
2022-05-10 00:00:00-04:00,0.4757723367493424,0.47918715853840205,0.4758056057494046,0.48259900531590205,0.046833431826355056,0.0,0.0,,10000,10000,0
2022-05-11 00:00:00-04:00,0.46523341349849684,0.47499772441650207,0.4654339380990602,0.4665496057345443,0.05950367403506633,0.0,0.0,,10000,10000,0
2022-05-12 00:00:00-04:00,0.45122249442055307,0.4548745795596213,0.44875309578752254,0.45722488681462814,0.0622085956016732,0.0,0.0,,10000,10000,0
2022-05-13 00:00:00-04:00,0.450626307478827,0.46041374563926746,0.45833385081560585,0.4675718069771523,0.041035180936237516,0.0,0.0,,10000,10000,0
2022-05-16 00:00:00-04:00,0.4552030937732377,0.465286799148441,0.4591067806347344,0.46825325561538,0.03791451191274851,0.0,0.0,,10000,10000,0
2022-05-17 00:00:00-04:00,0.4659875370153304,0.46968656692523175,0.4711141845758447,0.47779328198317056,0.03302215146614399,0.0,0.0,,10000,10000,0
2022-05-18 00:00:00-04:00,0.4616081205030951,0.46247159475598726,0.45475455433758555,0.45600873350028154,0.03634392501351213,0.20129870129870128,0.0,,10000,10000,0
2022-05-19 00:00:00-04:00,0.4456134654678536,0.4520526857486967,0.45315098839589024,0.45431911311158263,0.0381003692962551,0.0,0.0,,10000,10000,0
2022-05-20 00:00:00-04:00,0.45148395920132334,0.453581205017363,0.44334970929135775,0.4532765747624295,0.04665322640005552,0.0,0.0,,10000,10000,0
2022-05-23 00:00:00-04:00,0.4484080899103217,0.45878182246821103,0.4559435421276455,0.4678175493716784,0.03873536011642507,0.0,0.0,,10000,10000,0
2022-05-24 00:00:00-04:00,0.45262656449362776,0.45848322077476045,0.456069781268262,0.4659663352560081,0.033304880767362294,0.0,0.0,,10000,10000,0
2022-05-25 00:00:00-04:00,0.4530659807161664,0.4641933963414203,0.4626099575169766,0.4711788007196426,0.03265293407557114,0.0,0.0,,10000,10000,0
2022-05-26 00:00:00-04:00,0.4603250342118011,0.4686385587951422,0.4703572521257969,0.47725405166442686,0.027992303874456097,0.0,0.0,,10000,10000,0
2022-05-27 00:00:00-04:00,0.47123999543950923,0.4795844693296873,0.4814016006571239,0.49044692219155006,0.030501115670064503,0.0,0.0,,10000,10000,0
2022-05-31 00:00:00-04:00,0.4783584760257051,0.4820969634920772,0.4838699497137529,0.4879845200394019,0.044850383491868547,0.0,0.0,,10000,10000,0
2022-06-01 00:00:00-04:00,0.48305138273607123,0.4872273210307729,0.4858698279345821,0.4889730901002544,0.028373613824634752,0.0,0.0,,10000,10000,0
2022-06-02 00:00:00-04:00,0.46415665745691864,0.48188607930939953,0.47066347523726204,0.49285541262593036,0.05297408617052823,0.0,0.0,,10000,10000,0
2022-06-03 00:00:00-04:00,0.4744564899762435,0.4797777889570706,0.4829330792111611,0.4846593041208376,0.03201031968521491,0.0,0.0,,10000,10000,0
2022-06-06 00:00:00-04:00,0.47753232204233953,0.48106029616561685,0.48078900391280865,0.4823765699808936,0.02457247544158873,0.0,0.0,,10000,10000,0
2022-06-07 00:00:00-04:00,0.46800596161134955,0.47921555038134656,0.4784828901949949,0.4891168923946571,0.02517762918534003,0.0,0.0,,10000,10000,0
2022-06-08 00:00:00-04:00,0.4769171931584243,0.47898713653075287,0.4850950916019758,0.4853603261634175,0.01796362873528651,0.0,0.0,,10000,10000,0
2022-06-09 00:00:00-04:00,0.4700097066885403,0.47847765330041164,0.4761227265895674,0.47525897868382105,0.029881897753728192,0.0,0.0,,10000,10000,0
2022-06-10 00:00:00-04:00,0.4573545185701724,0.45716542161652546,0.454322065262945,0.4540494979522108,0.036431727511519484,0.0,0.0,,10000,10000,0
2022-06-13 00:00:00-04:00,0.43016374106098787,0.436854811774875,0.43450338783597453,0.434763330480337,0.05577062202023559,0.0,0.0,,10000,10000,0
2022-06-14 00:00:00-04:00,0.42796670034789214,0.4310919525457822,0.4344673643369048,0.4387715790120477,0.032789106812001714,0.0,0.0,,10000,10000,0
2022-06-15 00:00:00-04:00,0.4357882314777124,0.4478886417816104,0.44331371369668066,0.4518386932447346,0.038651632285241405,0.0,0.0,,10000,10000,0
2022-06-16 00:00:00-04:00,0.4316928585622095,0.434043613535909,0.4371878999578503,0.43963427963739826,0.038727210782777674,0.0,0.0,,10000,10000,0
2022-06-17 00:00:00-04:00,0.42944316328440246,0.4394551932584631,0.4390076968597751,0.44445140193249094,0.051760361220528336,0.0,0.0,,10000,10000,0
2022-06-21 00:00:00-04:00,0.43921569327935744,0.4469223564187441,0.44888100945551507,0.4553976303196029,0.0344673437799028,0.0,0.0,,10000,10000,0
2022-06-22 00:00:00-04:00,0.4420806352141125,0.4511742290889506,0.4504304385074414,0.4543011802526819,0.029224956309056385,0.0,0.0,,10000,10000,0
2022-06-23 00:00:00-04:00,0.4485488176752949,0.45503957096865094,0.45630401834852247,0.46460029831498173,0.02912177522981121,0.0,0.0,,10000,10000,0
2022-06-24 00:00:00-04:00,0.4595164438840085,0.4701670831075427,0.47087967011159354,0.48048932043582343,0.03971827490699245,0.0,0.0,,10000,10000,0
2022-06-27 00:00:00-04:00,0.4707653435822761,0.4707292448125976,0.47369028395787466,0.4754385901254924,0.027483627725820668,0.0,0.0,,10000,10000,0
2022-06-28 00:00:00-04:00,0.46333063373147876,0.4682871797816957,0.46115058669819686,0.4603225194796984,0.031006768678798483,0.0,0.0,,10000,10000,0
2022-06-29 00:00:00-04:00,0.4520991803613143,0.4596076521950724,0.4601415495110751,0.46711664047016405,0.02150924607622729,0.0,0.0,,10000,10000,0
2022-06-30 00:00:00-04:00,0.45115000377953224,0.45532059522524027,0.45498866093576446,0.4609514706634785,0.036836696817448625,0.0,0.0,,10000,10000,0
2022-07-01 00:00:00-04:00,0.4499900764689957,0.45574232545263843,0.4580696492883348,0.46589440582354036,0.025147397786325524,0.0,0.0,,10000,10000,0
2022-07-05 00:00:00-04:00,0.4495856277547065,0.46138208078667803,0.458303704906528,0.4717717730445557,0.025283176200160254,0.0,0.0,,10000,10000,0
2022-07-06 00:00:00-04:00,0.4629263445598448,0.47018467877745523,0.47210487385274236,0.4778112148420713,0.026444324804047962,0.0,0.0,,10000,10000,0
2022-07-07 00:00:00-04:00,0.46533428506214947,0.47206462774267266,0.47682528500411925,0.48174750565604785,0.022547760352808314,0.0,0.0,,10000,10000,0
2022-07-08 00:00:00-04:00,0.46475431568670317,0.4703779771181567,0.473708414398959,0.4804174758591549,0.020969024119924542,0.0,0.0,,10000,10000,0
2022-07-11 00:00:00-04:00,0.46626592854028476,0.46761957466609105,0.4717085640787743,0.47475572722394443,0.020701410518213496,0.0,0.0,,10000,10000,0
2022-07-12 00:00:00-04:00,0.4666701218185279,0.4665828803936814,0.4534392649222926,0.45527176088410093,0.0422751940592935,0.0,0.0,,10000,10000,0
2022-07-13 00:00:00-04:00,0.4390926111294678,0.44481392929908403,0.4463585817010823,0.4535642076365013,0.03390096509140924,0.0,0.0,,10000,10000,0
2022-07-14 00:00:00-04:00,0.4397605790717021,0.44760756838875376,0.4424489551075015,0.45600873350028154,0.028124664825793535,0.0,0.0,,10000,10000,0
2022-07-15 00:00:00-04:00,0.44881238698003595,0.45679647845969495,0.45835788427701,0.46075381322184084,0.03426466196564031,0.0,0.0,,10000,10000,0
2022-07-18 00:00:00-04:00,0.45589572100741643,0.4576222782432616,0.45570940578904157,0.45631424266272125,0.022699048788746137,0.0,0.0,,10000,10000,0
2022-07-19 00:00:00-04:00,0.452081640982756,0.4556545120614135,0.45639407009157823,0.4658045718174383,0.02800610516531055,0.0,0.0,,10000,10000,0
2022-07-20 00:00:00-04:00,0.4561594415980152,0.4647029733725588,0.465817016541457,0.47072948926280017,0.02508246599887697,0.0,0.0,,10000,10000,0
2022-07-21 00:00:00-04:00,0.4559659454601284,0.46473796304913967,0.462429632369188,0.4753486429783247,0.024578258839661072,0.0,0.0,,10000,10000,0
2022-07-22 00:00:00-04:00,0.46554516841135213,0.4655110638495993,0.46610519127299466,0.4672963367676346,0.023890297350783074,0.0,0.0,,10000,10000,0
2022-07-25 00:00:00-04:00,0.4580927812996429,0.4587818900900626,0.46203335607530477,0.4645463300266811,0.02280551588962332,0.0,0.0,,10000,10000,0
2022-07-26 00:00:00-04:00,0.45608905132336475,0.45593561162744756,0.44898909605867443,0.4520903472599393,0.04684867896672759,0.0,0.0,,10000,10000,0
2022-07-27 00:00:00-04:00,0.4583740913107117,0.47380409230751475,0.4657089159458084,0.4823586936925257,0.055584238873267876,0.0,0.0,,10000,10000,0
2022-07-28 00:00:00-04:00,0.4734721238450632,0.4874907933664236,0.4819600574206617,0.4961446496856276,0.03910852073295633,0.0,0.0,,10000,10000,0
2022-07-29 00:00:00-04:00,0.4874455597982754,0.49479994176615993,0.4977430693517005,0.5039275104485442,0.03739124582806694,0.0,0.0,,10000,10000,0
2022-08-01 00:00:00-04:00,0.4876564201185673,0.4935348677451627,0.49631966306087905,0.49902058243261593,0.023441163914119694,0.0,0.0,,10000,10000,0
2022-08-02 00:00:00-04:00,0.4844575059704862,0.48757876487147206,0.49008582112648047,0.49328687607967125,0.02503764466381633,0.0,0.0,,10000,10000,0
2022-08-03 00:00:00-04:00,0.48579335145675145,0.49743538929369463,0.4977069841245354,0.5070370229255045,0.02604277296061611,0.0,0.0,,10000,10000,0
2022-08-04 00:00:00-04:00,0.4946518176643245,0.49796242360625126,0.5041210413077215,0.5091579087710794,0.01891841518068387,0.0,0.0,,10000,10000,0
2022-08-05 00:00:00-04:00,0.4899939851238703,0.49769880803495437,0.501436393905682,0.5078277658331208,0.017178006683505116,0.0,0.0,,10000,10000,0
2022-08-08 00:00:00-04:00,0.49860652225697344,0.501687255645953,0.5025895861739694,0.5031725766881965,0.019760293922805306,0.0,0.0,,10000,10000,0
2022-08-09 00:00:00-04:00,0.4908552633279997,0.4966973140428514,0.49950855931503313,0.5067313157661999,0.025893324696792213,0.0,0.0,,10000,10000,0
2022-08-10 00:00:00-04:00,0.5058480515681817,0.5085218411529862,0.5163184913972311,0.5190615988090382,0.02757918523487957,0.0,0.0,,10000,10000,0
2022-08-11 00:00:00-04:00,0.5105585460544528,0.5109816097125062,0.5155437884001672,0.5152151420011637,0.02150411988248135,0.0,0.0,,10000,10000,0
2022-08-12 00:00:00-04:00,0.5063929625787873,0.5122115456324803,0.5163185370307174,0.5240045056838336,0.024860856700014092,0.0,0.0,,10000,10000,0
2022-08-15 00:00:00-04:00,0.5108221324825749,0.5161997787232924,0.5220298047415752,0.5268083675720222,0.01890132786819741,0.0,0.0,,10000,10000,0
2022-08-16 00:00:00-04:00,0.5125622756711196,0.5159539206803955,0.5225884733098856,0.5254424154867949,0.018923935697025652,0.0,0.0,,10000,10000,0
2022-08-17 00:00:00-04:00,0.5096885697336123,0.5158356538516724,0.521983898278076,0.5240555323044281,0.019121754199272763,0.20129870129870128,0.0,,10000,10000,0
2022-08-18 00:00:00-04:00,0.5104810499099696,0.5133000717895996,0.5212795533326419,0.5219839759634634,0.01771901728499955,0.0,0.0,,10000,10000,0
2022-08-19 00:00:00-04:00,0.5082089889908834,0.5086167222868456,0.5149242699700084,0.514743174045931,0.02216671328436022,0.0,0.0,,10000,10000,0
2022-08-22 00:00:00-04:00,0.49619631159848004,0.4966614528522176,0.49986615512209265,0.4996128759111353,0.02806985398497158,0.0,0.0,,10000,10000,0
2022-08-23 00:00:00-04:00,0.4862622041396743,0.490322939836988,0.4965801277188822,0.4972533189876355,0.018167493517336524,0.0,0.0,,10000,10000,0
2022-08-24 00:00:00-04:00,0.48444792964100897,0.4874529780614135,0.49605645205649296,0.49608247867006955,0.01896875703208629,0.0,0.0,,10000,10000,0
2022-08-25 00:00:00-04:00,0.4878297426945609,0.49060459898112796,0.4949911989613909,0.5015942022522683,0.01692669174908885,0.0,0.0,,10000,10000,0
2022-08-26 00:00:00-04:00,0.49091216568849494,0.49292875435477873,0.4831831385572051,0.4822130811410731,0.03134036559488033,0.0,0.0,,10000,10000,0
2022-08-29 00:00:00-04:00,0.4676092070980287,0.47014526377873994,0.4757263587149608,0.47706165528234046,0.021862427681235922,0.0,0.0,,10000,10000,0
2022-08-30 00:00:00-04:00,0.4690535073114321,0.46952896381194165,0.46996669691227544,0.47299083974134204,0.02505460053543751,0.0,0.0,,10000,10000,0
2022-08-31 00:00:00-04:00,0.46679902185191896,0.4696346779964139,0.4711764420649197,0.4702890876648753,0.027715883734771265,0.0,0.0,,10000,10000,0
2022-09-01 00:00:00-04:00,0.45531481935771456,0.4586831602639353,0.4604877985237522,0.4683617861825758,0.0257069415498245,0.0,0.0,,10000,10000,0
2022-09-02 00:00:00-04:00,0.46029946541164485,0.46546174723773837,0.4587905199477109,0.4605444173946451,0.025170662819480168,0.0,0.0,,10000,10000,0
2022-09-06 00:00:00-04:00,0.4506118871066959,0.45329526957619204,0.4542225508093758,0.45548299525361297,0.02316329792491677,0.0,0.0,,10000,10000,0
2022-09-07 00:00:00-04:00,0.44796978771709095,0.45505596818198424,0.4565336102780084,0.46420088206807764,0.02684167053979083,0.0,0.0,,10000,10000,0
2022-09-08 00:00:00-04:00,0.45291925015276796,0.45787307493306956,0.45936823339344585,0.4649753609475112,0.021837979680293756,0.0,0.0,,10000,10000,0
2022-09-09 00:00:00-04:00,0.45818591261635294,0.46632465315180927,0.4692987946477071,0.4756747720999736,0.024157648070763555,0.0,0.0,,10000,10000,0
2022-09-12 00:00:00-04:00,0.46748581007128065,0.47023324306399433,0.478091498321562,0.4796192656412076,0.019771466396354145,0.0,0.0,,10000,10000,0
2022-09-13 00:00:00-04:00,0.4552619539972466,0.4578203519148195,0.45359066484591176,0.4532135269036129,0.03896919341575903,0.0,0.0,,10000,10000,0
2022-09-14 00:00:00-04:00,0.4459090074698199,0.44695677091522135,0.4504670847833748,0.4536277646301132,0.02656078141068646,0.0,0.0,,10000,10000,0
2022-09-15 00:00:00-04:00,0.43928624184589804,0.4419739779449447,0.4399228487677961,0.4413074380010495,0.03657381508688767,0.0,0.0,,10000,10000,0
2022-09-16 00:00:00-04:00,0.42958104602401326,0.4312337071679842,0.4363840267392682,0.44015467196871627,0.047432013526842336,0.0,0.0,,10000,10000,0
2022-09-19 00:00:00-04:00,0.4264281856017743,0.4309519818766247,0.43419935454306013,0.4397583953863831,0.030390836784094186,0.0,0.0,,10000,10000,0
2022-09-20 00:00:00-04:00,0.4257236463769151,0.4280820254392237,0.43201466207904077,0.4360298598541508,0.030171856302536913,0.0,0.0,,10000,10000,0
2022-09-21 00:00:00-04:00,0.4295986904461357,0.4353889854789087,0.43067858433893197,0.4297256113925522,0.03275506362789407,0.0,0.0,,10000,10000,0
2022-09-22 00:00:00-04:00,0.4183257937150914,0.4286982372972044,0.4282772005161496,0.4333820194954519,0.035956437342665286,0.0,0.0,,10000,10000,0
2022-09-23 00:00:00-04:00,0.42126732072463363,0.42389155079904367,0.423998125189449,0.4278703241985196,0.040050557414421484,0.0,0.0,,10000,10000,0
2022-09-26 00:00:00-04:00,0.4168814769915367,0.42445493139476814,0.42706747562580044,0.42702371788975346,0.031530823408671735,0.0,0.0,,10000,10000,0
2022-09-27 00:00:00-04:00,0.422042363730759,0.4250712525620892,0.42273429798157475,0.4251505261220866,0.030642940363702135,0.0,0.0,,10000,10000,0
2022-09-28 00:00:00-04:00,0.41645881981960053,0.42600444516458785,0.4231495812961473,0.43354423549828425,0.03328621616449246,0.0,0.0,,10000,10000,0
2022-09-29 00:00:00-04:00,0.42012237142306863,0.42181384032067065,0.4225717101470032,0.4271137498927204,0.03125479759158274,0.0,0.0,,10000,10000,0
2022-09-30 00:00:00-04:00,0.4190656332511572,0.4228527495086421,0.41953851876269216,0.41882823166052163,0.04204688127630132,0.0,0.0,,10000,10000,0
2022-10-03 00:00:00-04:00,0.41399286559389853,0.4247366985754771,0.42302317242966336,0.4329497923395181,0.03308997495262871,0.0,0.0,,10000,10000,0
2022-10-04 00:00:00-04:00,0.4310430169512226,0.44014289440626314,0.44165617216288433,0.4476117430331809,0.04098694213867958,0.0,0.0,,10000,10000,0
2022-10-05 00:00:00-04:00,0.4326282391401989,0.44053021699552336,0.4400672968917498,0.44818808362144785,0.021873731595650044,0.0,0.0,,10000,10000,0
2022-10-06 00:00:00-04:00,0.43604529404022574,0.4401076428245851,0.4436422272067896,0.4438471437862823,0.021732826988069377,0.0,0.0,,10000,10000,0
2022-10-07 00:00:00-04:00,0.4236628142199581,0.42422610777274933,0.4203329366541997,0.42124187001338764,0.04477401634914059,0.0,0.0,,10000,10000,0
2022-10-10 00:00:00-04:00,0.40983601195321534,0.41232372260312733,0.40870536839357446,0.41225377404895663,0.034224572501729764,0.0,0.0,,10000,10000,0
2022-10-11 00:00:00-04:00,0.4002716824452319,0.4026398112415242,0.40397487531833054,0.40533706471389197,0.03518461658173835,0.0,0.0,,10000,10000,0
2022-10-12 00:00:00-04:00,0.39636147373718317,0.40052702323450856,0.40370411081277324,0.40594952558735803,0.02392000298633646,0.0,0.0,,10000,10000,0
2022-10-13 00:00:00-04:00,0.3865858332260151,0.41503522596880366,0.39498342110666096,0.42124187001338764,0.05105978140858341,0.0,0.0,,10000,10000,0
2022-10-14 00:00:00-04:00,0.4142218448200263,0.4170424452440557,0.411612279033784,0.41101094772839014,0.03482262843875592,0.0,0.0,,10000,10000,0
2022-10-17 00:00:00-04:00,0.41471500234270653,0.42007080627789806,0.4238897798731726,0.42716783132208663,0.03211980992599354,0.0,0.0,,10000,10000,0
2022-10-18 00:00:00-04:00,0.42778444573137936,0.42882150883168485,0.42430506651436567,0.42891504051318596,0.029737181361054386,0.0,0.0,,10000,10000,0
2022-10-19 00:00:00-04:00,0.41686387728553037,0.42121527277651155,0.422355094562892,0.42527656526918695,0.02139870430852641,0.0,0.0,,10000,10000,0
2022-10-20 00:00:00-04:00,0.4146269102449565,0.4242084280927012,0.4234022630671537,0.42468212211042083,0.0237978944224909,0.0,0.0,,10000,10000,0
2022-10-21 00:00:00-04:00,0.41281276207345796,0.42718409426057824,0.42273429907493576,0.43543547326591747,0.029697880542335523,0.0,0.0,,10000,10000,0
2022-10-24 00:00:00-04:00,0.4287003671002737,0.4357058959816708,0.4350118501197033,0.4446757323803485,0.02787282412791615,0.0,0.0,,10000,10000,0
2022-10-25 00:00:00-04:00,0.43486517188193863,0.441340128572527,0.44319084441465406,0.4508178779801804,0.04083854540177793,0.0,0.0,,10000,10000,0
2022-10-26 00:00:00-04:00,0.406524584336914,0.41890873894403646,0.4147177302612745,0.4159822812959225,0.1036248236063588,0.0,0.0,,10000,10000,0
2022-10-27 00:00:00-04:00,0.406295602243146,0.41079189450459735,0.4069901048836329,0.407750703066758,0.04826377132233717,0.0,0.0,,10000,10000,0
2022-10-28 00:00:00-04:00,0.39784102276063277,0.4159155643413942,0.40747761564482055,0.4241778240956872,0.04855701589277791,0.0,0.0,,10000,10000,0
2022-10-31 00:00:00-04:00,0.41108657323943776,0.41295757554816725,0.41668576998160844,0.41744129190762197,0.03240240778634656,0.0,0.0,,10000,10000,0
2022-11-01 00:00:00-04:00,0.4125661820471889,0.4144013976507723,0.4097887215203984,0.41030848313722357,0.03534011112536515,0.0,0.0,,10000,10000,0
2022-11-02 00:00:00-04:00,0.40351266992495316,0.40658383202216775,0.3966264202491523,0.39577262816119396,0.04561182042443833,0.0,0.0,,10000,10000,0
2022-11-03 00:00:00-04:00,0.38700854600174944,0.3874097608649926,0.38568496602987373,0.38523548958209664,0.04328124244215025,0.0,0.0,,10000,10000,0
2022-11-04 00:00:00-04:00,0.38253464392276043,0.3894873651802274,0.38469190906397005,0.3980961779405603,0.04348523866506555,0.0,0.0,,10000,10000,0
2022-11-07 00:00:00-05:00,0.3903551877467258,0.401495408203088,0.3988652894800312,0.40976809312255724,0.03915938834781987,0.0,0.0,,10000,10000,0
2022-11-08 00:00:00-05:00,0.4021740877397257,0.4072001457628374,0.4070985358567471,0.4115693837430228,0.03218579324036434,0.0,0.0,,10000,10000,0
2022-11-09 00:00:00-05:00,0.3998313380972955,0.40188272115317697,0.40437209236678107,0.4037159512404258,0.031739420061871845,0.0,0.0,,10000,10000,0
2022-11-10 00:00:00-05:00,0.4140280836144788,0.4277651233067018,0.42363705330935525,0.43698451588058385,0.05594438684413638,0.0,0.0,,10000,10000,0
2022-11-11 00:00:00-05:00,0.4273441317011271,0.4359700241548401,0.4361493165330966,0.4444235692303485,0.04063441773799735,0.0,0.0,,10000,10000,0
2022-11-14 00:00:00-05:00,0.4255828170357877,0.4287864082601166,0.43123838611014886,0.43440885952175035,0.03603806212000446,0.0,0.0,,10000,10000,0
2022-11-15 00:00:00-05:00,0.4320469960843383,0.4342269052042003,0.43271882447428855,0.43516529240121754,0.03638874634857277,0.0,0.0,,10000,10000,0
2022-11-16 00:00:00-05:00,0.42819700560175333,0.42980238815408356,0.43464630442389035,0.4359600518166634,0.026797769290787154,0.2207792207792208,0.0,,10000,10000,0
2022-11-17 00:00:00-05:00,0.4193476485842815,0.42883127128738513,0.42959471937112326,0.4358697369610325,0.02552305577929712,0.0,0.0,,10000,10000,0
2022-11-18 00:00:00-05:00,0.4294687519062061,0.4296964305580988,0.4321295352897484,0.4350388289751211,0.031424750630390394,0.0,0.0,,10000,10000,0
2022-11-21 00:00:00-05:00,0.42579481712934925,0.43133854757243106,0.4360405202600009,0.4365381178061811,0.029822749364351978,0.0,0.0,,10000,10000,0
2022-11-22 00:00:00-05:00,0.4296100573280171,0.4324685083138388,0.4351713694861421,0.4419208040030405,0.020978093539628897,0.0,0.0,,10000,10000,0
2022-11-23 00:00:00-05:00,0.4322949035246204,0.43771254034794105,0.4416171365096883,0.44652686164021954,0.020771468499407992,0.0,0.0,,10000,10000,0
2022-11-25 00:00:00-05:00,0.43618085405543744,0.438454121623731,0.4460712264499102,0.4463643062141904,0.007222938428892596,0.0,0.0,,10000,10000,0
2022-11-28 00:00:00-05:00,0.43400826462656683,0.43483450243036526,0.4353343248172749,0.4360142181018289,0.02769800777709312,0.0,0.0,,10000,10000,0
2022-11-29 00:00:00-05:00,0.42574177838416727,0.42801903391149615,0.43064485779785977,0.4334312358589965,0.018731243388524478,0.0,0.0,,10000,10000,0
2022-11-30 00:00:00-05:00,0.424275726452583,0.45016049881046266,0.4336323411918084,0.4601824508404611,0.05768755559948602,0.0,0.0,,10000,10000,0
2022-12-01 00:00:00-05:00,0.44776809707377496,0.45155541308721453,0.45365773432947554,0.4593696737103153,0.02935850022818134,0.0,0.0,,10000,10000,0
2022-12-02 00:00:00-05:00,0.4406144100827375,0.4514494524806917,0.45143066647286906,0.4599657291292665,0.023426573978073562,0.0,0.0,,10000,10000,0
2022-12-05 00:00:00-05:00,0.44448268568109156,0.4474943858154406,0.44847937298548307,0.4512593827034951,0.025932888397241637,0.0,0.0,,10000,10000,0
2022-12-06 00:00:00-05:00,0.4423807502248183,0.4440336552410338,0.4407299518747135,0.4420833877143361,0.024655808950176553,0.0,0.0,,10000,10000,0
2022-12-07 00:00:00-05:00,0.43180035246557114,0.43396935785801477,0.43788730683388966,0.44072866487987167,0.022050388118587002,0.0,0.0,,10000,10000,0
2022-12-08 00:00:00-05:00,0.4318179918073232,0.43852476712281624,0.43942629431176977,0.4462017225028948,0.024850472871656933,0.0,0.0,,10000,10000,0
2022-12-09 00:00:00-05:00,0.43157071593025914,0.4377655273953231,0.44141798764946666,0.44262527684812186,0.022218895307876567,0.0,0.0,,10000,10000,0
2022-12-12 00:00:00-05:00,0.4364281365023581,0.44523427142147015,0.44686789492724116,0.45543188377721927,0.035435800075289334,0.0,0.0,,10000,10000,0
2022-12-13 00:00:00-05:00,0.46158083617731227,0.4653275809813259,0.45755049704088535,0.4633976653579766,0.05059329777770301,0.0,0.0,,10000,10000,0
2022-12-14 00:00:00-05:00,0.4535263452205213,0.46297923660865986,0.45979565827954527,0.4639395544917624,0.041673720659770055,0.0,0.0,,10000,10000,0
2022-12-15 00:00:00-05:00,0.447503127269661,0.44816530628366313,0.4471757167613249,0.4491098721683183,0.04187022475336437,0.0,0.0,,10000,10000,0
2022-12-16 00:00:00-05:00,0.43837115559965417,0.44046700912193065,0.440241087969392,0.4413067025841229,0.10830254111996031,0.0,0.0,,10000,10000,0
2022-12-19 00:00:00-05:00,0.43185333572085643,0.4322919748379865,0.4315501662575435,0.43364798585545755,0.03416253241331738,0.0,0.0,,10000,10000,0
2022-12-20 00:00:00-05:00,0.4222090627561249,0.4282308994649411,0.4310250374581999,0.4360864586722271,0.02818775644112816,0.0,0.0,,10000,10000,0
2022-12-21 00:00:00-05:00,0.4262539739234195,0.43301581484176793,0.4340849463748601,0.44083696916493614,0.026268456926302683,0.0,0.0,,10000,10000,0
2022-12-22 00:00:00-05:00,0.42549449777515425,0.42660652812393984,0.4227867947363728,0.42956577135209795,0.03278936969373227,0.0,0.0,,10000,10000,0
2022-12-23 00:00:00-05:00,0.41639785068551616,0.42109763084086077,0.42291355249047025,0.43054116047880575,0.023003991596196836,0.0,0.0,,10000,10000,0
2022-12-27 00:00:00-05:00,0.42097267985170533,0.4212035772304625,0.42633561549962573,0.42734404853178937,0.01706496753936391,0.0,0.0,,10000,10000,0
2022-12-28 00:00:00-05:00,0.41777555402645755,0.42259841700184364,0.42332994354357,0.42295468432053857,0.01807509058904435,0.0,0.0,,10000,10000,0
2022-12-29 00:00:00-05:00,0.4155853331806493,0.4264829321320787,0.4260096922961873,0.4346595235526309,0.021116106448173393,0.0,0.0,,10000,10000,0
2022-12-30 00:00:00-05:00,0.42010714960961915,0.4230221986551452,0.4278383845459236,0.4325100130174541,0.023965481525723503,0.0,0.0,,10000,10000,0
2023-01-03 00:00:00-05:00,0.4287092730387794,0.43324544667219655,0.42917826704632966,0.4320765413097985,0.028962206019360715,0.0,0.0,,10000,10000,0
2023-01-04 00:00:00-05:00,0.4096328011861532,0.41050367185234055,0.40846493299825487,0.4131465984830285,0.06166916229056213,0.0,0.0,,10000,10000,0
2023-01-05 00:00:00-05:00,0.400659740261395,0.4011102958660796,0.40086030618188967,0.40088179583191763,0.047160982462634,0.0,0.0,,10000,10000,0
2023-01-06 00:00:00-05:00,0.39324109089353154,0.3979497170837562,0.39649673671486424,0.4056142603246603,0.05245542051613148,0.0,0.0,,10000,10000,0
2023-01-09 00:00:00-05:00,0.39933498037031123,0.40762560737474646,0.40927965652954706,0.40957006797245626,0.031104429241701873,0.0,0.0,,10000,10000,0
2023-01-10 00:00:00-05:00,0.401648900484309,0.40774920714564405,0.41094543182653104,0.41269499591960723,0.03066291937522476,0.0,0.0,,10000,10000,0
2023-01-11 00:00:00-05:00,0.40788406709356695,0.4159418828751,0.41778951843730494,0.42519453799661266,0.03281250328602164,0.0,0.0,,10000,10000,0
2023-01-12 00:00:00-05:00,0.41489642938554977,0.42291624512379433,0.4222254913249859,0.4301437524858164,0.030972594053825558,0.0,0.0,,10000,10000,0
2023-01-13 00:00:00-05:00,0.4179698671933153,0.4219804375298992,0.4246879158248365,0.431444280749849,0.023170001409046077,0.0,0.0,,10000,10000,0
2023-01-17 00:00:00-05:00,0.41968322655359713,0.4246995854372376,0.42861694242506354,0.4334673561441956,0.03433984614058074,0.0,0.0,,10000,10000,0
2023-01-18 00:00:00-05:00,0.4260420850980552,0.4272951358983294,0.4257743169133143,0.42526677856701084,0.0345993104086444,0.0,0.0,,10000,10000,0
2023-01-19 00:00:00-05:00,0.41228223655568547,0.41518262783720633,0.41701091034458726,0.41825831182772855,0.032751646165396775,0.0,0.0,,10000,10000,0
2023-01-20 00:00:00-05:00,0.4141898788585544,0.42439940045427554,0.42394554016665964,0.4332325035772354,0.041645986637195875,0.0,0.0,,10000,10000,0
2023-01-23 00:00:00-05:00,0.4252118465662096,0.43222127797417353,0.43325206139904854,0.437495347791857,0.03710365321483326,0.0,0.0,,10000,10000,0
2023-01-24 00:00:00-05:00,0.427684738899482,0.4300671877290762,0.4346824842517262,0.43651995866514914,0.04801377079657371,0.0,0.0,,10000,10000,0
2023-01-25 00:00:00-05:00,0.41351873235680064,0.42891957750897675,0.4174093094709329,0.4339370329928496,0.08257246597784644,0.0,0.0,,10000,10000,0
2023-01-26 00:00:00-05:00,0.42971608581482806,0.43776556205918926,0.4375070976362304,0.4472855573409992,0.039102211571422865,0.0,0.0,,10000,10000,0
2023-01-27 00:00:00-05:00,0.4391483486780844,0.44044936055511935,0.4462523256516991,0.4475745479078584,0.02995971074597423,0.0,0.0,,10000,10000,0
2023-01-30 00:00:00-05:00,0.4312351032660491,0.4329805817468554,0.4378691760194051,0.43773022864408356,0.02912966168172804,0.0,0.0,,10000,10000,0
2023-01-31 00:00:00-05:00,0.4293628104641914,0.43712990824526815,0.4392271592700517,0.4469423439184417,0.03001517879112259,0.0,0.0,,10000,10000,0
2023-02-01 00:00:00-05:00,0.43739963697627265,0.449895638159562,0.44378987056546604,0.4558654120554077,0.03621761034197759,0.0,0.0,,10000,10000,0
2023-02-02 00:00:00-05:00,0.45651139609570673,0.4666870754140245,0.46511878442937354,0.4772699479841464,0.047627334652649116,0.0,0.0,,10000,10000,0
2023-02-03 00:00:00-05:00,0.4577832617886304,0.4658220155169116,0.46484730327338203,0.4659807041713418,0.03334878201636597,0.0,0.0,,10000,10000,0
2023-02-06 00:00:00-05:00,0.45407398305455093,0.4554045872024244,0.4606467246071931,0.46312677736161656,0.02472718134002385,0.0,0.0,,10000,10000,0
2023-02-07 00:00:00-05:00,0.45953185632251203,0.4738910039393054,0.4702428183990175,0.4826165987516059,0.06195570337687356,0.0,0.0,,10000,10000,0
2023-02-08 00:00:00-05:00,0.48191145146404313,0.4879987428077431,0.48134189147040063,0.4811174230616115,0.06700907888344666,0.0,0.0,,10000,10000,0
2023-02-09 00:00:00-05:00,0.4829711385188476,0.48309011650855155,0.47516763088479785,0.47549974287145985,0.05082752539963281,0.0,0.0,,10000,10000,0
2023-02-10 00:00:00-05:00,0.4612982178696469,0.4656277169893702,0.47129302365029785,0.4745605588857504,0.02906538709860589,0.0,0.0,,10000,10000,0
2023-02-13 00:00:00-05:00,0.47209068269934495,0.48418498428630424,0.4830439573753291,0.4894084003502264,0.05379256843862974,0.0,0.0,,10000,10000,0
2023-02-14 00:00:00-05:00,0.4809752876442722,0.48483817917885824,0.4869004726938645,0.49094366804015355,0.043825407624411415,0.0,0.0,,10000,10000,0
2023-02-15 00:00:00-05:00,0.474478765858568,0.47854904856425096,0.4824946910016488,0.4870141656901142,0.033145180116046516,0.2207792207792208,0.0,,10000,10000,0
2023-02-16 00:00:00-05:00,0.4668644240203766,0.47148633868159456,0.47472585497831743,0.47403054956385465,0.0340405552903371,0.0,0.0,,10000,10000,0
2023-02-17 00:00:00-05:00,0.45866590976598615,0.4597153420386973,0.46401659664127254,0.466624391978919,0.03456171832117418,0.0,0.0,,10000,10000,0
2023-02-21 00:00:00-05:00,0.44997136424052214,0.45157289519762417,0.45601174703604136,0.456864023385834,0.03245511557332403,0.0,0.0,,10000,10000,0
2023-02-22 00:00:00-05:00,0.44928074700802073,0.44953725666274985,0.4537427957639704,0.4547634463615378,0.024691823747263402,0.0,0.0,,10000,10000,0
2023-02-23 00:00:00-05:00,0.45188384607689513,0.45396255134088737,0.453996986729955,0.4606668077423792,0.03353516516333368,0.0,0.0,,10000,10000,0
2023-02-24 00:00:00-05:00,0.4419675890422598,0.4436252513596388,0.44967697581722216,0.4506167697360413,0.027977582497544683,0.0,0.0,,10000,10000,0
2023-02-27 00:00:00-05:00,0.44639450808128966,0.4468468313458241,0.4520185053388174,0.452318948783024,0.022981646649099158,0.0,0.0,,10000,10000,0
2023-02-28 00:00:00-05:00,0.4403915315523635,0.4444925273678285,0.4508204198986866,0.4509788494312909,0.02469169230639812,0.0,0.0,,10000,10000,0
2023-03-01 00:00:00-05:00,0.4433841092120159,0.4435012611177649,0.44548389539035504,0.4452747860375386,0.031361396133325205,0.0,0.0,,10000,10000,0
2023-03-02 00:00:00-05:00,0.43592922843542725,0.4443332333831984,0.4451572107889411,0.454039173829973,0.027737440036677257,0.0,0.0,,10000,10000,0
2023-03-03 00:00:00-05:00,0.4459163015326051,0.45180296702153666,0.45564870196041674,0.46160833940520035,0.03556066889730578,0.0,0.0,,10000,10000,0
2023-03-06 00:00:00-05:00,0.4534243712554478,0.4597684095889175,0.46398025270627496,0.4644694789578589,0.02681945703355843,0.0,0.0,,10000,10000,0
2023-03-07 00:00:00-05:00,0.4531941954018195,0.45546713801811645,0.45927906609579044,0.4595440806629681,0.02335388717957346,0.0,0.0,,10000,10000,0
2023-03-08 00:00:00-05:00,0.44919226736603984,0.4498913332387904,0.45459598095807635,0.4587292104231083,0.017921436217531478,0.0,0.0,,10000,10000,0
2023-03-09 00:00:00-05:00,0.452344221250531,0.45877715494903576,0.4559936160702423,0.456230263706765,0.030162786882832564,0.0,0.0,,10000,10000,0
2023-03-10 00:00:00-05:00,0.4439507221538674,0.44679358281950254,0.448769285736405,0.4494758269450654,0.03237165062387093,0.0,0.0,,10000,10000,0
2023-03-13 00:00:00-04:00,0.4374343438436722,0.45585651213104644,0.44537499969104094,0.459127551829889,0.038951317458080885,0.0,0.0,,10000,10000,0
2023-03-14 00:00:00-04:00,0.45399103470753255,0.4614500215706497,0.46376244969653524,0.4715679211295753,0.039320140526057895,0.0,0.0,,10000,10000,0
2023-03-15 00:00:00-04:00,0.45971051749148945,0.4710260984557814,0.46984305689324807,0.479988105515128,0.05562892876746324,0.0,0.0,,10000,10000,0
2023-03-16 00:00:00-04:00,0.4689716812259004,0.488868670393121,0.4772308064955507,0.49947263756029964,0.0671179119198989,0.0,0.0,,10000,10000,0
2023-03-17 00:00:00-04:00,0.492080179906481,0.5008521282481885,0.5009002875864242,0.5053215215180451,0.0865167434631829,0.0,0.0,,10000,10000,0
2023-03-20 00:00:00-04:00,0.4898137131612005,0.49049726103722086,0.4891564078935466,0.4922837673918866,0.05226220244416918,0.0,0.0,,10000,10000,0
2023-03-21 00:00:00-04:00,0.48609509222878494,0.48610741799666296,0.4885573774303005,0.49509051437724844,0.04055358160584986,0.0,0.0,,10000,10000,0
2023-03-22 00:00:00-04:00,0.48347425611451644,0.49679868894588136,0.493385586354728,0.49239232624434875,0.04096709456802223,0.0,0.0,,10000,10000,0
2023-03-23 00:00:00-04:00,0.491513645984472,0.4968341706555224,0.49886745990672593,0.5021165179817018,0.043251011043135744,0.0,0.0,,10000,10000,0
2023-03-24 00:00:00-04:00,0.49027403000174247,0.49607298628772345,0.4990125880331244,0.5073859499718758,0.03215884786298184,0.0,0.0,,10000,10000,0
2023-03-27 00:00:00-04:00,0.4960466733269468,0.49754206578880456,0.49944813395995935,0.49979854039981725,0.030408318419176485,0.0,0.0,,10000,10000,0
2023-03-28 00:00:00-04:00,0.4877065061973182,0.4881253564400698,0.49314970371206407,0.4977162356576187,0.0238867484474205,0.0,0.0,,10000,10000,0
2023-03-29 00:00:00-04:00,0.4933196679683575,0.4969756670645534,0.5046939182643756,0.5072772214078152,0.028103897169079222,0.0,0.0,,10000,10000,0
2023-03-30 00:00:00-04:00,0.5026517768565405,0.5028524616247094,0.5102665684530286,0.5136876244742316,0.02805973303834498,0.0,0.0,,10000,10000,0
2023-03-31 00:00:00-04:00,0.501766270019501,0.5113664621841024,0.513025443085202,0.5213834797576866,0.03819724121396681,0.0,0.0,,10000,10000,0
2023-04-03 00:00:00-04:00,0.5067067716678934,0.5095964780206823,0.5147499591102631,0.519446052150014,0.027836152126502898,0.0,0.0,,10000,10000,0
2023-04-04 00:00:00-04:00,0.5079640037256176,0.513455263015383,0.5178719597427139,0.5193554261564527,0.029073010668792153,0.0,0.0,,10000,10000,0
2023-04-05 00:00:00-04:00,0.5055204004636131,0.5076139981817326,0.5128803734733198,0.5142127687303056,0.02413149133857274,0.0,0.0,,10000,10000,0
2023-04-06 00:00:00-04:00,0.5008454703670745,0.5163404425440268,0.511264783929473,0.5273592514205246,0.03425966721275965,0.0,0.0,,10000,10000,0
2023-04-10 00:00:00-04:00,0.5114699928321567,0.5119505835106666,0.5161292869368966,0.5233572822179559,0.025496110401914622,0.0,0.0,,10000,10000,0
2023-04-11 00:00:00-04:00,0.505343108013688,0.5055428184947047,0.510556782346158,0.5114782057448092,0.030981926355260477,0.0,0.0,,10000,10000,0
2023-04-12 00:00:00-04:00,0.5036433177363415,0.5073661381328345,0.511137717790216,0.5126734845325489,0.031148593372436115,0.0,0.0,,10000,10000,0
2023-04-13 00:00:00-04:00,0.5015183596530897,0.5124816502696821,0.5133340654143845,0.5241721807430821,0.026967853770460088,0.0,0.0,,10000,10000,0
2023-04-14 00:00:00-04:00,0.5075567434564284,0.5099682202966581,0.5142779880237679,0.5174722496897448,0.02271600466036732,0.0,0.0,,10000,10000,0
2023-04-17 00:00:00-04:00,0.5127450973388473,0.5154909135950257,0.5187614221655443,0.5222890042763743,0.026459834826151055,0.0,0.0,,10000,10000,0
2023-04-18 00:00:00-04:00,0.5156490700676504,0.5157740248789787,0.5203041963830283,0.5215102543217135,0.021630171672285325,0.0,0.0,,10000,10000,0
2023-04-19 00:00:00-04:00,0.505768258380094,0.5109771361395686,0.5158208786055845,0.5216552445973053,0.017671830014363857,0.0,0.0,,10000,10000,0
2023-04-20 00:00:00-04:00,0.5044578057573159,0.510941649374161,0.5168009116132296,0.5174177722666489,0.02568196778542121,0.0,0.0,,10000,10000,0
2023-04-21 00:00:00-04:00,0.5040329329302887,0.5060562800425215,0.5131344339430874,0.5167841257286455,0.02362097501782338,0.0,0.0,,10000,10000,0
2023-04-24 00:00:00-04:00,0.4988622361724673,0.5037197661949503,0.505256672863357,0.5095588807076358,0.03010705595595364,0.0,0.0,,10000,10000,0
2023-04-25 00:00:00-04:00,0.4942937599532778,0.4977900324073049,0.49917600184557787,0.49806029763816834,0.05529270303407579,0.0,0.0,,10000,10000,0
2023-04-26 00:00:00-04:00,0.5247330746182883,0.5295983849486701,0.5306867960694107,0.5341859570378888,0.0800390747404306,0.0,0.0,,10000,10000,0
2023-04-27 00:00:00-04:00,0.5234404106789023,0.5395640099453264,0.5352609560864997,0.5513163063601777,0.05620017076797218,0.0,0.0,,10000,10000,0
2023-04-28 00:00:00-04:00,0.537677441844637,0.5461664694441428,0.5498910823643752,0.5557167018253264,0.043065285100494434,0.0,0.0,,10000,10000,0
2023-05-01 00:00:00-04:00,0.5429189096748596,0.5455823800202403,0.553230959405793,0.5526383031414116,0.02311847658985613,0.0,0.0,,10000,10000,0
2023-05-02 00:00:00-04:00,0.5443177905827619,0.5466089686865078,0.5509801572898915,0.5523666514428586,0.02983549912828418,0.0,0.0,,10000,10000,0
2023-05-03 00:00:00-04:00,0.5422990556338785,0.5455999685359102,0.5513068334301936,0.5505376695465826,0.024520556299802945,0.0,0.0,,10000,10000,0
2023-05-04 00:00:00-04:00,0.5416261921024897,0.5440954721907102,0.5500544155494748,0.5523666514428586,0.024729678716464178,0.0,0.0,,10000,10000,0
2023-05-05 00:00:00-04:00,0.540705371198491,0.551547489812032,0.55163353991057,0.5618552834815913,0.03219183952016724,0.0,0.0,,10000,10000,0
2023-05-08 00:00:00-04:00,0.5485145025778491,0.5484145001848558,0.5549371663235662,0.5582336945416361,0.023150679601849848,0.0,0.0,,10000,10000,0
2023-05-09 00:00:00-04:00,0.5447428298818868,0.5481313468113448,0.5553365687484341,0.5552459218512826,0.023179859473942112,0.0,0.0,,10000,10000,0
2023-05-10 00:00:00-04:00,0.5458406016768748,0.5533707008334579,0.5578050987334559,0.5648612718835095,0.03466411075522767,0.0,0.0,,10000,10000,0
2023-05-11 00:00:00-04:00,0.548461368497052,0.5500429387603485,0.5552457519372905,0.5608774618219726,0.03677005629875142,0.0,0.0,,10000,10000,0
2023-05-12 00:00:00-04:00,0.5492582264273854,0.5492110404473403,0.5558629409658116,0.5588132030797404,0.021121364082784613,0.0,0.0,,10000,10000,0
2023-05-15 00:00:00-04:00,0.5466906174748193,0.5478834424405994,0.5576598855180817,0.5597004553163305,0.01660216425271136,0.0,0.0,,10000,10000,0
2023-05-16 00:00:00-04:00,0.5479832074704301,0.5546274434522104,0.5617257576544512,0.5638290859418605,0.030263864908233244,0.0,0.0,,10000,10000,0
2023-05-17 00:00:00-04:00,0.5535482524481642,0.5571186516418324,0.5646106164986036,0.5691645923143566,0.027089173689113965,0.2207792207792208,0.0,,10000,10000,0
2023-05-18 00:00:00-04:00,0.5575234284414137,0.5652966370886288,0.5700316009271931,0.5773673761423209,0.03098113771006879,0.0,0.0,,10000,10000,0
2023-05-19 00:00:00-04:00,0.5614453688919783,0.5647821821755853,0.574852248355912,0.5770407378858766,0.03133694813238304,0.0,0.0,,10000,10000,0
2023-05-22 00:00:00-04:00,0.5647462298071313,0.5715941861708284,0.5778356291801219,0.5821947094185858,0.026827212044609982,0.0,0.0,,10000,10000,0
2023-05-23 00:00:00-04:00,0.5672839795000981,0.5718248417288465,0.5728148910378461,0.5714512863915971,0.03560943345832484,0.0,0.0,,10000,10000,0
2023-05-24 00:00:00-04:00,0.5578784144636512,0.5607908035983311,0.5680123940402942,0.5688924314810082,0.025866642201140277,0.0,0.0,,10000,10000,0
2023-05-25 00:00:00-04:00,0.5729803806381661,0.5792398072542776,0.5814555088025515,0.5907966549260565,0.052045456457321684,0.0,0.0,,10000,10000,0
2023-05-26 00:00:00-04:00,0.5743647015989348,0.5907706472467271,0.588513784891937,0.6034457694918113,0.043276904893595994,0.0,0.0,,10000,10000,0
2023-05-30 00:00:00-04:00,0.5942584750107015,0.594921760708498,0.6005927244567887,0.600396957196556,0.03390845722073023,0.0,0.0,,10000,10000,0
2023-05-31 00:00:00-04:00,0.5890409614026194,0.595276496668509,0.5947896709542388,0.5952792473753781,0.05552719353773615,0.0,0.0,,10000,10000,0
2023-06-01 00:00:00-04:00,0.5777542467028479,0.5910012525282632,0.5900418153130278,0.6028831189724843,0.030321173125495534,0.0,0.0,,10000,10000,0
2023-06-02 00:00:00-04:00,0.5925192593423388,0.5980438934056582,0.6042854693602856,0.6080008287936622,0.02913807389710599,0.0,0.0,,10000,10000,0
2023-06-05 00:00:00-04:00,0.5942406354858442,0.5999242615175344,0.6081238028359942,0.6089808001335276,0.02313556390234259,0.0,0.0,,10000,10000,0
2023-06-06 00:00:00-04:00,0.5944358152499986,0.5942653244348178,0.6035942245571134,0.6048793799342791,0.021938269060502755,0.0,0.0,,10000,10000,0
2023-06-07 00:00:00-04:00,0.5879052071262583,0.592704274336512,0.5860034180594567,0.5861872313421753,0.048648235853282554,0.0,0.0,,10000,10000,0
2023-06-08 00:00:00-04:00,0.5742228604026678,0.5787788291414121,0.5875497654933323,0.5895991133170043,0.02572573759355961,0.0,0.0,,10000,10000,0
2023-06-09 00:00:00-04:00,0.5760861393234028,0.5847214796077316,0.5894779514357092,0.5923756516378457,0.0247416398352047,0.0,0.0,,10000,10000,0
2023-06-12 00:00:00-04:00,0.5824570073937416,0.5884644885393692,0.590842213535052,0.6015583502351427,0.027017275535805543,0.0,0.0,,10000,10000,0
2023-06-13 00:00:00-04:00,0.5929096947770308,0.5971214675683943,0.6003562470331022,0.6059864652613682,0.025296714609284142,0.0,0.0,,10000,10000,0
2023-06-14 00:00:00-04:00,0.5926789088844315,0.6007757430709038,0.6047583940408457,0.6115214393325518,0.029308947021970604,0.0,0.0,,10000,10000,0
2023-06-15 00:00:00-04:00,0.5982513374730769,0.6199345201683136,0.6127443715647328,0.6310485124183964,0.046258640922483545,0.0,0.0,,10000,10000,0
2023-06-16 00:00:00-04:00,0.6228124022147506,0.6228261805883467,0.6213852577319691,0.620577306795289,0.05631767890153292,0.0,0.0,,10000,10000,0
2023-06-20 00:00:00-04:00,0.6014988291422205,0.6061685124077255,0.6103066403577663,0.6128098897878295,0.029797381277352843,0.0,0.0,,10000,10000,0
2023-06-21 00:00:00-04:00,0.596281476747824,0.5984519195081561,0.6034123265991185,0.6046616399534939,0.028144380955585604,0.0,0.0,,10000,10000,0
2023-06-22 00:00:00-04:00,0.5922885824785964,0.6026916920954919,0.6057226197032509,0.6158225535126193,0.02609258904855741,0.0,0.0,,10000,10000,0
2023-06-23 00:00:00-04:00,0.5927144171754148,0.5988598728244044,0.6059226888553769,0.6073111774281771,0.02555381294177275,0.0,0.0,,10000,10000,0
2023-06-26 00:00:00-04:00,0.5915788188875779,0.5955781802836928,0.5968999900967729,0.5956604761959837,0.023416190149716402,0.0,0.0,,10000,10000,0
2023-06-27 00:00:00-04:00,0.5882779008471192,0.5956490881715274,0.5983734017002214,0.6064946383575993,0.027140567067438625,0.0,0.0,,10000,10000,0
2023-06-28 00:00:00-04:00,0.5932468473916501,0.5988953934220457,0.6065775497944959,0.6088174810053055,0.021758589397664348,0.0,0.0,,10000,10000,0
2023-06-29 00:00:00-04:00,0.5933355863147204,0.5955780738842837,0.6044128299973069,0.6073656548512729,0.017470331167888892,0.0,0.0,,10000,10000,0
2023-06-30 00:00:00-04:00,0.5987304746994898,0.6073217040591853,0.612744376483907,0.6173288005192149,0.030398591795145733,0.0,0.0,,10000,10000,0
2023-07-03 00:00:00-04:00,0.60128592119758,0.6040752942331231,0.6115982909698463,0.6127010480827033,0.011570870811505388,0.0,0.0,,10000,10000,0
2023-07-05 00:00:00-04:00,0.594009960236822,0.6054058245016258,0.608251191134532,0.6129914811981492,0.01901528709839558,0.0,0.0,,10000,10000,0
2023-07-06 00:00:00-04:00,0.5979318822273757,0.6077829125180781,0.6096518779316497,0.6186535692565565,0.03214465224953155,0.0,0.0,,10000,10000,0
2023-07-07 00:00:00-04:00,0.601516642742823,0.6056541536468552,0.6123805065612699,0.6113036993517666,0.023014243983688714,0.0,0.0,,10000,10000,0
2023-07-10 00:00:00-04:00,0.5931404231139893,0.5940170564396453,0.595262713583345,0.6015220885236116,0.03823062719374805,0.0,0.0,,10000,10000,0
2023-07-11 00:00:00-04:00,0.5868582144733808,0.5898127494545666,0.594189464710448,0.6026835947032638,0.030221672390478214,0.0,0.0,,10000,10000,0
2023-07-12 00:00:00-04:00,0.5966896424131661,0.6054057872142877,0.6099611244569503,0.6112674376402355,0.03455540915964072,0.0,0.0,,10000,10000,0
2023-07-13 00:00:00-04:00,0.6019426579198635,0.6091134618183766,0.6160552175290219,0.6211762190261472,0.022163032940132367,0.0,0.0,,10000,10000,0
2023-07-14 00:00:00-04:00,0.6161927812553722,0.6227549994585748,0.6256781302190655,0.6258581094625578,0.03239636150654366,0.0,0.0,,10000,10000,0
2023-07-17 00:00:00-04:00,0.6128033949834392,0.6148787958739066,0.6218400071669511,0.6267475679499275,0.021895813661017165,0.0,0.0,,10000,10000,0
2023-07-18 00:00:00-04:00,0.6130695781084328,0.6499854576749403,0.6217854343819659,0.6517188759723286,0.08022230330663156,0.0,0.0,,10000,10000,0
2023-07-19 00:00:00-04:00,0.6413219661901202,0.6423220865663607,0.6404678527535788,0.6437158426957159,0.04735459485719214,0.0,0.0,,10000,10000,0
2023-07-20 00:00:00-04:00,0.6268052161431645,0.6343567937479552,0.6276064751064737,0.6288162957642517,0.03952794853406632,0.0,0.0,,10000,10000,0
2023-07-21 00:00:00-04:00,0.6189613506271676,0.6207505590198087,0.6175286253124251,0.6231905259879083,0.08635638560754072,0.0,0.0,,10000,10000,0
2023-07-24 00:00:00-04:00,0.6131050723081928,0.6147546250125886,0.6220400476997843,0.6256223234818062,0.030195252776556842,0.0,0.0,,10000,10000,0
2023-07-25 00:00:00-04:00,0.6153410264281751,0.6235711506933702,0.6270607656030069,0.6362750639447006,0.0498582804590546,0.0,0.0,,10000,10000,0
2023-07-26 00:00:00-04:00,0.6052788883265904,0.6107631881781092,0.6053041545068438,0.612301829832664,0.07186936775892273,0.0,0.0,,10000,10000,0
2023-07-27 00:00:00-04:00,0.6035752532907773,0.604838119220203,0.5979185605662864,0.5995076684207847,0.04722630857267839,0.0,0.0,,10000,10000,0
2023-07-28 00:00:00-04:00,0.5914899724026942,0.6024965255833993,0.6054133442396543,0.6133906994481885,0.03257012633044444,0.0,0.0,,10000,10000,0
2023-07-31 00:00:00-04:00,0.5972576086830578,0.5983987522211901,0.6057589925648892,0.6089445949925293,0.028575769875436124,0.0,0.0,,10000,10000,0
2023-08-01 00:00:00-04:00,0.5941874663316864,0.5998888702635686,0.6063775389439239,0.6097067697810767,0.01919864710546184,0.0,0.0,,10000,10000,0
2023-08-02 00:00:00-04:00,0.5914190579716021,0.5911787461000373,0.5930252191266088,0.5936641586636562,0.03161902022927494,0.0,0.0,,10000,10000,0
2023-08-03 00:00:00-04:00,0.577878459642693,0.5845262889196177,0.5922793192152255,0.592139639374963,0.019122148521868606,0.0,0.0,,10000,10000,0
2023-08-04 00:00:00-04:00,0.5883135363209269,0.5938575355000408,0.5946261418592799,0.5941723883304201,0.026335360326730447,0.0,0.0,,10000,10000,0
2023-08-07 00:00:00-04:00,0.5820844433887714,0.5867083278710351,0.5951353904238241,0.5984006962347612,0.01844890840990202,0.0,0.0,,10000,10000,0
2023-08-08 00:00:00-04:00,0.5795821653799185,0.5825217770110764,0.5869129840935848,0.5910326671889393,0.02447691793252983,0.0,0.0,,10000,10000,0
2023-08-09 00:00:00-04:00,0.5787126972013802,0.5796125450959294,0.5833657782407301,0.5841003443868191,0.024536986407963004,0.0,0.0,,10000,10000,0
2023-08-10 00:00:00-04:00,0.5779139570981413,0.581652508866785,0.5836021388505231,0.5853705225599992,0.021566948616085418,0.0,0.0,,10000,10000,0
2023-08-11 00:00:00-04:00,0.5676921907769387,0.5712749442029819,0.5800185903397728,0.5818862868737064,0.027142407239552555,0.0,0.0,,10000,10000,0
2023-08-14 00:00:00-04:00,0.5696974227707524,0.5742018484383817,0.5816010912161926,0.5873849426628259,0.019887660121262085,0.0,0.0,,10000,10000,0
2023-08-15 00:00:00-04:00,0.5725545595603091,0.5760290214923077,0.5830927749736206,0.5834286824507675,0.017429978822247786,0.0,0.0,,10000,10000,0
2023-08-16 00:00:00-04:00,0.5698556090292553,0.5760589063691716,0.5823233668795609,0.5820101197700271,0.02233614055970675,0.2207792207792208,0.0,,10000,10000,0
2023-08-17 00:00:00-04:00,0.5693933202733192,0.5715257590891849,0.5757789889491111,0.5756086548477948,0.023069974910567635,0.0,0.0,,10000,10000,0
2023-08-18 00:00:00-04:00,0.5586341109564943,0.565321660453964,0.5672840757983632,0.5748813275074582,0.027667513496348047,0.0,0.0,,10000,10000,0
2023-08-21 00:00:00-04:00,0.5647517837129684,0.5731257926317067,0.5772921826807604,0.5847018588621865,0.026727711309592662,0.0,0.0,,10000,10000,0
2023-08-22 00:00:00-04:00,0.5782142235252501,0.5790100068436178,0.5853496382568681,0.5857566164464265,0.016271064713069848,0.0,0.0,,10000,10000,0
2023-08-23 00:00:00-04:00,0.5752265088231446,0.5845564967234533,0.5889955417182945,0.5940131422805602,0.022950626604892964,0.0,0.0,,10000,10000,0
2023-08-24 00:00:00-04:00,0.5912853629561597,0.5912762137373112,0.5826151233820847,0.581228201865529,0.025730600905574986,0.0,0.0,,10000,10000,0
2023-08-25 00:00:00-04:00,0.5710473244076442,0.5777300776197162,0.5805005730060508,0.586702362613942,0.02363109596444998,0.0,0.0,,10000,10000,0
2023-08-28 00:00:00-04:00,0.5784987737805825,0.5791344605740785,0.5858236275833462,0.5880117441663593,0.014593747831225724,0.0,0.0,,10000,10000,0
2023-08-29 00:00:00-04:00,0.5717764432663056,0.5841654211760475,0.5861153059132851,0.596577427962299,0.02047717240204501,0.0,0.0,,10000,10000,0
2023-08-30 00:00:00-04:00,0.5838517363865798,0.5856408819629412,0.594446249374832,0.5972684935911043,0.015137387250025763,0.0,0.0,,10000,10000,0
2023-08-31 00:00:00-04:00,0.5847942405479868,0.5875963362783062,0.5950477599528716,0.5953952735381711,0.029844174225392695,0.0,0.0,,10000,10000,0
2023-09-01 00:00:00-04:00,0.588546633856176,0.5895162522368211,0.5950477680677331,0.5970320287639591,0.014769221386375157,0.0,0.0,,10000,10000,0
2023-09-05 00:00:00-04:00,0.5844385802355124,0.5946005771160525,0.5984749834330989,0.6059250862332696,0.019516733999440587,0.0,0.0,,10000,10000,0
2023-09-06 00:00:00-04:00,0.5922279829772942,0.5939072702236129,0.6012458980056529,0.6047066700976105,0.018178534550020085,0.0,0.0,,10000,10000,0
2023-09-07 00:00:00-04:00,0.5885110968800048,0.5914539661120966,0.5991494500098744,0.5993053156249238,0.019289472743370648,0.0,0.0,,10000,10000,0
2023-09-08 00:00:00-04:00,0.5863769423181108,0.5969292966361051,0.5999332500821798,0.6072344112151541,0.020799859726308573,0.0,0.0,,10000,10000,0
2023-09-11 00:00:00-04:00,0.5990924486982391,0.6009469498029308,0.6108163511823763,0.6139087723876613,0.016926560308223572,0.0,0.0,,10000,10000,0
2023-09-12 00:00:00-04:00,0.5965671914577513,0.5980492982387032,0.6036157069859656,0.6026878940637573,0.018217572487008386,0.0,0.0,,10000,10000,0
2023-09-13 00:00:00-04:00,0.5885466451730406,0.5981559851201967,0.6030506210009742,0.610489819096231,0.016875429811629466,0.0,0.0,,10000,10000,0
2023-09-14 00:00:00-04:00,0.6024892613225029,0.6052845974227683,0.6128946324535642,0.6152910167863377,0.021768447462560386,0.0,0.0,,10000,10000,0
2023-09-15 00:00:00-04:00,0.5985235345913008,0.5991337771147854,0.6002797498933641,0.5998691541254398,0.04465598245211873,0.0,0.0,,10000,10000,0
2023-09-18 00:00:00-04:00,0.582304456875766,0.5866896958879456,0.5942821019230877,0.5977594692453613,0.01725634543921228,0.0,0.0,,10000,10000,0
2023-09-19 00:00:00-04:00,0.5794057603101418,0.5848942814748332,0.5909097027950327,0.5970138696229271,0.016824825078496485,0.0,0.0,,10000,10000,0
2023-09-20 00:00:00-04:00,0.5853455406119125,0.5852497422260087,0.5836177942971612,0.5826830828283334,0.023305648382015525,0.0,0.0,,10000,10000,0
2023-09-21 00:00:00-04:00,0.5671170022258596,0.5777122497202665,0.5735732417470677,0.5804280116789334,0.04187022475336437,0.0,0.0,,10000,10000,0
2023-09-22 00:00:00-04:00,0.570780500384698,0.5707791843768326,0.5756696508468017,0.57584511967494,0.0233206326406575,0.0,0.0,,10000,10000,0
2023-09-25 00:00:00-04:00,0.5623687148749871,0.5640594630688867,0.573573291232572,0.5768090249834874,0.018573120027592066,0.0,0.0,,10000,10000,0
2023-09-26 00:00:00-04:00,0.5597722261907542,0.5608772899135591,0.5644948579355963,0.5669884370582263,0.029695120284164638,0.0,0.0,,10000,10000,0
2023-09-27 00:00:00-04:00,0.5547394016796444,0.5580685317000462,0.5638933660147695,0.5681705914823543,0.020642130687972004,0.0,0.0,,10000,10000,0
2023-09-28 00:00:00-04:00,0.5524096624590635,0.5601662285962082,0.5634558241623703,0.569716381291384,0.0210016214545141,0.0,0.0,,10000,10000,0
2023-09-29 00:00:00-04:00,0.564431597713575,0.5672592667706223,0.5735367900868893,0.5735536171024105,0.026868747358038608,0.0,0.0,,10000,10000,0
2023-10-02 00:00:00-04:00,0.5618173014334664,0.5715613040127995,0.5739012934560388,0.5845561897402011,0.02216671328436022,0.0,0.0,,10000,10000,0
2023-10-03 00:00:00-04:00,0.5699090510570637,0.5706725264941497,0.5666642017938054,0.569261723919191,0.022775941694935214,0.0,0.0,,10000,10000,0
2023-10-04 00:00:00-04:00,0.5578160638517928,0.568272672727209,0.5717503610016684,0.5793914698062581,0.02236400602314621,0.0,0.0,,10000,10000,0
2023-10-05 00:00:00-04:00,0.5668147378001528,0.5681660174944382,0.5733910215989695,0.5801189102876603,0.017429058736190824,0.0,0.0,,10000,10000,0
2023-10-06 00:00:00-04:00,0.5622976157006291,0.5845387716456182,0.5759431761973517,0.5944860719348508,0.02887492928481448,0.0,0.0,,10000,10000,0
2023-10-09 00:00:00-04:00,0.5768803403128415,0.5865118764860676,0.58848505057373,0.599141600502972,0.021274492690836363,0.0,0.0,,10000,10000,0
2023-10-10 00:00:00-04:00,0.5879241607094324,0.5879340900282571,0.5966702085257526,0.5965409965391695,0.02214975741273904,0.0,0.0,,10000,10000,0
2023-10-11 00:00:00-04:00,0.5883688288802795,0.5909918312557447,0.5993500395995407,0.6038701050584181,0.02150057097911878,0.0,0.0,,10000,10000,0
2023-10-12 00:00:00-04:00,0.5872306070246792,0.592431697381398,0.598584290606308,0.6015785459153558,0.020514633048649946,0.0,0.0,,10000,10000,0
2023-10-13 00:00:00-04:00,0.5904494304312159,0.5927871422293413,0.5942819997641001,0.5953406264034767,0.02282707219152932,0.0,0.0,,10000,10000,0
2023-10-16 00:00:00-04:00,0.5880843033186824,0.596893881724828,0.6020115771410903,0.6042702284369823,0.024253994225014144,0.0,0.0,,10000,10000,0
2023-10-17 00:00:00-04:00,0.585487769412325,0.5921294700977617,0.5961962196664599,0.6032153011411439,0.01923361037562645,0.0,0.0,,10000,10000,0
2023-10-18 00:00:00-04:00,0.5906451383671756,0.5959160485106896,0.5978186669906932,0.5996690075803586,0.02556261947974654,0.0,0.0,,10000,10000,0
2023-10-19 00:00:00-04:00,0.5900404582275401,0.5982092825160013,0.6025766002845305,0.6018695447361297,0.028058024307096332,0.0,0.0,,10000,10000,0
2023-10-20 00:00:00-04:00,0.5892758875430838,0.5893919590919368,0.5926233558423064,0.593413098639046,0.0280259527359679,0.0,0.0,,10000,10000,0
2023-10-23 00:00:00-04:00,0.578160890925312,0.5908318711722679,0.5906909847702249,0.5982323988996519,0.027167643885686408,0.0,0.0,,10000,10000,0
2023-10-24 00:00:00-04:00,0.5885288715326668,0.5892496449229515,0.5965426519135739,0.6004328794848902,0.036077888702184445,0.0,0.0,,10000,10000,0
2023-10-25 00:00:00-04:00,0.6129283542925413,0.6147775698593043,0.6148086512200517,0.6188736286291869,0.06749251838594825,0.0,0.0,,10000,10000,0
2023-10-26 00:00:00-04:00,0.6049612003744333,0.6066534175323504,0.5953394197233087,0.5956316817947835,0.04485143501879079,0.0,0.0,,10000,10000,0
2023-10-27 00:00:00-04:00,0.5869817040807369,0.5979249289049682,0.5980010287115581,0.5991234979324729,0.03437296923863142,0.0,0.0,,10000,10000,0
2023-10-30 00:00:00-04:00,0.592281294688624,0.6027780654776174,0.6042537400805371,0.6127631059571957,0.025134779463258598,0.0,0.0,,10000,10000,0
2023-10-31 00:00:00-04:00,0.6019557142167311,0.6019780234994823,0.609467398728297,0.6142179303494671,0.021766212967850616,0.0,0.0,,10000,10000,0
2023-11-01 00:00:00-04:00,0.6036273832036267,0.6169463778055566,0.6185092609307848,0.6286941599839152,0.03214149766876482,0.0,0.0,,10000,10000,0
2023-11-02 00:00:00-04:00,0.6168764607644498,0.6194529836153583,0.6278429071784664,0.6327861329041845,0.027132680615521803,0.0,0.0,,10000,10000,0
2023-11-03 00:00:00-04:00,0.621126920819539,0.6293372004090262,0.6325097657590932,0.6409335907510608,0.026198924708569313,0.0,0.0,,10000,10000,0
2023-11-06 00:00:00-05:00,0.6279202464343573,0.634936836216669,0.6434838925776405,0.6477169067697598,0.0264494509977939,0.0,0.0,,10000,10000,0
2023-11-07 00:00:00-05:00,0.6385017492302386,0.6436832537347605,0.6512862719067897,0.6549914812953798,0.02908562899185908,0.0,0.0,,10000,10000,0
2023-11-08 00:00:00-05:00,0.6425564768730395,0.6461898292079492,0.6566092887331085,0.6598472129791152,0.030313155232713423,0.0,0.0,,10000,10000,0
2023-11-09 00:00:00-05:00,0.6436590939886447,0.6478253722178124,0.6562629428762083,0.6552824801161538,0.027788833415001924,0.0,0.0,,10000,10000,0
2023-11-10 00:00:00-05:00,0.6422184938953166,0.6572649256864745,0.6575571802137617,0.6716136009509046,0.031988106178982505,0.0,0.0,,10000,10000,0
2023-11-13 00:00:00-05:00,0.6541872534801555,0.65436739181998,0.6663622261514349,0.6661760413372196,0.021399755835448654,0.0,0.0,,10000,10000,0
2023-11-14 00:00:00-05:00,0.6591490091583866,0.6605538796884839,0.6690055682400166,0.67270490309934,0.03151728499954785,0.0,0.0,,10000,10000,0
2023-11-15 00:00:00-05:00,0.6609692074101455,0.6639977843307885,0.6699262269524504,0.6729781953433444,0.0304344751513673,0.2435064935064935,0.0,,10000,10000,0
2023-11-16 00:00:00-05:00,0.6603989499264828,0.6697336427173622,0.6755340974392375,0.6848232163557396,0.03085797761930099,0.0,0.0,,10000,10000,0
2023-11-17 00:00:00-05:00,0.6651211892922934,0.6662065445878482,0.6697252576020023,0.6733061347220433,0.047912035566846624,0.0,0.0,,10000,10000,0
2023-11-20 00:00:00-05:00,0.6608622738245279,0.6742225419497906,0.6770319610313158,0.6871375168529914,0.06408990870643262,0.0,0.0,,10000,10000,0
2023-11-21 00:00:00-05:00,0.6687922684859676,0.6695021046153584,0.677251209713553,0.6791740829493457,0.03248889587570111,0.0,0.0,,10000,10000,0
2023-11-22 00:00:00-05:00,0.6729442843076806,0.6758614115753848,0.6842838508099507,0.6878847004503442,0.02581459161848921,0.0,0.0,,10000,10000,0
2023-11-24 00:00:00-05:00,0.6717502587189965,0.6726193316000014,0.6845943479669191,0.6871192445708939,0.008505538392299457,0.0,0.0,,10000,10000,0
2023-11-27 00:00:00-05:00,0.6707701673905307,0.6773754758680097,0.6865305964543104,0.6892695470935299,0.024281859688453603,0.0,0.0,,10000,10000,0
2023-11-28 00:00:00-05:00,0.6735680146622455,0.681579461182893,0.6901109342408386,0.6967229410733619,0.022013058912847345,0.0,0.0,,10000,10000,0
2023-11-29 00:00:00-05:00,0.6832086377155308,0.6838951358752209,0.6887957098903409,0.6897070070237487,0.03319907087081151,0.0,0.0,,10000,10000,0
2023-11-30 00:00:00-05:00,0.67381746010526,0.6763957981597664,0.6851971947656061,0.6898163578636701,0.03529029503742385,0.0,0.0,,10000,10000,0
2023-12-01 00:00:00-05:00,0.6707345944881433,0.6729578237986877,0.677598228446062,0.6817981636842645,0.03855804638916171,0.0,0.0,,10000,10000,0
2023-12-04 00:00:00-05:00,0.6570844468937452,0.6575671748779233,0.6622359786211748,0.6720123666366814,0.037273606253640915,0.0,0.0,,10000,10000,0
2023-12-05 00:00:00-05:00,0.6523621262719431,0.6639086573742152,0.667204486130434,0.6781717096784875,0.025446162873108042,0.0,0.0,,10000,10000,0
2023-12-06 00:00:00-05:00,0.6649965647434776,0.665868163390733,0.6716067948809863,0.6713927495908149,0.022971262820742,0.0,0.0,,10000,10000,0
2023-12-07 00:00:00-05:00,0.6555340242448285,0.6610050802669486,0.6684831062067808,0.6753106549816282,0.025517009499494217,0.0,0.0,,10000,10000,0
2023-12-08 00:00:00-05:00,0.6572627405783605,0.6663669975658403,0.6719722166143463,0.681288010619385,0.02162044504825457,0.0,0.0,,10000,10000,0
2023-12-11 00:00:00-05:00,0.6559795364933104,0.6612722792881497,0.6680812494365108,0.6759484311685268,0.03155001377500269,0.0,0.0,,10000,10000,0
2023-12-12 00:00:00-05:00,0.6602029391542338,0.6662956860689814,0.6760455444311739,0.6815612462928566,0.027777003737126684,0.0,0.0,,10000,10000,0
2023-12-13 00:00:00-05:00,0.6694159473185697,0.6720316282401022,0.6766118871711025,0.6815430871518248,0.03581750434806383,0.0,0.0,,10000,10000,0
2023-12-14 00:00:00-05:00,0.6645866505657969,0.6651200044338906,0.6644827800210095,0.6661626906914766,0.05201364776792381,0.0,0.0,,10000,10000,0
2023-12-15 00:00:00-05:00,0.6530749558876839,0.6626974106031517,0.6684101314375843,0.6749098527566703,0.09831342968124014,0.0,0.0,,10000,10000,0
2023-12-18 00:00:00-05:00,0.6577081445978642,0.6637661833145232,0.6727940832007208,0.6784086270698954,0.023787247712403183,0.0,0.0,,10000,10000,0
2023-12-19 00:00:00-05:00,0.6613434205680754,0.6642293726613563,0.6749130492925651,0.6795202946101421,0.022211008855959738,0.0,0.0,,10000,10000,0
2023-12-20 00:00:00-05:00,0.6675982717974276,0.6691636185533592,0.6761734535271744,0.6747093667883921,0.02972022548943321,0.0,0.0,,10000,10000,0
2023-12-21 00:00:00-05:00,0.6632501430085678,0.666277848440134,0.6752783694202545,0.6800305042455543,0.01840487572003306,0.0,0.0,,10000,10000,0
2023-12-22 00:00:00-05:00,0.6652459837450875,0.6676494529131818,0.6801555382280563,0.681925673665218,0.017615573324023814,0.0,0.0,,10000,10000,0
2023-12-26 00:00:00-05:00,0.667598263761121,0.670784620806539,0.6815986416242057,0.6820715124988017,0.011786959594026484,0.0,0.0,,10000,10000,0
2023-12-27 00:00:00-05:00,0.6652637661926782,0.6674356477066172,0.68033815960032,0.6809962763816845,0.014721114029682503,0.0,0.0,,10000,10000,0
2023-12-28 00:00:00-05:00,0.6682575434835745,0.6699295132324647,0.682804192923708,0.6832012826095477,0.01396086006490024,0.0,0.0,,10000,10000,0
2023-12-29 00:00:00-05:00,0.6693802553947259,0.6711765020110383,0.6815621162193322,0.6845862989643319,0.019749252890121746,0.0,0.0,,10000,10000,0
2024-01-02 00:00:00-05:00,0.6655668021862917,0.6689320787059871,0.6693052173717408,0.6751649858596428,0.028329449693900517,0.0,0.0,,10000,10000,0
2024-01-03 00:00:00-05:00,0.6569240273712277,0.6642293129668343,0.6724835493776499,0.6746728787947297,0.02547047943318493,0.0,0.0,,10000,10000,0
2024-01-04 00:00:00-05:00,0.6598821552010604,0.6639442903534969,0.6700358211334069,0.6698255195498501,0.02260243975276499,0.0,0.0,,10000,10000,0
2024-01-05 00:00:00-05:00,0.6568527589268184,0.6620917311190635,0.6688119632977403,0.6694793078890537,0.02273795528486916,0.0,0.0,,10000,10000,0
2024-01-08 00:00:00-05:00,0.657440802248553,0.6676851168979498,0.6733969154615203,0.6821261596334961,0.025536857070151568,0.0,0.0,,10000,10000,0
2024-01-09 00:00:00-05:00,0.6622700386755482,0.669092290094375,0.6773789978302861,0.6841306798930811,0.02250845953408945,0.0,0.0,,10000,10000,0
2024-01-10 00:00:00-05:00,0.6700396186250674,0.6836636235326747,0.686749868415427,0.6968504510543153,0.028665412545557403,0.0,0.0,,10000,10000,0
2024-01-11 00:00:00-05:00,0.6872003305832337,0.6952600068264683,0.6941661308668949,0.7002399876686844,0.03173665980370096,0.0,0.0,,10000,10000,0
2024-01-12 00:00:00-05:00,0.6862914288399452,0.6916972980400478,0.7019659052608618,0.7072375928656673,0.02360099600630075,0.0,0.0,,10000,10000,0
2024-01-16 00:00:00-05:00,0.700850468330541,0.7012274325758058,0.7073911485853184,0.710517778640115,0.03088426579235708,0.0,0.0,,10000,10000,0
2024-01-17 00:00:00-05:00,0.6907286498867927,0.6942445718409074,0.7022581735412124,0.7090598994390718,0.024354020723492582,0.0,0.0,,10000,10000,0
2024-01-18 00:00:00-05:00,0.6973933599599285,0.7011561473584185,0.711957792934239,0.7170780936184774,0.02587610594344047,0.0,0.0,,10000,10000,0
2024-01-19 00:00:00-05:00,0.7045927024741753,0.7094928125452007,0.718131961764095,0.7258252556836712,0.03368237893244781,0.0,0.0,,10000,10000,0
2024-01-22 00:00:00-05:00,0.7121839668803026,0.7129663253401163,0.7182963203848671,0.7218890214402275,0.030640574428127083,0.0,0.0,,10000,10000,0
2024-01-23 00:00:00-05:00,0.7045748990102207,0.7107575708622635,0.7189174488802328,0.7262443867612596,0.02210874786277153,0.0,0.0,,10000,10000,0
2024-01-24 00:00:00-05:00,0.7148927146409967,0.7218908382558689,0.7308273377564118,0.7329140525795436,0.02781472726546218,0.0,0.0,,10000,10000,0
2024-01-25 00:00:00-05:00,0.7198466189749114,0.724349008375106,0.7346267108008012,0.737123522496459,0.022759774468505717,0.0,0.0,,10000,10000,0
2024-01-26 00:00:00-05:00,0.7199357184207075,0.7228527248239502,0.7344440546304708,0.735410566762976,0.01853013886464535,0.0,0.0,,10000,10000,0
2024-01-29 00:00:00-05:00,0.7229473062340948,0.7296395579514823,0.7379147036548304,0.7459617631194766,0.027345746258141446,0.0,0.0,,10000,10000,0
2024-01-30 00:00:00-05:00,0.7339956916551177,0.7351081189223485,0.7417872201329353,0.7439024825841316,0.039132574411302655,0.0,0.0,,10000,10000,0
2024-01-31 00:00:00-05:00,0.7245510616361028,0.7391517778594117,0.7249088229930023,0.7238388379945854,0.058051515355447655,0.0,0.0,,10000,10000,0
2024-02-01 00:00:00-05:00,0.7154094010897565,0.7261125087331457,0.7332932337748562,0.7351372179484387,0.035426073451258575,0.0,0.0,,10000,10000,0
2024-02-02 00:00:00-05:00,0.7189377638174611,0.7343956246156013,0.7365081568364666,0.7486951946943169,0.0322701782758744,0.0,0.0,,10000,10000,0
2024-02-05 00:00:00-05:00,0.7297901656877585,0.7317414778524933,0.7372936160901433,0.7385449137038398,0.028452609784668317,0.0,0.0,,10000,10000,0
2024-02-06 00:00:00-05:00,0.7226266533990034,0.7260591767897465,0.7353209674482204,0.7382534623188034,0.019291575797215136,0.0,0.0,,10000,10000,0
2024-02-07 00:00:00-05:00,0.7254065216646185,0.7373348738708103,0.7435226203789839,0.7538523907473961,0.02449387380415101,0.0,0.0,,10000,10000,0
2024-02-08 00:00:00-05:00,0.7371855011676984,0.7395793190068968,0.7528933797606842,0.7539616850167847,0.023028045274543163,0.0,0.0,,10000,10000,0
2024-02-09 00:00:00-05:00,0.7393238530509308,0.7489490195762328,0.7575695608497381,0.7656972986187256,0.02408943026168299,0.0,0.0,,10000,10000,0
2024-02-12 00:00:00-05:00,0.7487863714336604,0.7488065676675792,0.7569485868712227,0.7560573969752593,0.02299860252072034,0.0,0.0,,10000,10000,0
2024-02-13 00:00:00-05:00,0.7209513770770951,0.7297997755465064,0.7361975943636058,0.7397658189429425,0.03170261661959332,0.0,0.0,,10000,10000,0
2024-02-14 00:00:00-05:00,0.7278738389021643,0.7307401512315456,0.7397197075937217,0.7469225004781866,0.02194484110376678,0.2435064935064935,0.0,,10000,10000,0
2024-02-15 00:00:00-05:00,0.727998914057693,0.7294731798568763,0.7392073904862113,0.7415733606072835,0.023816953347956568,0.0,0.0,,10000,10000,0
2024-02-16 00:00:00-05:00,0.7276774990688092,0.7279740882913641,0.7376518229718937,0.7370091368791174,0.0244360398234276,0.0,0.0,,10000,10000,0
2024-02-20 00:00:00-05:00,0.7192508256183519,0.7211924509582729,0.7277146440909635,0.7346904804508392,0.027079841387679052,0.0,0.0,,10000,10000,0
2024-02-21 00:00:00-05:00,0.7137700451866086,0.7172663724950123,0.7262689414289741,0.733576832941944,0.019470729696592422,0.0,0.0,,10000,10000,0
2024-02-22 00:00:00-05:00,0.7316586609250753,0.736076135322205,0.7470398747111698,0.75086597574983,0.030631373567557452,0.0,0.0,,10000,10000,0
2024-02-23 00:00:00-05:00,0.7414421798768936,0.7414835837639332,0.7477719426272788,0.74847439990476,0.01654879926140749,0.0,0.0,,10000,10000,0
2024-02-26 00:00:00-05:00,0.7339260902223472,0.73488059204128,0.7448256041949637,0.7433625734189943,0.016414203815360285,0.0,0.0,,10000,10000,0
2024-02-27 00:00:00-05:00,0.7277310047509055,0.72802757349206,0.7384020953176477,0.7432529397264087,0.014629631187447291,0.0,0.0,,10000,10000,0
2024-02-28 00:00:00-05:00,0.7280701537582857,0.7297764009122648,0.7410921968607843,0.7436910219324884,0.0124573080069569,0.0,0.0,,10000,10000,0
2024-02-29 00:00:00-05:00,0.7288915103541103,0.7385211475724611,0.7421903148664031,0.7544991616490113,0.03712113484991557,0.0,0.0,,10000,10000,0
2024-03-01 00:00:00-05:00,0.733586873808686,0.7415015011113266,0.751267385258568,0.7578949775925223,0.018556558478566725,0.0,0.0,,10000,10000,0
2024-03-04 00:00:00-05:00,0.7374609257647156,0.7441426822662217,0.753902578601156,0.7568360337888543,0.01825766195091893,0.0,0.0,,10000,10000,0
2024-03-05 00:00:00-05:00,0.7383892686425454,0.7386103658402267,0.7325277012654904,0.7344348947836041,0.030512156702748063,0.0,0.0,,10000,10000,0
2024-03-06 00:00:00-05:00,0.7187688285273167,0.7223881823025032,0.728410083376933,0.7334124955441313,0.024498605675301106,0.0,0.0,,10000,10000,0
2024-03-07 00:00:00-05:00,0.7243925744279885,0.7306331694736726,0.7354557687620497,0.7462836494511648,0.019733085663692248,0.0,0.0,,10000,10000,0
2024-03-08 00:00:00-05:00,0.7276774402423744,0.731775272125866,0.7392804721613064,0.740952555580228,0.018791574745688214,0.0,0.0,,10000,10000,0
2024-03-11 00:00:00-04:00,0.7201792124418781,0.7233161459194883,0.7336622788044406,0.7378488698681471,0.01631864630630138,0.0,0.0,,10000,10000,0
2024-03-12 00:00:00-04:00,0.7270703812683048,0.740965973101948,0.7437823516750884,0.7574931570979738,0.02464700241220276,0.0,0.0,,10000,10000,0
2024-03-13 00:00:00-04:00,0.745780490039212,0.7456239548994336,0.752310515565059,0.7571647085844797,0.017626614356707374,0.0,0.0,,10000,10000,0
2024-03-14 00:00:00-04:00,0.7496010481537778,0.7628277371194411,0.7642790022988343,0.7756406446001841,0.040025977972614035,0.0,0.0,,10000,10000,0
2024-03-15 00:00:00-04:00,0.7479049922004878,0.7535119782726877,0.7547627579453089,0.7595746132821803,0.054382737923739065,0.0,0.0,,10000,10000,0
2024-03-18 00:00:00-04:00,0.7389070037849965,0.7501746863546065,0.7565744151566287,0.7612176478371102,0.021556827669458822,0.0,0.0,,10000,10000,0
2024-03-19 00:00:00-04:00,0.7452983476014653,0.7518522281667386,0.7598135679448413,0.7686846753153493,0.02120443470964187,0.0,0.0,,10000,10000,0
2024-03-20 00:00:00-04:00,0.7527430252510061,0.7595081522762627,0.7691650707388437,0.7756587471706833,0.01860479727612466,0.0,0.0,,10000,10000,0
2024-03-21 00:00:00-04:00,0.7667219313222835,0.7681814585760338,0.7810603877290934,0.7832170794888775,0.02312123684802702,0.0,0.0,,10000,10000,0
2024-03-22 00:00:00-04:00,0.766489995267623,0.7664682941616956,0.7790657568223721,0.7820670005568529,0.018326668405191177,0.0,0.0,,10000,10000,0
2024-03-25 00:00:00-04:00,0.7585274326422629,0.7620959253113881,0.7709036350940938,0.7713318933981874,0.01886820477014673,0.0,0.0,,10000,10000,0
2024-03-26 00:00:00-04:00,0.7591879085168464,0.7595616692014008,0.7704277848381561,0.769122757521429,0.017113600659517687,0.0,0.0,,10000,10000,0
2024-03-27 00:00:00-04:00,0.7570991964395641,0.7568134555543983,0.7661455499328466,0.7687211633090117,0.017086523841269907,0.0,0.0,,10000,10000,0
2024-03-28 00:00:00-04:00,0.7508862983476623,0.7522090751415609,0.7663467888123278,0.7674249061202063,0.023877021823389744,0.0,0.0,,10000,10000,0
2024-04-01 00:00:00-04:00,0.7562243836361082,0.7629525080293861,0.772019936472649,0.774453794821833,0.016575218875328864,0.0,0.0,,10000,10000,0
2024-04-02 00:00:00-04:00,0.7493688744159841,0.753119338582041,0.7640044294298873,0.7687394921616422,0.018673015085205226,0.0,0.0,,10000,10000,0
2024-04-03 00:00:00-04:00,0.7486904853407529,0.7546897889197185,0.7662919611032167,0.7669320636383667,0.016820093207346388,0.0,0.0,,10000,10000,0
2024-04-04 00:00:00-04:00,0.7580810628007756,0.7643445146344529,0.7635102577219496,0.7622399905060503,0.020590605868782058,0.0,0.0,,10000,10000,0
2024-04-05 00:00:00-04:00,0.7491902783096933,0.7604897042239452,0.7648827579442022,0.7761881342167181,0.016889099661618636,0.0,0.0,,10000,10000,0
2024-04-08 00:00:00-04:00,0.7584025003472012,0.761863913606134,0.7739964087488803,0.7744903393860282,0.013889093352457103,0.0,0.0,,10000,10000,0
2024-04-09 00:00:00-04:00,0.7606699284124072,0.7626849404615734,0.7709220701547552,0.7775758659570771,0.01155536078940229,0.0,0.0,,10000,10000,0
2024-04-10 00:00:00-04:00,0.7530823560017676,0.7560639749635776,0.7674083674850588,0.7720622755472957,0.016444566655240075,0.0,0.0,,10000,10000,0
2024-04-11 00:00:00-04:00,0.7595629583456441,0.7655937812614995,0.7722761892084351,0.7805881336881372,0.018744518915917805,0.0,0.0,,10000,10000,0
2024-04-12 00:00:00-04:00,0.7564028932799755,0.7581161805956905,0.7675363337288013,0.7695792251506719,0.020436688615538625,0.0,0.0,,10000,10000,0
2024-04-15 00:00:00-04:00,0.7609554645086907,0.761043004774581,0.7559338968668529,0.7544991616490113,0.021776991118803615,0.0,0.0,,10000,10000,0
2024-04-16 00:00:00-04:00,0.7394782985233562,0.7460164842793681,0.7564829210443572,0.7562152287617988,0.017166177005629876,0.0,0.0,,10000,10000,0
2024-04-17 00:00:00-04:00,0.7442628731024333,0.746873106518461,0.7502607181445328,0.7512128662570202,0.015969933690712285,0.0,0.0,,10000,10000,0
2024-04-18 00:00:00-04:00,0.7324442724878731,0.7343987214947768,0.7385851636155499,0.73739251537997,0.022771209823785117,0.0,0.0,,10000,10000,0
2024-04-19 00:00:00-04:00,0.7206612313351576,0.7229592630535473,0.7272754002761123,0.7279902099743051,0.03530527929606582,0.0,0.0,,10000,10000,0
2024-04-22 00:00:00-04:00,0.7136093579239373,0.7182657914966369,0.7235788146091628,0.7313495379241537,0.0217946041947512,0.0,0.0,,10000,10000,0
2024-04-23 00:00:00-04:00,0.7210361655739168,0.7278134602550362,0.7369563785359808,0.7434172771242213,0.01581089024372291,0.0,0.0,,10000,10000,0
2024-04-24 00:00:00-04:00,0.7305339170685153,0.7354337025645841,0.7437640861934327,0.7461374711943841,0.01493128797326598,0.0,0.0,,10000,10000,0
2024-04-25 00:00:00-04:00,0.7028082083238191,0.7129832267366144,0.7094507694732064,0.72784414485859,0.04847657408322626,0.0,0.0,,10000,10000,0
2024-04-26 00:00:00-04:00,0.7351935618973604,0.7363795337391511,0.7418974492530812,0.7411351086896054,0.03416029791860761,0.0,0.0,,10000,10000,0
2024-04-29 00:00:00-04:00,0.7228394336975319,0.724458470529459,0.729874222102982,0.7337047389166271,0.02086820897625442,0.0,0.0,,10000,10000,0
2024-04-30 00:00:00-04:00,0.716126589396861,0.7170343544797315,0.7115371113646334,0.7101168067035586,0.032959848496001046,0.0,0.0,,10000,10000,0
2024-05-01 00:00:00-04:00,0.7002730092672904,0.7162489996207532,0.7136232123295194,0.7203587885277204,0.026100081177878397,0.0,0.0,,10000,10000,0
2024-05-02 00:00:00-04:00,0.7092888284556926,0.7130545487582953,0.7215656179162327,0.7256532812639293,0.018406715892146985,0.0,0.0,,10000,10000,0
2024-05-03 00:00:00-04:00,0.7175370624239459,0.7259396481703873,0.7347603742828323,0.7417559702871939,0.018061420739055183,0.0,0.0,,10000,10000,0
2024-05-06 00:00:00-04:00,0.7291057081277201,0.7380392363948189,0.7430137705851699,0.7543165519691011,0.01746980540442777,0.0,0.0,,10000,10000,0
2024-05-07 00:00:00-04:00,0.7396390472624461,0.7393599764508462,0.7479915760493172,0.7466487556699197,0.021441422589742565,0.0,0.0,,10000,10000,0
2024-05-08 00:00:00-04:00,0.728052386384037,0.7350054184250835,0.743635976368473,0.7488395061235148,0.010629228452636072,0.0,0.0,,10000,10000,0
2024-05-09 00:00:00-04:00,0.7323371321360229,0.735879902772917,0.7480098449761384,0.7520892569513108,0.014437596083272521,0.0,0.0,,10000,10000,0
2024-05-10 00:00:00-04:00,0.7365683218109098,0.7406270304676026,0.7529509672433208,0.7565074155637619,0.012745426383651701,0.0,0.0,,10000,10000,0
2024-05-13 00:00:00-04:00,0.7456197876391121,0.7459273317408621,0.7511575474291581,0.7546452267647265,0.015424059777202476,0.0,0.0,,10000,10000,0
2024-05-14 00:00:00-04:00,0.7349257420035302,0.7443924646143194,0.752493373953438,0.7598300858083497,0.014989121953989389,0.0,0.0,,10000,10000,0
2024-05-15 00:00:00-04:00,0.7467690105244547,0.7570354684386592,0.7643385685867664,0.7731267066926463,0.02436111853021773,0.2435064935064935,0.0,,10000,10000,0
2024-05-16 00:00:00-04:00,0.753744300889418,0.759913990100557,0.769985376227348,0.7693042357906831,0.018171042420699095,0.0,0.0,,10000,10000,0
2024-05-17 00:00:00-04:00,0.7550678443387533,0.755444402270088,0.7657320078568883,0.7678776400942837,0.015308391815755659,0.0,0.0,,10000,10000,0
2024-05-20 00:00:00-04:00,0.7509005905608146,0.7623275541409841,0.7693253728354841,0.7772603155250636,0.016517516335470737,0.0,0.0,,10000,10000,0
2024-05-21 00:00:00-04:00,0.7627406008473724,0.7734121810652368,0.7782354737758155,0.7840275655124447,0.023327730447382646,0.0,0.0,,10000,10000,0
2024-05-22 00:00:00-04:00,0.768571077680439,0.7724108829676212,0.7824153794272584,0.7867342957957986,0.018885554964363754,0.0,0.0,,10000,10000,0
2024-05-23 00:00:00-04:00,0.77372203775757,0.774538428396163,0.7792803943696642,0.7802963428799039,0.01775253470564607,0.0,0.0,,10000,10000,0
2024-05-24 00:00:00-04:00,0.7633844183341526,0.769997329043666,0.777428718786061,0.7860759279349573,0.010712036197762773,0.0,0.0,,10000,10000,0
2024-05-28 00:00:00-04:00,0.7677484062868998,0.7695682627189563,0.781443742323118,0.7863685673011828,0.015789202500951633,0.0,0.0,,10000,10000,0
2024-05-29 00:00:00-04:00,0.7607017077972951,0.7697828664775466,0.7797754661421122,0.7842653314618445,0.015525137802603159,0.0,0.0,,10000,10000,0
2024-05-30 00:00:00-04:00,0.7582156181227306,0.7579115871485959,0.758783637114735,0.7577451788216418,0.03245130378823089,0.0,0.0,,10000,10000,0
2024-05-31 00:00:00-04:00,0.7447122682006324,0.7444133957341906,0.740945188499909,0.7585864392150574,0.058214764910126005,0.0,0.0,,10000,10000,0
2024-06-03 00:00:00-04:00,0.7425303398700125,0.7438413424794769,0.7490303078022605,0.755641829841238,0.018111368267861763,0.0,0.0,,10000,10000,0
2024-06-04 00:00:00-04:00,0.736985792413508,0.743859110422199,0.7504234819318948,0.7603056177071494,0.013989645614396664,0.0,0.0,,10000,10000,0
2024-06-05 00:00:00-04:00,0.7466080800980247,0.7575181946333702,0.7625602536397459,0.7748277260437063,0.01745850149001365,0.0,0.0,,10000,10000,0
2024-06-06 00:00:00-04:00,0.7576969717435156,0.7597173038591528,0.770407013585878,0.7757605175592083,0.014663148608093812,0.0,0.0,,10000,10000,0
2024-06-07 00:00:00-04:00,0.7616137848010566,0.7614514585331051,0.7748436804015728,0.7745350866774808,0.01303380764207706,0.0,0.0,,10000,10000,0
2024-06-10 00:00:00-04:00,0.7589310759435214,0.7646696116271079,0.776475454371451,0.7818876153973128,0.013508572047470132,0.0,0.0,,10000,10000,0
2024-06-11 00:00:00-04:00,0.7603260424436628,0.7731439139002451,0.7789686966277614,0.790684898954576,0.014255419043993783,0.0,0.0,,10000,10000,0
2024-06-12 00:00:00-04:00,0.7779251830185321,0.7920593145924741,0.7936355657768964,0.8060118362614189,0.02452765410652809,0.0,0.0,,10000,10000,0
2024-06-13 00:00:00-04:00,0.7878155992152827,0.792041379059019,0.8048555246482234,0.8069627869179529,0.01610807804012206,0.0,0.0,,10000,10000,0
2024-06-14 00:00:00-04:00,0.7832191340671281,0.7915944627318974,0.7999972186394003,0.8087735531026641,0.012981625618560713,0.0,0.0,,10000,10000,0
2024-06-17 00:00:00-04:00,0.7909276670151261,0.8055395814871674,0.807330612782966,0.8193816028446386,0.02245588318797726,0.0,0.0,,10000,10000,0
2024-06-18 00:00:00-04:00,0.8036618391673208,0.8041092578672643,0.8149756028072787,0.8156687090647282,0.017622145367287838,0.0,0.0,,10000,10000,0
2024-06-20 00:00:00-04:00,0.7975629403710683,0.7976550999298492,0.808338809843229,0.8144981515998263,0.02125635385142766,0.0,0.0,,10000,10000,0
2024-06-21 00:00:00-04:00,0.7994947092922505,0.8048959517990942,0.8179457081886522,0.8219604837238422,0.040065147350467616,0.0,0.0,,10000,10000,0
2024-06-24 00:00:00-04:00,0.8038228212687253,0.8087755054116182,0.8177622870638975,0.8181012985460855,0.01604643227430552,0.0,0.0,,10000,10000,0
2024-06-25 00:00:00-04:00,0.8010506819885899,0.8063977515324444,0.8183856617125711,0.8241003772684413,0.016703242278112047,0.0,0.0,,10000,10000,0
2024-06-26 00:00:00-04:00,0.8023919024837352,0.8102950503630619,0.8210255081284299,0.8263132468003651,0.01682627092801457,0.0,0.0,,10000,10000,0
2024-06-27 00:00:00-04:00,0.8080794692996793,0.8148898916620348,0.8275889442948926,0.8275753353873534,0.014590856132189554,0.0,0.0,,10000,10000,0
2024-06-28 00:00:00-04:00,0.8096713287429325,0.8134775375439509,0.8177623020300828,0.8167844496833373,0.03240897982961058,0.0,0.0,,10000,10000,0
2024-07-01 00:00:00-04:00,0.8017839061087492,0.8170352664338925,0.8163872471648682,0.834671769305155,0.018345464448926287,0.0,0.0,,10000,10000,0
2024-07-02 00:00:00-04:00,0.8099038901432192,0.8210043574888751,0.8300457166254462,0.839335726882665,0.013504497380646435,0.0,0.0,,10000,10000,0
2024-07-03 00:00:00-04:00,0.8188284365858532,0.8235608016510799,0.8387906506540354,0.8420607294481165,0.008185085562745664,0.0,0.0,,10000,10000,0
2024-07-05 00:00:00-04:00,0.8213681657947607,0.8366657322112704,0.8407890524655266,0.8544795453748022,0.01616026006363841,0.0,0.0,,10000,10000,0
2024-07-08 00:00:00-04:00,0.8337804918620089,0.8355036487428269,0.8508540891666623,0.8520652847460753,0.012167086576417616,0.0,0.0,,10000,10000,0
2024-07-09 00:00:00-04:00,0.8345854156201445,0.8348421719765154,0.8390107746775439,0.8398112587814648,0.017746619866708446,0.0,0.0,,10000,10000,0
2024-07-10 00:00:00-04:00,0.82424778420928,0.833286771250366,0.8405874312955683,0.8520836701692385,0.01904643858346705,0.0,0.0,,10000,10000,0
2024-07-11 00:00:00-04:00,0.8273955477719583,0.8302831717677811,0.8271856459185662,0.8309589886663102,0.025506888552867618,0.0,0.0,,10000,10000,0
2024-07-12 00:00:00-04:00,0.8119247736525442,0.8152295294773341,0.8255356077739426,0.8288555831153736,0.016586128467147146,0.0,0.0,,10000,10000,0
2024-07-15 00:00:00-04:00,0.8100826689099374,0.8168386937075776,0.8269656825813978,0.829605538668834,0.014095455510947447,0.0,0.0,,10000,10000,0
2024-07-16 00:00:00-04:00,0.8117280265056309,0.8115465557432994,0.8182205487958107,0.821484782113444,0.0177052159941451,0.0,0.0,,10000,10000,0
2024-07-17 00:00:00-04:00,0.7909276072063801,0.7946516063464724,0.804507187054583,0.8105110038768537,0.023754518936948344,0.0,0.0,,10000,10000,0
2024-07-18 00:00:00-04:00,0.7940575177210403,0.7942940193088438,0.7957438092630333,0.8047497476744306,0.022462192349510725,0.0,0.0,,10000,10000,0
2024-07-19 00:00:00-04:00,0.7739545218103743,0.7880186933727233,0.7913437368265251,0.79878721351627,0.022653570249359094,0.0,0.0,,10000,10000,0
2024-07-22 00:00:00-04:00,0.7894968395830391,0.794204673398817,0.8040122308013123,0.8094502498161358,0.0159085508066263,0.0,0.0,,10000,10000,0
2024-07-23 00:00:00-04:00,0.7932705846821531,0.800980582736177,0.8116939404898695,0.812943593358211,0.01235741294934374,0.0,0.0,,10000,10000,0
2024-07-24 00:00:00-04:00,0.7871001548633407,0.7886265582110098,0.7832586929594274,0.7837713575693487,0.030363102761520006,0.0,0.0,,10000,10000,0
2024-07-25 00:00:00-04:00,0.7662639825474092,0.7677447130487254,0.7647787342201795,0.7645672456553156,0.03448771711402127,0.0,0.0,,10000,10000,0
2024-07-26 00:00:00-04:00,0.7473056167384053,0.7661713559201367,0.7643385867448285,0.7771321832682493,0.026128078082183138,0.0,0.0,,10000,10000,0
2024-07-29 00:00:00-04:00,0.7712360806989957,0.7719461553740433,0.7779604965141953,0.7798026518400721,0.015010809696760666,0.0,0.0,,10000,10000,0
2024-07-30 00:00:00-04:00,0.7643323404563733,0.7664037705768151,0.7645036226639994,0.7728341804674863,0.03809419157558692,0.0,0.0,,10000,10000,0
2024-07-31 00:00:00-04:00,0.7514192466048606,0.7534062398237965,0.7550619315757912,0.7644757711037621,0.0515061545870759,0.0,0.0,,10000,10000,0
2024-08-01 00:00:00-04:00,0.7519378737387213,0.7635610754316612,0.7566752237744592,0.7622077453023487,0.034951177605000223,0.0,0.0,,10000,10000,0
2024-08-02 00:00:00-04:00,0.7370931273913742,0.741284650937585,0.7406334635437285,0.7464419903724996,0.03382275777656736,0.0,0.0,,10000,10000,0
2024-08-05 00:00:00-04:00,0.6953849385467703,0.7163265134748341,0.7062399580796349,0.7220435155653312,0.0486378520249254,0.0,0.0,,10000,10000,0
2024-08-06 00:00:00-04:00,0.7147546106570699,0.7246042366150492,0.7299268151365893,0.7302007601143836,0.027919222753360156,0.0,0.0,,10000,10000,0
2024-08-07 00:00:00-04:00,0.7302075105023461,0.7324886129717484,0.7280385407034997,0.7280426508582197,0.022273048944372122,0.0,0.0,,10000,10000,0
2024-08-08 00:00:00-04:00,0.719118567226321,0.7249438402368499,0.7325667989901349,0.7358339972010579,0.02168432530878088,0.0,0.0,,10000,10000,0
2024-08-09 00:00:00-04:00,0.7219622866575276,0.7288591855823483,0.7368201494649305,0.7419244373339017,0.020466788573687854,0.0,0.0,,10000,10000,0
2024-08-12 00:00:00-04:00,0.7273815161423479,0.7301286071798758,0.7404501528084141,0.7433693618829313,0.0171626281022673,0.0,0.0,,10000,10000,0
2024-08-13 00:00:00-04:00,0.7319064324714322,0.7411952804199592,0.7502218691692748,0.7565379636514792,0.020647651204313784,0.0,0.0,,10000,10000,0
2024-08-14 00:00:00-04:00,0.7412246467788484,0.7461476115637237,0.7555019532747808,0.7617505422561792,0.01913963015695091,0.0,0.0,,10000,10000,0
2024-08-15 00:00:00-04:00,0.7515205267901947,0.7535653355045816,0.7664337864367379,0.7707653395120965,0.022406067100035964,0.2435064935064935,0.0,,10000,10000,0
2024-08-16 00:00:00-04:00,0.7529539606278576,0.7539773053872544,0.7657725709210661,0.7660747372136331,0.02506577300898635,0.0,0.0,,10000,10000,0
2024-08-19 00:00:00-04:00,0.7500154930021395,0.7547116628400027,0.7642298105340117,0.7716814992909524,0.015153028712994138,0.0,0.0,,10000,10000,0
2024-08-20 00:00:00-04:00,0.7549248980390161,0.7620728789228031,0.7737436820312694,0.7776729975619117,0.016669330534869683,0.0,0.0,,10000,10000,0
2024-08-21 00:00:00-04:00,0.7591892534010679,0.7630401193253146,0.7738906435440533,0.7764638024231006,0.016248325443376326,0.0,0.0,,10000,10000,0
2024-08-22 00:00:00-04:00,0.7596908046030112,0.7637385230133189,0.76083191140289,0.760724409361541,0.020578776190906815,0.0,0.0,,10000,10000,0
2024-08-23 00:00:00-04:00,0.7464678337737595,0.7502519013683581,0.7562036237869287,0.7629965082413167,0.019437738039407022,0.0,0.0,,10000,10000,0
2024-08-26 00:00:00-04:00,0.7453748843406447,0.7467056284393029,0.7548261804798376,0.7569500234124663,0.01241748142477692,0.0,0.0,,10000,10000,0
2024-08-27 00:00:00-04:00,0.7390857722578804,0.7414756365156262,0.7528241623244325,0.7575912504018661,0.012864511807595808,0.0,0.0,,10000,10000,0
2024-08-28 00:00:00-04:00,0.742705155012336,0.7426219675442052,0.7474244409766713,0.7516547386887982,0.014691276953263836,0.0,0.0,,10000,10000,0
2024-08-29 00:00:00-04:00,0.7428126398418278,0.7552488908766528,0.7534670126318574,0.75627202557674,0.017533685664954078,0.0,0.0,,10000,10000,0
2024-08-30 00:00:00-04:00,0.7439952532554763,0.747081726599102,0.7562771391945394,0.7636378483717823,0.027080367151140174,0.0,0.0,,10000,10000,0
2024-09-03 00:00:00-04:00,0.7481341062916805,0.7513623134790374,0.7469101547963666,0.7495292706300656,0.021829698905781084,0.0,0.0,,10000,10000,0
2024-09-04 00:00:00-04:00,0.7266332716175523,0.7358876228429537,0.7420247440323975,0.7485399085817538,0.015023953783288715,0.0,0.0,,10000,10000,0
2024-09-05 00:00:00-04:00,0.7296970698291554,0.7392189522209638,0.7452571942583038,0.7476054199502674,0.013788015327056417,0.0,0.0,,10000,10000,0
2024-09-06 00:00:00-04:00,0.7322772636866851,0.7348309179455615,0.7354679101774754,0.7353476037599587,0.02090422377334127,0.0,0.0,,10000,10000,0
2024-09-09 00:00:00-04:00,0.7290162230804974,0.7312487455210497,0.7379473401772016,0.7427132568434025,0.015233339081680508,0.0,0.0,,10000,10000,0
2024-09-10 00:00:00-04:00,0.7307363755953028,0.7450041009656999,0.7481408107359321,0.758250975955495,0.020884244761818636,0.0,0.0,,10000,10000,0
2024-09-11 00:00:00-04:00,0.7438160279514997,0.7587235651225177,0.7515936126949995,0.7744481943390848,0.020453907368890367,0.0,0.0,,10000,10000,0
2024-09-12 00:00:00-04:00,0.75780954997449,0.7647773664952325,0.7702723621519028,0.7817039874478119,0.01799438589776214,0.0,0.0,,10000,10000,0
2024-09-13 00:00:00-04:00,0.7623247278115907,0.7727654770344712,0.7807596119501241,0.7882818392913454,0.015995038895980855,0.0,0.0,,10000,10000,0
2024-09-16 00:00:00-04:00,0.7708713839405975,0.775810306076805,0.7858287863299233,0.789656050674363,0.01331377668512447,0.0,0.0,,10000,10000,0
2024-09-17 00:00:00-04:00,0.7881258453394647,0.7907118938106391,0.7932671572452249,0.7966369675641668,0.019937739090933944,0.0,0.0,,10000,10000,0
2024-09-18 00:00:00-04:00,0.7787550528721006,0.780287963421026,0.7898510614704577,0.7886849609081487,0.0199690220168707,0.0,0.0,,10000,10000,0
2024-09-19 00:00:00-04:00,0.7899175974490988,0.7900850218458647,0.8017708554307873,0.8031232317150812,0.023660670159138086,0.0,0.0,,10000,10000,0
2024-09-20 00:00:00-04:00,0.7827327078039258,0.7860372290406368,0.7968486691440383,0.7968568572251988,0.06764144088631102,0.0,0.0,,10000,10000,0
2024-09-23 00:00:00-04:00,0.7774650469528762,0.7810581567552214,0.7898144006170749,0.7936321671434377,0.01501488436358436,0.0,0.0,,10000,10000,0
2024-09-24 00:00:00-04:00,0.7751715492200904,0.7754879221404269,0.7819350950188925,0.7856800473463538,0.01749504205056162,0.0,0.0,,10000,10000,0
2024-09-25 00:00:00-04:00,0.769491691413151,0.7750759499221344,0.7864716084202262,0.7910668631921083,0.012737671372600151,0.0,0.0,,10000,10000,0
2024-09-26 00:00:00-04:00,0.7789162155104776,0.7789803834693796,0.7875000656689028,0.7896010075459389,0.014177737492613023,0.0,0.0,,10000,10000,0
2024-09-27 00:00:00-04:00,0.7725198228390197,0.7728014073297531,0.7844513675078046,0.7835729647107845,0.014708890029211417,0.0,0.0,,10000,10000,0
2024-09-30 00:00:00-04:00,0.7665891464992916,0.7702401952673619,0.7805943835693147,0.7877505288471951,0.017220987846451832,0.0,0.0,,10000,10000,0
2024-10-01 00:00:00-04:00,0.7670191565452384,0.7667654920353136,0.7685459310617674,0.7701423848047942,0.02022520026330234,0.0,0.0,,10000,10000,0
2024-10-02 00:00:00-04:00,0.7565015389301303,0.7566280539149328,0.7646889174314725,0.763619462948619,0.016925245899570767,0.0,0.0,,10000,10000,0
2024-10-03 00:00:00-04:00,0.7476324714455871,0.7507712847943279,0.7602442876739873,0.7625384566371551,0.013118849881913527,0.0,0.0,,10000,10000,0
2024-10-04 00:00:00-04:00,0.7487254162866819,0.7511295263257822,0.7614932029362516,0.76165895456356,0.020326146847837744,0.0,0.0,,10000,10000,0
2024-10-07 00:00:00-04:00,0.7447119773215019,0.7464011536225492,0.7505284601861327,0.7497126157269024,0.022626493431111318,0.0,0.0,,10000,10000,0
2024-10-08 00:00:00-04:00,0.7355739504035663,0.7438040232270768,0.7490039376244689,0.7591852948753828,0.02040448560354491,0.0,0.0,,10000,10000,0
2024-10-09 00:00:00-04:00,0.7444610816623252,0.7522579241062533,0.7602626466513829,0.7642241453738238,0.014811676785860747,0.0,0.0,,10000,10000,0
2024-10-10 00:00:00-04:00,0.7433323987452073,0.7468310888293157,0.7581505831835897,0.7612559460878225,0.013331784083667895,0.0,0.0,,10000,10000,0
2024-10-11 00:00:00-04:00,0.7449627728395618,0.7464369348847392,0.7583341384470736,0.762135335020352,0.0137215062492245,0.0,0.0,,10000,10000,0
2024-10-14 00:00:00-04:00,0.747883344136086,0.7588132318245555,0.7661766831886491,0.7673024309166729,0.017018306032189342,0.0,0.0,,10000,10000,0
2024-10-15 00:00:00-04:00,0.7557848505126428,0.756019098406165,0.7620258093610862,0.7665693899525227,0.01997191371590687,0.0,0.0,,10000,10000,0
2024-10-16 00:00:00-04:00,0.7432248476985253,0.745057852715105,0.7532467123844865,0.7617689276793425,0.01551435965165016,0.0,0.0,,10000,10000,0
2024-10-17 00:00:00-04:00,0.7561073906747546,0.7560549394848896,0.7626319184318656,0.7628682628434367,0.014608863530732978,0.0,0.0,,10000,10000,0
2024-10-18 00:00:00-04:00,0.7467545211726018,0.750950387685053,0.7638624722532605,0.7655067124936892,0.017665257971099833,0.0,0.0,,10000,10000,0
2024-10-21 00:00:00-04:00,0.7449269025702715,0.7497145470695473,0.7592524619679901,0.7666427053630442,0.013801948058776149,0.0,0.0,,10000,10000,0
2024-10-22 00:00:00-04:00,0.7491733486417607,0.7705266607355113,0.7671317222047543,0.7826384760792982,0.028623351468667655,0.0,0.0,,10000,10000,0
2024-10-23 00:00:00-04:00,0.7713371715241608,0.7714221629023605,0.7753782264464071,0.7773065336503693,0.0209632407218522,0.0,0.0,,10000,10000,0
2024-10-24 00:00:00-04:00,0.7614288503390928,0.7622878234845744,0.7751394675577774,0.7775447521640316,0.012981099855099591,0.0,0.0,,10000,10000,0
2024-10-25 00:00:00-04:00,0.7639911222925727,0.7740013441921705,0.7827983532193745,0.7838111266539141,0.01734165056077931,0.0,0.0,,10000,10000,0
2024-10-28 00:00:00-04:00,0.7727705944982416,0.7729624974059671,0.7823023647313476,0.7809527307720968,0.014690882630667992,0.0,0.0,,10000,10000,0
2024-10-29 00:00:00-04:00,0.766212902515379,0.7751656128608444,0.7813841356525686,0.7907738278321532,0.01832088500711884,0.0,0.0,,10000,10000,0
2024-10-30 00:00:00-04:00,0.7831268894781195,0.7847118594271657,0.7929549804842038,0.7918364487204538,0.034231801749320195,0.0,0.0,,10000,10000,0
2024-10-31 00:00:00-04:00,0.7435651477237453,0.7446995928721978,0.7455693998403244,0.743867578565388,0.06606927669669127,0.0,0.0,,10000,10000,0
2024-11-01 00:00:00-04:00,0.7321876260035092,0.7435174887290192,0.7477734005625276,0.7512332882193646,0.02697797471708668,0.0,0.0,,10000,10000,0
2024-11-04 00:00:00-05:00,0.7336030842007617,0.7344189576915108,0.744228704746467,0.7477336653481474,0.020986768636737405,0.0,0.0,,10000,10000,0
2024-11-05 00:00:00-05:00,0.7310409369324734,0.7424428961866364,0.7488386854619824,0.7532305108802172,0.018297094210503073,0.0,0.0,,10000,10000,0
2024-11-06 00:00:00-05:00,0.738297563286334,0.7523833386388297,0.7533201467465112,0.7692079527438407,0.030200116088572215,0.0,0.0,,10000,10000,0
2024-11-07 00:00:00-05:00,0.754172269813912,0.7638459907895135,0.7705110898966491,0.7788272627133642,0.021288425422556094,0.0,0.0,,10000,10000,0
2024-11-08 00:00:00-05:00,0.7614109866183856,0.7632191706931862,0.7740007716105525,0.7735320911307617,0.01733152961415271,0.0,0.0,,10000,10000,0
2024-11-11 00:00:00-05:00,0.7563941169619403,0.7601923209888568,0.7633849920762006,0.7652319494158316,0.027336676838437098,0.0,0.0,,10000,10000,0
2024-11-12 00:00:00-05:00,0.748743331874874,0.759529574733115,0.7655889283002351,0.7744298654864544,0.020630432450962043,0.0,0.0,,10000,10000,0
2024-11-13 00:00:00-05:00,0.7548173184417939,0.7682877728585669,0.7674438560886677,0.7784058688144635,0.023392005030504797,0.0,0.0,,10000,10000,0
2024-11-14 00:00:00-05:00,0.7608376178888574,0.766210264298206,0.7707315426003288,0.7815024832099432,0.03488611437668639,0.0,0.0,,10000,10000,0
2024-11-15 00:00:00-05:00,0.7515563675835546,0.7565921992161597,0.7590504524927464,0.7597167184605987,0.03225821715713388,0.0,0.0,,10000,10000,0
2024-11-18 00:00:00-05:00,0.7426873260737261,0.7487116615829279,0.7562221079582271,0.7611093718373122,0.027630710054069512,0.0,0.0,,10000,10000,0
2024-11-19 00:00:00-05:00,0.7395337356691015,0.7478876835535356,0.7552118103955743,0.7648287712284957,0.018964156601801476,0.0,0.0,,10000,10000,0
2024-11-20 00:00:00-05:00,0.7462707400142407,0.7467235407438183,0.7534302941456548,0.7606145493868242,0.02035506383819945,0.0,0.0,,10000,10000,0
2024-11-21 00:00:00-05:00,0.7524875065174066,0.7526881617216257,0.7544060281633836,0.7573281974243002,0.022443001983179774,0.2694805194805195,0.0,,10000,10000,0
2024-11-22 00:00:00-05:00,0.7378914682253913,0.7484168984891763,0.7558230542151948,0.7649106287894716,0.027745852252055208,0.0,0.0,,10000,10000,0
2024-11-25 00:00:00-05:00,0.7504767495701169,0.7550211791364336,0.7627979050522601,0.7681969807519955,0.03152674874184804,0.0,0.0,,10000,10000,0
2024-11-26 00:00:00-05:00,0.7526490856101249,0.7693065827017423,0.770159205026926,0.785087584156236,0.025963908441447827,0.0,0.0,,10000,10000,0
2024-11-27 00:00:00-05:00,0.7625593307529187,0.7660583305504157,0.7759930498950619,0.7759079403677108,0.019225592482844337,0.0,0.0,,10000,10000,0
2024-11-29 00:00:00-05:00,0.7535467750051604,0.7618408848678897,0.7682268561816409,0.7767708107046598,0.016517253453740176,0.0,0.0,,10000,10000,0
2024-12-02 00:00:00-05:00,0.7562039627309384,0.7764134634408387,0.7746864950462494,0.7905771886601061,0.02168984582512266,0.0,0.0,,10000,10000,0
2024-12-03 00:00:00-05:00,0.7710512119548183,0.7754621983509608,0.7865196602516745,0.790980989123303,0.019185634459799074,0.0,0.0,,10000,10000,0
2024-12-04 00:00:00-05:00,0.7767783852868011,0.7883837222358597,0.7955189431170764,0.8024005997289678,0.02931630771042631,0.0,0.0,,10000,10000,0
2024-12-05 00:00:00-05:00,0.785557513390273,0.7973389161968574,0.8020336471739983,0.8119473862754292,0.023649103362993404,0.0,0.0,,10000,10000,0
2024-12-06 00:00:00-05:00,0.7934210275903161,0.7999232254115818,0.812339436684296,0.8136915689430232,0.019867812550604734,0.0,0.0,,10000,10000,0
2024-12-09 00:00:00-05:00,0.7939596241451978,0.8039252096470355,0.8100022092471394,0.8181895485772689,0.020292892308921784,0.0,0.0,,10000,10000,0
2024-12-10 00:00:00-05:00,0.7971732932860695,0.8062403296129819,0.812026591936103,0.8132508844924342,0.019405797909143867,0.0,0.0,,10000,10000,0
2024-12-11 00:00:00-05:00,0.7965629096913867,0.8075505166028272,0.8165354311052361,0.8236423822348126,0.02036623631174829,0.0,0.0,,10000,10000,0
2024-12-12 00:00:00-05:00,0.805647161306608,0.8179772788023129,0.825847354673162,0.8246887673801968,0.022514768695622914,0.0,0.0,,10000,10000,0
2024-12-13 00:00:00-05:00,0.8044443142662552,0.809488589040408,0.8193510052845454,0.820484445381767,0.021651202210730202,0.0,0.0,,10000,10000,0
2024-12-16 00:00:00-05:00,0.802343843290951,0.8108346606501642,0.8187990205260756,0.8284158037933096,0.02614779421197521,0.0,0.0,,10000,10000,0
2024-12-17 00:00:00-05:00,0.8090584261226199,0.8164160443741032,0.8266940419184623,0.8336849529308196,0.02501043640470327,0.0,0.0,,10000,10000,0
2024-12-18 00:00:00-05:00,0.8096149506069156,0.8116781359231632,0.8035979141464314,0.802345500030011,0.027259389609652174,0.0,0.0,,10000,10000,0
2024-12-19 00:00:00-05:00,0.7922001754798109,0.7946828010383493,0.8023096611144991,0.8016844733541277,0.025313013276578922,0.0,0.0,,10000,10000,0
2024-12-20 00:00:00-05:00,0.7769219599175867,0.7956878514315612,0.7881576175659558,0.8008950881392988,0.0795980906374146,0.0,0.0,,10000,10000,0
2024-12-23 00:00:00-05:00,0.7834390174791616,0.7847584828585714,0.7958869495210522,0.7984165633852998,0.020303539019009505,0.0,0.0,,10000,10000,0
2024-12-24 00:00:00-05:00,0.779686743317157,0.7882580165461911,0.7983897762994461,0.8059071242051878,0.004546408089186307,0.0,0.0,,10000,10000,0
2024-12-26 00:00:00-05:00,0.787640087625831,0.7906628813429538,0.8028802219361203,0.8036673270996465,0.005899854678979345,0.0,0.0,,10000,10000,0
2024-12-27 00:00:00-05:00,0.7795970298080243,0.7803975009376575,0.7839616723020842,0.789750919457885,0.01894338894508716,0.0,0.0,,10000,10000,0
2024-12-30 00:00:00-05:00,0.7642649048209423,0.7666325641112811,0.7757722091105526,0.7792860497344524,0.012425236435828466,0.0,0.0,,10000,10000,0
2024-12-31 00:00:00-05:00,0.7643366379835347,0.7651609026632487,0.7734901284505986,0.773172302542091,0.012540641515544723,0.0,0.0,,10000,10000,0
2025-01-02 00:00:00-05:00,0.763313344955194,0.7639764893063519,0.7627979077000873,0.7678113960003634,0.017338233098282016,0.0,0.0,,10000,10000,0
2025-01-03 00:00:00-05:00,0.755324158832557,0.7603154525837692,0.7714290845551511,0.7765689104730613,0.01703118723698683,0.0,0.0,,10000,10000,0
2025-01-06 00:00:00-05:00,0.7677478683243973,0.7787823558307788,0.7823606222787161,0.7848306407962136,0.022171445155510318,0.0,0.0,,10000,10000,0
2025-01-07 00:00:00-05:00,0.7695430928307697,0.7721958849614002,0.7737477562154353,0.7747695715359777,0.018971517290257183,0.0,0.0,,10000,10000,0
2025-01-08 00:00:00-05:00,0.7595969944830333,0.7655916514284014,0.7751096751890771,0.7787903221554394,0.01491722380068097,0.0,0.0,,10000,10000,0
2025-01-10 00:00:00-05:00,0.761697514701905,0.7615357009458674,0.7631106863458512,0.7684906949583443,0.021681827932340553,0.0,0.0,,10000,10000,0
2025-01-13 00:00:00-05:00,0.744839420041146,0.750391054059396,0.7580867105283552,0.76525949926531,0.01826922874706361,0.0,0.0,,10000,10000,0
2025-01-14 00:00:00-05:00,0.7494534117171403,0.7526163766188662,0.7551973701118766,0.762468874881799,0.017390020799202523,0.0,0.0,,10000,10000,0
2025-01-15 00:00:00-05:00,0.7518233275475448,0.7677094035073032,0.7690918653476144,0.7820033021369089,0.020941421538215644,0.0,0.0,,10000,10000,0
2025-01-16 00:00:00-05:00,0.7690045721228048,0.7701141484154471,0.7803546261048339,0.7788270364312331,0.01523977968407925,0.0,0.0,,10000,10000,0
2025-01-17 00:00:00-05:00,0.7786813920860892,0.7790694800653492,0.7873110737255945,0.7869970093501677,0.02956354797801888,0.0,0.0,,10000,10000,0
2025-01-21 00:00:00-05:00,0.77169756561066,0.7726446018026282,0.782581402367361,0.786023939615305,0.02941659709063531,0.0,0.0,,10000,10000,0
2025-01-22 00:00:00-05:00,0.7849112328343105,0.802022977030516,0.8017208352184297,0.8185201467710098,0.03167488259701914,0.0,0.0,,10000,10000,0
2025-01-23 00:00:00-05:00,0.7928823981845166,0.8010896795948313,0.8118425155468654,0.8194563325184804,0.019300382335188927,0.0,0.0,,10000,10000,0
2025-01-24 00:00:00-05:00,0.7985557460397887,0.8009103057868071,0.8116585747331574,0.8145912101262985,0.015567724642954032,0.0,0.0,,10000,10000,0
2025-01-27 00:00:00-05:00,0.7605845818186051,0.780361712406403,0.7787168212535641,0.7971498360146211,0.0419851040696195,0.0,0.0,,10000,10000,0
2025-01-28 00:00:00-05:00,0.7795970208088125,0.8040150057760017,0.7932184921334066,0.8203560302722886,0.026007021045259822,0.0,0.0,,10000,10000,0
2025-01-29 00:00:00-05:00,0.8013025270144875,0.8013230227352935,0.8098181788033627,0.8114149444206227,0.026124923501416406,0.0,0.0,,10000,10000,0
2025-01-30 00:00:00-05:00,0.7511769377540172,0.7582156807442922,0.7596877913692711,0.761220419793218,0.06687803234076203,0.0,0.0,,10000,10000,0
2025-01-31 00:00:00-05:00,0.7515539954673878,0.7543213342776961,0.7629083580039245,0.761348948043762,0.04003202425241694,0.0,0.0,,10000,10000,0
2025-02-03 00:00:00-05:00,0.7383044529594571,0.7448456154436777,0.7514063273783242,0.7537481878259603,0.028882158532404906,0.0,0.0,,10000,10000,0
2025-02-04 00:00:00-05:00,0.7402613183868484,0.742171577274275,0.7533938153479326,0.7564102273883945,0.02211689719641892,0.0,0.0,,10000,10000,0
2025-02-05 00:00:00-05:00,0.7396509081059177,0.7420100062277051,0.7546084310253008,0.7580993103570316,0.01657613896138583,0.0,0.0,,10000,10000,0
2025-02-06 00:00:00-05:00,0.7426132174095372,0.7498526709458961,0.7612336371522888,0.7627442602355174,0.016567069541681474,0.0,0.0,,10000,10000,0
2025-02-07 00:00:00-05:00,0.7470656451716178,0.7506602191095912,0.7503757267805642,0.7516000915541038,0.025211935251178236,0.0,0.0,,10000,10000,0
2025-02-10 00:00:00-05:00,0.7420925287409634,0.7449352828675901,0.7555654348006554,0.756134842034676,0.022492555189390515,0.0,0.0,,10000,10000,0
2025-02-11 00:00:00-05:00,0.7347855838637118,0.7396051932252536,0.7525840657042306,0.7547028155671269,0.01897348890323639,0.0,0.0,,10000,10000,0
2025-02-12 00:00:00-05:00,0.730422855593099,0.73648249431637,0.7435112435049167,0.7502965367665659,0.02026305523250312,0.0,0.0,,10000,10000,0
2025-02-13 00:00:00-05:00,0.7300459091702316,0.7369312130105282,0.7471735291844637,0.7530505034448162,0.026532784506381715,0.0,0.0,,10000,10000,0
2025-02-14 00:00:00-05:00,0.7314642564827979,0.7331804368605,0.7462902318183808,0.7491766664990617,0.02504329662102339,0.0,0.0,,10000,10000,0
2025-02-18 00:00:00-05:00,0.7318412591570244,0.7362133875007331,0.7474312227422087,0.7513981913225054,0.02328803530606794,0.0,0.0,,10000,10000,0
2025-02-19 00:00:00-05:00,0.731625825698405,0.744989162624444,0.7495475816749195,0.7608165061889555,0.02682524043163077,0.0,0.0,,10000,10000,0
2025-02-20 00:00:00-05:00,0.7464241926585585,0.7533535787673031,0.7600690846659928,0.7648452898240762,0.026029365992357504,0.2694805194805195,0.0,,10000,10000,0
2025-02-21 00:00:00-05:00,0.7501119914728931,0.7510877926099182,0.7514944454328935,0.7502754925283607,0.031308162582886614,0.0,0.0,,10000,10000,0
2025-02-24 00:00:00-05:00,0.7342274664398685,0.7354790610338406,0.7356912237543265,0.7425307037340251,0.02988715538833941,0.0,0.0,,10000,10000,0
2025-02-25 00:00:00-05:00,0.7208974165824641,0.7220822133608069,0.7308599369168628,0.7313090334226618,0.033756380139600715,0.0,0.0,,10000,10000,0
2025-02-26 00:00:00-05:00,0.715338709251853,0.7251032235735433,0.726342055955196,0.7346755458301774,0.020916710655542913,0.0,0.0,,10000,10000,0
2025-02-27 00:00:00-05:00,0.721203154540262,0.7289514061131682,0.7225065045131625,0.7214302344191393,0.02289936466743358,0.0,0.0,,10000,10000,0
2025-02-28 00:00:00-05:00,0.7057144200463458,0.7143677097217961,0.7121800316554945,0.7296349416452192,0.03830199958359534,0.0,0.0,,10000,10000,0
2025-03-03 00:00:00-05:00,0.7167958239658606,0.7165076160525247,0.7114239731768066,0.7139981675301768,0.02537084725730233,0.0,0.0,,10000,10000,0
2025-03-04 00:00:00-05:00,0.689056306480427,0.7052865424561094,0.7019088454671372,0.7142189057492009,0.033697888954550906,0.0,0.0,,10000,10000,0
2025-03-05 00:00:00-05:00,0.6997419237044777,0.7216325824772678,0.7163105662807493,0.7370485665404859,0.025929996698205466,0.0,0.0,,10000,10000,0
2025-03-06 00:00:00-05:00,0.708628682481496,0.7224957494378524,0.7234469384646639,0.7294510308430544,0.025761095186320054,0.0,0.0,,10000,10000,0
2025-03-07 00:00:00-05:00,0.7051027826517934,0.7092786463504153,0.7102806909881395,0.7228651459838619,0.024091138992931638,0.0,0.0,,10000,10000,0
2025-03-10 00:00:00-04:00,0.6934457170681224,0.6941734403583313,0.6949384929725935,0.69867417189104,0.038294638895139635,0.0,0.0,,10000,10000,0
2025-03-11 00:00:00-04:00,0.6811410043632488,0.6934541096107412,0.6943668079984899,0.6992076320154371,0.035061325050105265,0.0,0.0,,10000,10000,0
2025-03-12 00:00:00-04:00,0.6882468537703345,0.692051541459674,0.6981286715459946,0.7043953761562337,0.027008468997831752,0.0,0.0,,10000,10000,0
2025-03-13 00:00:00-04:00,0.6886246534755327,0.6922314167938356,0.6953626903057097,0.696117127237501,0.02203921564503816,0.0,0.0,,10000,10000,0
2025-03-14 00:00:00-04:00,0.6825441680182712,0.70106069333884,0.6991612575334282,0.714126922062852,0.021355460263849137,0.0,0.0,,10000,10000,0
2025-03-17 00:00:00-04:00,0.6949928280277806,0.7055203457240671,0.7103360275514013,0.7143845442692682,0.02466974168189628,0.0,0.0,,10000,10000,0
2025-03-18 00:00:00-04:00,0.6956583905325713,0.695917708069131,0.7020932483022255,0.7048552380174451,0.020743077272507408,0.0,0.0,,10000,10000,0
2025-03-19 00:00:00-04:00,0.6928880524140669,0.700071670531944,0.7074409070130242,0.712765665331848,0.02034691450455206,0.0,0.0,,10000,10000,0
2025-03-20 00:00:00-04:00,0.6932658134355435,0.7038659907516097,0.7061132157316028,0.7109628190217302,0.01940711231779667,0.0,0.0,,10000,10000,0
2025-03-21 00:00:00-04:00,0.6887325522008464,0.7037760665400362,0.7052280894338829,0.7190939845551573,0.047279673563982265,0.0,0.0,,10000,10000,0
2025-03-24 00:00:00-04:00,0.7106435011051352,0.7103576434830225,0.7181546533593736,0.7224420549689767,0.022737823844003878,0.0,0.0,,10000,10000,0
2025-03-25 00:00:00-04:00,0.7079811113602984,0.7120839306420516,0.7233732357848772,0.7262684858082366,0.0158641237941615,0.0,0.0,,10000,10000,0
2025-03-26 00:00:00-04:00,0.7099239271515753,0.7101957950247298,0.7158680801085108,0.7167208507037831,0.016302347639006603,0.0,0.0,,10000,10000,0
2025-03-27 00:00:00-04:00,0.7011630878662749,0.7046751156966966,0.7137104942458069,0.7178429272220669,0.013224528337599028,0.0,0.0,,10000,10000,0
2025-03-28 00:00:00-04:00,0.6974753245069103,0.699082684326742,0.6944037367440797,0.6961722835069906,0.02356261527363885,0.0,0.0,,10000,10000,0
2025-03-31 00:00:00-04:00,0.6695199542047413,0.6773958397046462,0.6765351815136309,0.6898991771237039,0.04137640142250563,0.0,0.0,,10000,10000,0
2025-04-01 00:00:00-04:00,0.6733157162202357,0.68778972433937,0.6875809144342386,0.7024086190439509,0.02100937646556565,0.0,0.0,,10000,10000,0
2025-04-02 00:00:00-04:00,0.6792880951866562,0.6917996882576497,0.6938320132949487,0.7023165787870693,0.016281579982292287,0.0,0.0,,10000,10000,0
2025-04-03 00:00:00-04:00,0.6735675654690235,0.678133146506624,0.6804261020503369,0.6857048115390486,0.03482183979356424,0.0,0.0,,10000,10000,0
2025-04-04 00:00:00-04:00,0.6543909966385757,0.6729362236681917,0.6622257117006128,0.6612930992272027,0.05981124565982264,0.0,0.0,,10000,10000,0
2025-04-07 00:00:00-04:00,0.6305551892423735,0.6664805458263215,0.635137139594988,0.6576506357606406,0.061408383613845666,0.0,0.0,,10000,10000,0
2025-04-08 00:00:00-04:00,0.6618205559414564,0.6712458445935702,0.6452054123287104,0.6515798821732147,0.042275719822754625,0.0,0.0,,10000,10000,0
2025-04-09 00:00:00-04:00,0.6353403127849359,0.7064554454863302,0.6504608593955726,0.7176774018430653,0.061112247344368764,0.0,0.0,,10000,10000,0
2025-04-10 00:00:00-04:00,0.6866457813411171,0.6896778498142245,0.6775678669105112,0.7008633383697165,0.04510892767387524,0.0,0.0,,10000,10000,0
2025-04-11 00:00:00-04:00,0.6840913090359878,0.7007370024590864,0.6980180119225746,0.7139246258375239,0.026463778052109466,0.0,0.0,,10000,10000,0
2025-04-14 00:00:00-04:00,0.7067217940602858,0.7090089072250089,0.7078281066321818,0.712747223338152,0.020433271153041332,0.0,0.0,,10000,10000,0
2025-04-15 00:00:00-04:00,0.6982488635886851,0.7040458071378918,0.7077359384929492,0.7089208490694251,0.017737024683542973,0.0,0.0,,10000,10000,0
2025-04-16 00:00:00-04:00,0.6841452529490522,0.6855598149170725,0.6779366472877325,0.6829453575191159,0.024003993699250683,0.0,0.0,,10000,10000,0
2025-04-17 00:00:00-04:00,0.6716966684338356,0.672450700204299,0.6758898471599568,0.6758996673692447,0.022889900925133388,0.0,0.0,,10000,10000,0
2025-04-21 00:00:00-04:00,0.652034390092279,0.6547560102702308,0.6552000075288386,0.6599685567719924,0.022478622457670783,0.0,0.0,,10000,10000,0
2025-04-22 00:00:00-04:00,0.6530417279788724,0.6606721278856282,0.6629263170203245,0.6741335919054532,0.02074057989606708,0.0,0.0,,10000,10000,0
2025-04-23 00:00:00-04:00,0.6758522227525219,0.6833660744511536,0.6871936408750827,0.6880596165377924,0.022134510272366504,0.0,0.0,,10000,10000,0
2025-04-24 00:00:00-04:00,0.6752046323789379,0.6978598980546868,0.6911951746989452,0.7118090576220331,0.024351654787917537,0.0,0.0,,10000,10000,0
2025-04-25 00:00:00-04:00,0.6955324411051069,0.7045312903657441,0.7085472868496924,0.7201792902271147,0.020067865547561615,0.0,0.0,,10000,10000,0
2025-04-28 00:00:00-04:00,0.7044551812646822,0.70557431421802,0.712309160083274,0.7189100171824596,0.01692143411447763,0.0,0.0,,10000,10000,0
2025-04-29 00:00:00-04:00,0.7032678255217144,0.70981813735998,0.7192056988669764,0.7242080738622354,0.014811282463264908,0.0,0.0,,10000,10000,0
2025-04-30 00:00:00-04:00,0.7014689360706758,0.7126234304187412,0.7082522895122448,0.7264524531809343,0.04305411262694559,0.0,0.0,,10000,10000,0
2025-05-01 00:00:00-04:00,0.774883197700072,0.7851464702459814,0.7828610632602596,0.781898533510145,0.07259807591603769,0.0,0.0,,10000,10000,0
2025-05-02 00:00:00-04:00,0.7760165683393715,0.7895522218949304,0.7922471266407594,0.8000740234260962,0.03555711999394321,0.0,0.0,,10000,10000,0
2025-05-05 00:00:00-04:00,0.7780493984251958,0.7896601438523437,0.7961564602456962,0.8017113443572124,0.021596391369908242,0.0,0.0,,10000,10000,0
2025-05-06 00:00:00-04:00,0.7768440911884337,0.7864772191791377,0.7944230817632174,0.7964499453826974,0.014982418469860082,0.0,0.0,,10000,10000,0
2025-05-07 00:00:00-04:00,0.7797943041530226,0.787178502751062,0.7943123868885,0.796523543645883,0.02574887118584897,0.0,0.0,,10000,10000,0
2025-05-08 00:00:00-04:00,0.787151915195733,0.7971587756690812,0.8027026834773066,0.8053905220995681,0.0260064952817987,0.0,0.0,,10000,10000,0
2025-05-09 00:00:00-04:00,0.790875679028784,0.7918898527216579,0.8031083358329243,0.8064206715020359,0.015271588373477127,0.0,0.0,,10000,10000,0
2025-05-12 00:00:00-04:00,0.8015614038308302,0.8074087708261906,0.81030006314815,0.8257919493405221,0.025126630129611208,0.0,0.0,,10000,10000,0
2025-05-13 00:00:00-04:00,0.8048714339633389,0.8097465253640242,0.8205896461003276,0.825571211121498,0.026174082385031303,0.0,0.0,,10000,10000,0
2025-05-14 00:00:00-04:00,0.8055190229486182,0.8155547571092548,0.8257160048772447,0.8325616884313467,0.0212897398312089,0.0,0.0,,10000,10000,0
2025-05-15 00:00:00-04:00,0.8117388790153074,0.8211787896815034,0.8314636355086485,0.8344415838071516,0.0240361967112444,0.2694805194805195,0.0,,10000,10000,0
2025-05-16 00:00:00-04:00,0.814045719347955,0.8178819206949044,0.8283230755294599,0.8365425568251775,0.0264777107838292,0.0,0.0,,10000,10000,0
2025-05-19 00:00:00-04:00,0.8119371154702627,0.8273039872811727,0.832147125814501,0.8450203300131306,0.023174207516735053,0.0,0.0,,10000,10000,0
2025-05-20 00:00:00-04:00,0.8204256399007331,0.8250520874410862,0.8386500381490585,0.8437302955829343,0.015426162831046964,0.0,0.0,,10000,10000,0
2025-05-21 00:00:00-04:00,0.8185873935352709,0.8240432378652509,0.8340130572142779,0.8334095110065683,0.02038818693625013,0.0,0.0,,10000,10000,0
2025-05-22 00:00:00-04:00,0.8192722163011051,0.8284930173524544,0.8378740810039289,0.837629899036316,0.018822331908163844,0.0,0.0,,10000,10000,0
2025-05-23 00:00:00-04:00,0.8103151391340212,0.8166749150707064,0.8286555914280781,0.8290047030398604,0.017321145785795553,0.0,0.0,,10000,10000,0
2025-05-27 00:00:00-04:00,0.8220296478485086,0.82975413908421,0.8419753302877763,0.8483746231855592,0.022698128702689176,0.0,0.0,,10000,10000,0
2025-05-28 00:00:00-04:00,0.8305721963173863,0.832582508026705,0.8434717072861659,0.8422373992220817,0.017587707860584355,0.0,0.0,,10000,10000,0
2025-05-29 00:00:00-04:00,0.8311669539869128,0.8311413409153796,0.8404789747973287,0.8446702149855704,0.013497925337382411,0.0,0.0,,10000,10000,0
2025-05-30 00:00:00-04:00,0.8278688356285258,0.8310692050948159,0.8409038376481944,0.8477663768167875,0.0408319733585139,0.0,0.0,,10000,10000,0
2025-06-02 00:00:00-04:00,0.8232190859507049,0.8318438389659998,0.8433978217121244,0.8507336144037309,0.016983342762024737,0.0,0.0,,10000,10000,0
2025-06-03 00:00:00-04:00,0.8310227936760585,0.8355010937908146,0.8507320147921387,0.8525766823626766,0.015823114244193994,0.0,0.0,,10000,10000,0
2025-06-04 00:00:00-04:00,0.8355824557717805,0.8382934819100898,0.8547224234391765,0.8542353869551949,0.013744902723244422,0.0,0.0,,10000,10000,0
2025-06-05 00:00:00-04:00,0.8373125304566783,0.8454275250054014,0.8565882616438841,0.8612571477696874,0.021590607971835905,0.0,0.0,,10000,10000,0
2025-06-06 00:00:00-04:00,0.8465579868947805,0.8520752229505738,0.8653634093005322,0.8662332615472423,0.015220852199478864,0.0,0.0,,10000,10000,0
2025-06-09 00:00:00-04:00,0.8458551742552267,0.8522373845641752,0.8650678483548798,0.8706011855265582,0.016777506366995515,0.0,0.0,,10000,10000,0
2025-06-10 00:00:00-04:00,0.8485404083469746,0.8511023297421056,0.8620010833035047,0.8672284503604336,0.015339543300827131,0.0,0.0,,10000,10000,0
2025-06-11 00:00:00-04:00,0.8464318684061043,0.8559125701998355,0.8669891821920517,0.8703616093201084,0.01668457767524222,0.0,0.0,,10000,10000,0
2025-06-12 00:00:00-04:00,0.8554429625385485,0.8648301660346694,0.8741200521847556,0.8818802749287233,0.020038159912008226,0.0,0.0,,10000,10000,0
2025-06-13 00:00:00-04:00,0.8579481473123964,0.862596271870892,0.8727161241802304,0.8746742073183362,0.017230451588752027,0.0,0.0,,10000,10000,0
2025-06-16 00:00:00-04:00,0.8557853965570625,0.8653165685631027,0.8768542296944952,0.8823779259058518,0.015668408345758875,0.0,0.0,,10000,10000,0
2025-06-17 00:00:00-04:00,0.8561278150560382,0.8618035274407791,0.8751545870764303,0.8803506077215444,0.015389753711364272,0.0,0.0,,10000,10000,0
2025-06-18 00:00:00-04:00,0.8608136478302969,0.8658750522023119,0.8758566278674728,0.8844051875196265,0.018166310549549,0.0,0.0,,10000,10000,0
2025-06-20 00:00:00-04:00,0.8684371366764927,0.8703068622145754,0.8803088973721653,0.8791711121124586,0.044519809715688155,0.0,0.0,,10000,10000,0
2025-06-23 00:00:00-04:00,0.8611920521339973,0.8780354187338805,0.8722541827609039,0.8950208177129975,0.027810784039503763,0.0,0.0,,10000,10000,0
2025-06-24 00:00:00-04:00,0.8805480473862555,0.8854217472207133,0.8986534727366223,0.9025954989151738,0.024448000942168122,0.0,0.0,,10000,10000,0
2025-06-25 00:00:00-04:00,0.886116980058357,0.8903039575335322,0.9034383318566019,0.9065764238795373,0.01812503811785093,0.0,0.0,,10000,10000,0
2025-06-26 00:00:00-04:00,0.8878111007955216,0.8965733662575147,0.9097564261193178,0.9161232104259986,0.02349282017417492,0.0,0.0,,10000,10000,0
2025-06-27 00:00:00-04:00,0.8960472147361145,0.8988432301807509,0.9101628126619252,0.913340223064417,0.04052795063712017,0.0,0.0,,10000,10000,0
2025-06-30 00:00:00-04:00,0.8951281253472212,0.9014735340803777,0.9144118207261113,0.9160494424512146,0.03241778636758438,0.0,0.0,,10000,10000,0
2025-07-01 00:00:00-04:00,0.894100873276084,0.8965913458806285,0.9063757111090242,0.906170982870889,0.02134573363981838,0.0,0.0,,10000,10000,0
2025-07-02 00:00:00-04:00,0.8824223546622806,0.8883943085186276,0.9021636036404779,0.9044016828867274,0.01657995074647896,0.0,0.0,,10000,10000,0
2025-07-03 00:00:00-04:00,0.8893069321037954,0.9003385881758436,0.9109203002422281,0.9186849504337609,0.01351106942391046,0.0,0.0,,10000,10000,0
2025-07-07 00:00:00-04:00,0.895740969722052,0.8978525072699018,0.91422722000079,0.916620861403127,0.013506863316221484,0.0,0.0,,10000,10000,0
2025-07-08 00:00:00-04:00,0.8954886210552401,0.8968616706126282,0.9121580748643229,0.9145935432188197,0.010700600842483369,0.0,0.0,,10000,10000,0
2025-07-09 00:00:00-04:00,0.9010034428101024,0.9123188847046074,0.9225589415381547,0.9272918175775862,0.019655535553176767,0.0,0.0,,10000,10000,0
2025-07-10 00:00:00-04:00,0.9059595146576732,0.9081032143844547,0.9188825675970567,0.9235504688196724,0.01680668623908778,0.0,0.0,,10000,10000,0
2025-07-11 00:00:00-04:00,0.8977053851768152,0.9091661862866619,0.9189749838038749,0.926941645979493,0.016763836517006345,0.0,0.0,,10000,10000,0
2025-07-14 00:00:00-04:00,0.9032021271012004,0.907256511654525,0.9249420614010316,0.9263886690212766,0.010979518358608536,0.0,0.0,,10000,10000,0
2025-07-15 00:00:00-04:00,0.9059054697584948,0.9150571645928736,0.9281934979212811,0.9315490895947259,0.014749768138313645,0.0,0.0,,10000,10000,0
2025-07-16 00:00:00-04:00,0.9097983048933299,0.9122107586992535,0.9265308577601276,0.9311804760029369,0.015048401784230881,0.0,0.0,,10000,10000,0
2025-07-17 00:00:00-04:00,0.9106994021630904,0.9241909911527056,0.9334216035224357,0.9423859105713835,0.01813555338707337,0.0,0.0,,10000,10000,0
2025-07-18 00:00:00-04:00,0.9265590034487298,0.9264789709366822,0.9367653770089246,0.9393449050096561,0.02300754049955941,0.0,0.0,,10000,10000,0
2025-07-21 00:00:00-04:00,0.912555732719043,0.9218851075853508,0.9332923069488749,0.9393634035738849,0.013618850933440448,0.0,0.0,,10000,10000,0
2025-07-22 00:00:00-04:00,0.9202331724033723,0.9202816226853534,0.9327749510937393,0.930535345646773,0.013358335138454549,0.0,0.0,,10000,10000,0
2025-07-23 00:00:00-04:00,0.912627783780258,0.9123368418705247,0.9243324090595818,0.9316411864221404,0.016681160212744926,0.0,0.0,,10000,10000,0
2025-07-24 00:00:00-04:00,0.916268336024132,0.9247314771900533,0.936525267077494,0.9408746853579006,0.016300507466892676,0.0,0.0,,10000,10000,0
2025-07-25 00:00:00-04:00,0.9229364824198054,0.9330545193393924,0.9421782261527839,0.9460903187713725,0.020268312867114335,0.0,0.0,,10000,10000,0
2025-07-28 00:00:00-04:00,0.925838214234603,0.927127537562511,0.9417349246054708,0.9438603083680073,0.013935886300496952,0.0,0.0,,10000,10000,0
2025-07-29 00:00:00-04:00,0.928451430407434,0.9318475300399007,0.9443951421952916,0.9439892891828138,0.01677658628093855,0.0,0.0,,10000,10000,0
2025-07-30 00:00:00-04:00,0.9278026432128449,0.9288390837019487,0.9404787651621891,0.9452241673435205,0.02980395332061687,0.0,0.0,,10000,10000,0
2025-07-31 00:00:00-04:00,1.0000000000000002,1.0,0.9819713616562948,0.9825632646720129,0.06297555305058476,0.0,0.0,,10000,10000,0
2025-08-01 00:00:00-04:00,0.9635408264365679,0.9645995702756948,0.9615759355060135,0.9652574335569479,0.033217735473681335,0.0,0.0,,10000,10000,0
2025-08-04 00:00:00-04:00,0.9514118486919263,0.9690133788248948,0.9750065727749622,0.9865072490784516,0.02844827223611406,0.0,0.0,,10000,10000,0
2025-08-05 00:00:00-04:00,0.9674697281444297,0.9673019349565163,0.9733624044195711,0.9719660199018051,0.020328644224278075,0.0,0.0,,10000,10000,0
2025-08-06 00:00:00-04:00,0.9561517814938927,0.9572133481643291,0.9674323348665295,0.9667872139051925,0.023199444162868902,0.0,0.0,,10000,10000,0
2025-08-07 00:00:00-04:00,0.9487625693977197,0.9507098074341076,0.9554611118814237,0.9592309746967121,0.016263835465479423,0.0,0.0,,10000,10000,0
2025-08-08 00:00:00-04:00,0.9411931239033188,0.9445303669282062,0.9588971971833754,0.9614424299653157,0.015543408082877144,0.0,0.0,,10000,10000,0
2025-08-11 00:00:00-04:00,0.9406524160175894,0.949808924144533,0.9594698249613902,0.9609448355587201,0.02167302139436676,0.0,0.0,,10000,10000,0
2025-08-12 00:00:00-04:00,0.9432657687180641,0.9559161677436476,0.9649752494176197,0.974712066705462,0.019665393618072805,0.0,0.0,,10000,10000,0
2025-08-13 00:00:00-04:00,0.9583324603120604,0.9590149402726367,0.9588234377946209,0.9587518222838125,0.020916973537273474,0.0,0.0,,10000,10000,0
2025-08-14 00:00:00-04:00,0.9411211446196736,0.9468544987793299,0.9602459474129297,0.9622534251236781,0.021771207720731274,0.0,0.0,,10000,10000,0
2025-08-15 00:00:00-04:00,0.941499587845743,0.9471245988631147,0.9582876419442857,0.9579960399654727,0.028269906981928456,0.0,0.0,,10000,10000,0
2025-08-18 00:00:00-04:00,0.9393730229624964,0.9412156498348032,0.9489398600011089,0.9523380815559604,0.026360465531999017,0.0,0.0,,10000,10000,0
2025-08-19 00:00:00-04:00,0.9274961995997701,0.9274156991056581,0.9388344560915738,0.9388288686093644,0.023364139567065335,0.0,0.0,,10000,10000,0
2025-08-20 00:00:00-04:00,0.9182507717956521,0.9199213572968727,0.9312417002825868,0.9313647827988314,0.031568678377872514,0.0,0.0,,10000,10000,0
2025-08-21 00:00:00-04:00,0.9086052546684372,0.915353525320827,0.9295908856487375,0.9301648086568683,0.019371360402440384,0.2694805194805195,0.0,,10000,10000,0
2025-08-22 00:00:00-04:00,0.9096161996592735,0.9209475420460691,0.9290172962550226,0.9356845086841933,0.02710126624871977,0.0,0.0,,10000,10000,0
2025-08-25 00:00:00-04:00,0.9139125702512475,0.9163640834944382,0.9321815262197852,0.9302018057853261,0.02357129037074736,0.0,0.0,,10000,10000,0
2025-08-26 00:00:00-04:00,0.909814730056956,0.910571624879318,0.921800589747109,0.9261036101064476,0.03566003819145782,0.0,0.0,,10000,10000,0
2025-08-27 00:00:00-04:00,0.9055545399643598,0.914740069146462,0.9243727104271158,0.9347799458645634,0.017839548558461742,0.0,0.0,,10000,10000,0
2025-08-28 00:00:00-04:00,0.9147429467025389,0.9215971388642925,0.9347351403750097,0.9401334416664929,0.018809187821635796,0.0,0.0,,10000,10000,0
2025-08-29 00:00:00-04:00,0.9175770982684555,0.9189084274085533,0.9328661640753064,0.9346876227550177,0.022681435712798556,0.0,0.0,,10000,10000,0
2025-09-02 00:00:00-04:00,0.9027925494095776,0.9124121967628163,0.9186548216655801,0.9317893446475695,0.01895692735421105,0.0,0.0,,10000,10000,0
2025-09-03 00:00:00-04:00,0.9087858196510018,0.9156422874763293,0.9288507575955737,0.9322139630668403,0.016613468167125483,0.0,0.0,,10000,10000,0
2025-09-04 00:00:00-04:00,0.9097064600583755,0.9162919116980736,0.9303866245606636,0.9370505739104861,0.015515148296841842,0.0,0.0,,10000,10000,0
2025-09-05 00:00:00-04:00,0.9183172749118615,0.9231851354543482,0.9104389208710444,0.9131076050335027,0.03718356926092379,0.0,0.0,,10000,10000,0
2025-09-08 00:00:00-04:00,0.8985322610686791,0.9037505949511816,0.9153610457198704,0.9190148697811081,0.017173274812355022,0.0,0.0,,10000,10000,0
2025-09-09 00:00:00-04:00,0.9045254915304093,0.9056452747916778,0.9203017078211639,0.9194024910719213,0.014070613187409438,0.0,0.0,,10000,10000,0
2025-09-10 00:00:00-04:00,0.9073236295014295,0.9074137629529058,0.9184883140119307,0.9230207423504407,0.023536064218852196,0.0,0.0,,10000,10000,0
2025-09-11 00:00:00-04:00,0.9060058092592002,0.9073054885814833,0.9206348187450735,0.924202217928175,0.0199474657149647,0.0,0.0,,10000,10000,0
2025-09-12 00:00:00-04:00,0.9139486720363127,0.9242317159173408,0.9316819467183862,0.9406133860668519,0.026182100277813414,0.0,0.0,,10000,10000,0
2025-09-15 00:00:00-04:00,0.9178118088578541,0.9295008333792658,0.9375108052172242,0.9506926710386525,0.017663286358120627,0.0,0.0,,10000,10000,0
2025-09-16 00:00:00-04:00,0.9324157919974291,0.9326767462256917,0.9404714816981824,0.9390257906340755,0.021038819219388473,0.0,0.0,,10000,10000,0
2025-09-17 00:00:00-04:00,0.9211152564811703,0.9219580375120228,0.9355307898984748,0.9408348597028025,0.01591880319411818,0.0,0.0,,10000,10000,0
2025-09-18 00:00:00-04:00,0.9226857645118496,0.925170051512341,0.9387320633136566,0.9379366381658871,0.019989658232719733,0.0,0.0,,10000,10000,0
2025-09-19 00:00:00-04:00,0.9210070234408014,0.9364121586252455,0.9436357874445507,0.9554370153432853,0.06410173838430785,0.0,0.0,,10000,10000,0
2025-09-22 00:00:00-04:00,0.9300871929660064,0.9335971235559738,0.94776221333125,0.9490128656373961,0.021429724352732604,0.0,0.0,,10000,10000,0
2025-09-23 00:00:00-04:00,0.9268558061613591,0.9279129811030572,0.9380844468361886,0.9393765845080296,0.02115409285823945,0.0,0.0,,10000,10000,0
2025-09-24 00:00:00-04:00,0.9206820076047452,0.9241053275791822,0.9373627403543004,0.941074831902982,0.012918139680630242,0.0,0.0,,10000,10000,0
2025-09-25 00:00:00-04:00,0.916927207199939,0.9196482885530619,0.9338839458138078,0.9353152728165433,0.015879239493668755,0.0,0.0,,10000,10000,0
2025-09-26 00:00:00-04:00,0.9201043191323725,0.9267399309588775,0.9368075621911199,0.9434931090395384,0.016439966224955256,0.0,0.0,,10000,10000,0
2025-09-29 00:00:00-04:00,0.9227038082338868,0.9319909960945015,0.9409895719023746,0.949289608683902,0.018286316059550074,0.0,0.0,,10000,10000,0
2025-09-30 00:00:00-04:00,0.9258448611701683,0.9343549256011893,0.9424329432122214,0.9554738993306773,0.02106024408042919,0.0,0.0,,10000,10000,0
2025-10-01 00:00:00-04:00,0.9286608957277537,0.9385955129265167,0.9461892618644125,0.9587228581710139,0.02487741824903943,0.0,0.0,,10000,10000,0
2025-10-02 00:00:00-04:00,0.9337876554521444,0.9405623205737343,0.9443202620144148,0.9513940325044292,0.02302489069377643,0.0,0.0,,10000,10000,0
2025-10-03 00:00:00-04:00,0.9328128063601195,0.9385593733837858,0.95231418780853,0.9543661351571944,0.014993065179947803,0.0,0.0,,10000,10000,0
2025-10-06 00:00:00-04:00,0.9355388056688732,0.9575790641517236,0.9582357489178379,0.9750787568991355,0.02324268820754618,0.0,0.0,,10000,10000,0
2025-10-07 00:00:00-04:00,0.9530130282489191,0.9553594012315648,0.9642310985020984,0.9666053962127416,0.014339672638638567,0.0,0.0,,10000,10000,0
2025-10-08 00:00:00-04:00,0.9439690998531935,0.9502166096786604,0.9672843672903616,0.9682114336392138,0.012694295887057595,0.0,0.0,,10000,10000,0
2025-10-09 00:00:00-04:00,0.9422721878979071,0.9454887910355534,0.9567553528886004,0.9636887326821302,0.01924031385975575,0.0,0.0,,10000,10000,0
2025-10-10 00:00:00-04:00,0.9373981762058563,0.9441354478537825,0.9423774594460586,0.9425701607967454,0.026851002841225744,0.0,0.0,,10000,10000,0
2025-10-13 00:00:00-04:00,0.9315673398718897,0.9311970856127613,0.9461708489552417,0.948274393902096,0.013904603374560197,0.0,0.0,,10000,10000,0
2025-10-14 00:00:00-04:00,0.9204111892807673,0.929157978231093,0.9356602628136371,0.9473882165056294,0.014430498276547375,0.0,0.0,,10000,10000,0
2025-10-15 00:00:00-04:00,0.9289498888180749,0.9326046450077939,0.9430621214629988,0.9471298588822867,0.014444168126536542,0.0,0.0,,10000,10000,0
2025-10-16 00:00:00-04:00,0.9246534636558026,0.9319910109206303,0.939601759413331,0.9437700217976427,0.015581000170347362,0.0,0.0,,10000,10000,0
2025-10-17 00:00:00-04:00,0.9182630782113,0.929518866434687,0.93808440619096,0.947406771640391,0.021243735528360733,0.0,0.0,,10000,10000,0
2025-10-20 00:00:00-04:00,0.9283178908437688,0.9353293502618022,0.9494089894590594,0.9533323652406267,0.014405918834739927,0.0,0.0,,10000,10000,0
2025-10-21 00:00:00-04:00,0.9335350424016494,0.9353114016048852,0.9486874077613414,0.9549385158081647,0.015615963440511967,0.0,0.0,,10000,10000,0
2025-10-22 00:00:00-04:00,0.9401239799161261,0.9471127567802804,0.9573289610375184,0.9602550144816365,0.020054064256707166,0.0,0.0,,10000,10000,0
2025-10-23 00:00:00-04:00,0.9424888198566497,0.9448030879121995,0.9589943266832525,0.9602920116100941,0.013561937038774004,0.0,0.0,,10000,10000,0
2025-10-24 00:00:00-04:00,0.9430844475902834,0.9473293214056155,0.9628803042067757,0.9659223635995952,0.015545248254991071,0.0,0.0,,10000,10000,0
2025-10-27 00:00:00-04:00,0.9593133131093324,0.963985051143663,0.9782389827591863,0.9805245758106107,0.019754379083867683,0.0,0.0,,10000,10000,0
2025-10-28 00:00:00-04:00,0.9922037680104756,0.9985230540925315,1.0,1.0,0.0345441052452266,0.0,0.0,,10000,10000,0
2025-10-29 00:00:00-04:00,0.9830694578768174,0.9850795509028129,0.9925241322919653,0.9990399980582164,0.042478270196151836,0.0,0.0,,10000,10000,0
2025-10-30 00:00:00-04:00,0.9569663828916845,0.9646886344438653,0.9654893561457849,0.9698913521815358,0.04905044490104081,0.0,0.0,,10000,10000,0
2025-10-31 00:00:00-04:00,0.9540780712440239,0.9544932039606897,0.9524992102339853,0.9552153719957361,0.039827633706905806,0.0,0.0,,10000,10000,0
2025-11-03 00:00:00-05:00,0.9377049548367141,0.9466255990398685,0.9515555914752086,0.9537755387946593,0.02453882658007693,0.0,0.0,,10000,10000,0
2025-11-04 00:00:00-05:00,0.9231732516435334,0.9296452377962137,0.9390651785995315,0.9487913354309127,0.02267762392770542,0.0,0.0,,10000,10000,0
2025-11-05 00:00:00-05:00,0.9259531591139696,0.9283459946962331,0.9367335572979851,0.9355552450167227,0.025392666440938887,0.0,0.0,,10000,10000,0
2025-11-06 00:00:00-05:00,0.9121614966637643,0.9118708513731875,0.9168043689444335,0.9169842139353649,0.03115266803925981,0.0,0.0,,10000,10000,0
2025-11-07 00:00:00-05:00,0.8964382695794127,0.900466368509107,0.9120672560085689,0.916467328977081,0.026701160254806008,0.0,0.0,,10000,10000,0
2025-11-10 00:00:00-05:00,0.9020163516553666,0.9139460597355121,0.9223371956407646,0.9334138806382706,0.029437364747349624,0.0,0.0,,10000,10000,0
2025-11-11 00:00:00-05:00,0.9106090211834544,0.9189084293183771,0.928906260934354,0.9383612000146252,0.018762394873595947,0.0,0.0,,10000,10000,0
2025-11-12 00:00:00-05:00,0.9188406930463074,0.9226437572294532,0.9229293200115946,0.9429024561064705,0.03005960580358739,0.0,0.0,,10000,10000,0
2025-11-13 00:00:00-05:00,0.9205556374095951,0.9259459643046126,0.9269447799488661,0.9284111221397623,0.02834850861936618,0.0,0.0,,10000,10000,0
2025-11-14 00:00:00-05:00,0.8987489653243333,0.9225174690607839,0.9198206402787752,0.9411302710251357,0.03259746603042278,0.0,0.0,,10000,10000,0
2025-11-17 00:00:00-05:00,0.9171980536577443,0.9234557906032212,0.933643403653511,0.9361644530845522,0.02022506882243706,0.0,0.0,,10000,10000,0
2025-11-18 00:00:00-05:00,0.8935860781703198,0.9069626437822053,0.9000949757000287,0.910873917545505,0.039576187331624255,0.0,0.0,,10000,10000,0
2025-11-19 00:00:00-05:00,0.8840727182896655,0.8929055306995187,0.8927857230579491,0.8985608885151737,0.025683150753208733,0.0,0.0,,10000,10000,0
2025-11-20 00:00:00-05:00,0.890448913118481,0.8916491741020116,0.8808688282151058,0.8841718906423185,0.03035876521296575,0.29545454545454547,0.0,,10000,10000,0
2025-11-21 00:00:00-05:00,0.8647491138252476,0.8651637200281901,0.867465119019757,0.8725016725763058,0.03688703866885104,0.0,0.0,,10000,10000,0
2025-11-24 00:00:00-05:00,0.8584191241348504,0.8615117788103612,0.8670016601262603,0.8759787238049319,0.04037258753435865,0.0,0.0,,10000,10000,0
2025-11-25 00:00:00-05:00,0.856737115702504,0.8655794644583938,0.8611989516263633,0.8815086065281625,0.03195879486602496,0.0,0.0,,10000,10000,0
2025-11-26 00:00:00-05:00,0.8788740331111439,0.8821396727195345,0.8914360565930232,0.897247716737058,0.02892159079198905,0.0,0.0,,10000,10000,0
2025-11-28 00:00:00-05:00,0.8812071510216676,0.8899497802432819,0.9015398214995288,0.9092879060876473,0.014039330261472683,0.0,0.0,,10000,10000,0
2025-12-01 00:00:00-05:00,0.8827263318287812,0.8849418973841706,0.8978320073093913,0.8995410861371703,0.026627816251979502,0.0,0.0,,10000,10000,0
2025-12-02 00:00:00-05:00,0.87961559856702,0.8915226295710248,0.9009280600781757,0.9055704300945794,0.020842709448390007,0.0,0.0,,10000,10000,0
2025-12-03 00:00:00-05:00,0.8608064171217977,0.8747815899783596,0.8803126676890124,0.8828772739989645,0.04062771425386805,0.0,0.0,,10000,10000,0
2025-12-04 00:00:00-05:00,0.8670279166246081,0.8695026091729912,0.882704161930407,0.8886291394929412,0.024464562491193463,0.0,0.0,,10000,10000,0
2025-12-05 00:00:00-05:00,0.8720195473437735,0.8732629864324297,0.8871350168355879,0.8929199578360373,0.02484639820483324,0.0,0.0,,10000,10000,0
2025-12-08 00:00:00-05:00,0.8763059402651532,0.889353155122542,0.897331495804334,0.9074568876521902,0.024001496322810352,0.0,0.0,,10000,10000,0
2025-12-09 00:00:00-05:00,0.8839199965723461,0.88902772856566,0.9049695334484362,0.9093063480813434,0.014446008298650469,0.0,0.0,,10000,10000,0
2025-12-10 00:00:00-05:00,0.8747504958157105,0.8747996828152529,0.8800901485113057,0.8844123154067605,0.042127585967583536,0.0,0.0,,10000,10000,0
2025-12-11 00:00:00-05:00,0.8613670881965477,0.8780177325731032,0.8815362101396541,0.8934933001860653,0.027554737233937403,0.0,0.0,,10000,10000,0
2025-12-12 00:00:00-05:00,0.8671364612307374,0.8715455595884741,0.8824261235060683,0.8843568762846068,0.023058013791827113,0.0,0.0,,10000,10000,0
2025-12-15 00:00:00-05:00,0.8676428124838929,0.8684178565305224,0.8753441644383785,0.877495266648499,0.02631722148732174,0.0,0.0,,10000,10000,0
2025-12-16 00:00:00-05:00,0.8528306039915039,0.8633015832541948,0.8723038067930835,0.8803989755270969,0.02234494709768054,0.0,0.0,,10000,10000,0
2025-12-17 00:00:00-05:00,0.8618734606949959,0.8671161796579053,0.8799418570358895,0.8798995708634513,0.027368091205239125,0.0,0.0,,10000,10000,0
2025-12-18 00:00:00-05:00,0.8641884608494101,0.8844718882180768,0.8852996846170601,0.8944365572501372,0.032686582937082945,0.0,0.0,,10000,10000,0
2025-12-19 00:00:00-05:00,0.8807730316447412,0.8813080814182195,0.8938275660180366,0.8980245432936033,0.08823691006710846,0.0,0.0,,10000,10000,0
2025-12-22 00:00:00-05:00,0.8785304397714534,0.8828990476032323,0.8941983900131681,0.8961750828644501,0.017425641273693532,0.0,0.0,,10000,10000,0
2025-12-23 00:00:00-05:00,0.8764686961329943,0.881271910479773,0.8979988633457394,0.8997445703436875,0.01442957819049041,0.0,0.0,,10000,10000,0
2025-12-24 00:00:00-05:00,0.8777346258794867,0.8836763861006453,0.898165668388632,0.9019083932236651,0.002826372926126027,0.0,0.0,,10000,10000,0
2025-12-26 00:00:00-05:00,0.8795975017234828,0.8817962213017532,0.9002606333587486,0.9013351074441698,0.006751591485996816,0.0,0.0,,10000,10000,0
2025-12-29 00:00:00-05:00,0.876251602013601,0.8822120253890534,0.8969606644328451,0.9002069213083426,0.009447706514629894,0.0,0.0,,10000,10000,0
2025-12-30 00:00:00-05:00,0.8781868080436168,0.8846165041213935,0.8994078460881041,0.9009097536079724,0.01345809875520243,0.0,0.0,,10000,10000,0
