Date,Profit
2001-02-15 00:00:00-05:00,0.0
2001-02-16 00:00:00-05:00,-25.504955072357916
2001-02-20 00:00:00-05:00,-75.02885216564391
2001-02-21 00:00:00-05:00,-55.397790691618866
2001-02-22 00:00:00-05:00,-129.9064841241143
2001-02-23 00:00:00-05:00,7.978458945253806
2001-02-26 00:00:00-05:00,305.72780617432727
2001-02-27 00:00:00-05:00,282.7323304838519
2001-02-28 00:00:00-05:00,230.41845268442194
2001-03-01 00:00:00-05:00,286.64435685925855
2001-03-02 00:00:00-05:00,-176.37755346776794
2001-03-05 00:00:00-05:00,-46.40536819613226
2001-03-06 00:00:00-05:00,300.1853180861199
2001-03-07 00:00:00-05:00,516.7983957703836
2001-03-08 00:00:00-05:00,267.69091593662233
2001-03-09 00:00:00-05:00,-176.37755346776794
2001-03-12 00:00:00-05:00,-999.5229763143889
2001-03-13 00:00:00-05:00,-609.6123861584601
2001-03-14 00:00:00-05:00,-642.1078729732253
2001-03-15 00:00:00-05:00,-696.2587018974355
2001-03-16 00:00:00-05:00,-544.6246665247363
2001-03-19 00:00:00-05:00,-587.9505360573967
2001-03-20 00:00:00-05:00,-869.5545873711962
2001-03-21 00:00:00-05:00,-1324.4485584997692
2001-03-22 00:00:00-05:00,-642.1078729732253
2001-03-23 00:00:00-05:00,-198.0415728993703
2001-03-26 00:00:00-05:00,-284.6846346425391
2001-03-27 00:00:00-05:00,94.39719979340043
2001-03-28 00:00:00-05:00,-371.33745837312927
2001-03-29 00:00:00-05:00,-403.82752186155085
2001-03-30 00:00:00-05:00,-522.9649857542136
2001-04-02 00:00:00-04:00,-328.0115888404707
2001-04-03 00:00:00-04:00,-750.4160388132623
2001-04-04 00:00:00-04:00,-999.5229763143889
2001-04-05 00:00:00-04:00,-165.54500141933568
2001-04-06 00:00:00-04:00,-263.0216998762062
2001-04-09 00:00:00-04:00,-96.230552024801
2001-04-10 00:00:00-04:00,342.20525063406967
2001-04-11 00:00:00-04:00,404.5919429510668
2001-04-12 00:00:00-04:00,775.4422526552971
2001-04-16 00:00:00-04:00,534.5619588921636
2001-04-17 00:00:00-04:00,654.135458223247
2001-04-18 00:00:00-04:00,1338.6427626260047
2001-04-19 00:00:00-04:00,1790.9438414273773
2001-04-20 00:00:00-04:00,1957.3043771667144
2001-04-23 00:00:00-04:00,1827.3430385477714
2001-04-24 00:00:00-04:00,1706.0329901199111
2001-04-25 00:00:00-04:00,2076.8865538199534
2001-04-26 00:00:00-04:00,1979.8404674751491
2001-04-27 00:00:00-04:00,1631.5132320961166
2001-04-30 00:00:00-04:00,1740.691299482447
2001-05-01 00:00:00-04:00,2160.065194691717
2001-05-02 00:00:00-04:00,2089.014196200402
2001-05-03 00:00:00-04:00,1875.8622853917295
2001-05-04 00:00:00-04:00,2260.570278581572
2001-05-07 00:00:00-04:00,2369.7526846289857
2001-05-08 00:00:00-04:00,2487.591804193824
2001-05-09 00:00:00-04:00,2199.9255586877025
2001-05-10 00:00:00-04:00,2130.606770632092
2001-05-11 00:00:00-04:00,2026.6275038834046
2001-05-14 00:00:00-04:00,1908.7883843185682
2001-05-15 00:00:00-04:00,1830.8020360928276
2001-05-16 00:00:00-04:00,1985.0414374433312
2001-05-17 00:00:00-04:00,1813.474508409463
2001-05-18 00:00:00-04:00,1799.6103169322323
2001-05-21 00:00:00-04:00,1920.9171113642842
2001-05-22 00:00:00-04:00,2184.3248181136914
2001-05-23 00:00:00-04:00,2078.613340929305
2001-05-24 00:00:00-04:00,2428.6706174134997
2001-05-25 00:00:00-04:00,2288.3019155318434
2001-05-29 00:00:00-04:00,2189.5247034166077
2001-05-30 00:00:00-04:00,1990.234814754629
2001-05-31 00:00:00-04:00,1988.5015196536551
2001-06-01 00:00:00-04:00,2189.5247034166077
2001-06-04 00:00:00-04:00,2265.7788412066457
2001-06-05 00:00:00-04:00,2581.1702156714146
2001-06-06 00:00:00-04:00,2539.5754719091838
2001-06-07 00:00:00-04:00,2768.3237846307893
2001-06-08 00:00:00-04:00,2683.4107639927824
2001-06-11 00:00:00-04:00,2497.986151473304
2001-06-12 00:00:00-04:00,2491.0583943957645
2001-06-13 00:00:00-04:00,2250.1781006326346
2001-06-14 00:00:00-04:00,1939.9779341486192
2001-06-15 00:00:00-04:00,1787.485928547594
2001-06-18 00:00:00-04:00,1589.9271656560431
2001-06-19 00:00:00-04:00,1666.1704567933866
2001-06-20 00:00:00-04:00,2028.360798984375
2001-06-21 00:00:00-04:00,2102.875133681824
2001-06-22 00:00:00-04:00,1927.8513764334402
2001-06-25 00:00:00-04:00,1931.3201359659215
2001-06-26 00:00:00-04:00,2154.8653093888024
2001-06-27 00:00:00-04:00,2311.1558995246487
2001-06-28 00:00:00-04:00,2533.3036458797324
2001-06-29 00:00:00-04:00,2564.746866173229
2001-07-02 00:00:00-04:00,2317.1461791313086
2001-07-03 00:00:00-04:00,2306.0898200952342
2001-07-05 00:00:00-04:00,2173.933302271318
2001-07-06 00:00:00-04:00,2049.868654798802
2001-07-09 00:00:00-04:00,2037.3655179692687
2001-07-10 00:00:00-04:00,2016.9812883475934
2001-07-11 00:00:00-04:00,2016.9812883475934
2001-07-12 00:00:00-04:00,2016.9812883475934
2001-07-13 00:00:00-04:00,2016.9812883475934
2001-07-16 00:00:00-04:00,2016.9812883475934
2001-07-17 00:00:00-04:00,2016.9812883475934
2001-07-18 00:00:00-04:00,2016.9812883475934
2001-07-19 00:00:00-04:00,2016.9812883475934
2001-07-20 00:00:00-04:00,2016.9812883475934
2001-07-23 00:00:00-04:00,2016.9812883475934
2001-07-24 00:00:00-04:00,2016.9812883475934
2001-07-25 00:00:00-04:00,2016.9812883475934
2001-07-26 00:00:00-04:00,2016.9812883475934
2001-07-27 00:00:00-04:00,2016.9812883475934
2001-07-30 00:00:00-04:00,2016.9812883475934
2001-07-31 00:00:00-04:00,2016.9812883475934
2001-08-01 00:00:00-04:00,2016.9812883475934
2001-08-02 00:00:00-04:00,2016.9812883475934
2001-08-03 00:00:00-04:00,2016.9812883475934
2001-08-06 00:00:00-04:00,2016.9812883475934
2001-08-07 00:00:00-04:00,2016.9812883475934
2001-08-08 00:00:00-04:00,2016.9812883475934
2001-08-09 00:00:00-04:00,2016.9812883475934
2001-08-10 00:00:00-04:00,2016.9812883475934
2001-08-13 00:00:00-04:00,2016.9812883475934
2001-08-14 00:00:00-04:00,2016.9812883475934
2001-08-15 00:00:00-04:00,2016.9812883475934
2001-08-16 00:00:00-04:00,2016.9812883475934
2001-08-17 00:00:00-04:00,1974.5792890804369
2001-08-20 00:00:00-04:00,2000.5204277230805
2001-08-21 00:00:00-04:00,1909.1586856688737
2001-08-22 00:00:00-04:00,1901.4750747571452
2001-08-23 00:00:00-04:00,1777.469513888227
2001-08-24 00:00:00-04:00,2062.9605315466433
2001-08-27 00:00:00-04:00,2092.4839692257337
2001-08-28 00:00:00-04:00,1889.0104831301687
2001-08-29 00:00:00-04:00,1817.4356794604155
2001-08-30 00:00:00-04:00,1279.0213381650137
2001-08-31 00:00:00-04:00,1298.8456539833096
2001-09-04 00:00:00-04:00,1110.98332922597
2001-09-05 00:00:00-04:00,1435.3013131820535
2001-09-06 00:00:00-04:00,1095.1610378401565
2001-09-07 00:00:00-04:00,972.5497288839488
2001-09-10 00:00:00-04:00,1403.6567304104265
2001-09-17 00:00:00-04:00,480.1426428012328
2001-09-18 00:00:00-04:00,758.9766447848197
2001-09-19 00:00:00-04:00,669.9866219830983
2001-09-20 00:00:00-04:00,54.97441574625009
2001-09-21 00:00:00-04:00,-152.67041484491347
2001-09-24 00:00:00-04:00,302.16631047903866
2001-09-25 00:00:00-04:00,161.75910115519582
2001-09-26 00:00:00-04:00,-41.92365834733755
2001-09-27 00:00:00-04:00,-103.23055058585669
2001-09-28 00:00:00-04:00,136.05081733423322
2001-10-01 00:00:00-04:00,258.6565563685763
2001-10-02 00:00:00-04:00,507.8325810467177
2001-10-03 00:00:00-04:00,1136.6878997656859
2001-10-04 00:00:00-04:00,1178.2172372120403
2001-10-05 00:00:00-04:00,1431.3429553746646
2001-10-08 00:00:00-04:00,1494.6197433137659
2001-10-09 00:00:00-04:00,806.441043421426
2001-10-10 00:00:00-04:00,994.3046059391818
2001-10-11 00:00:00-04:00,1154.4856567739444
2001-10-12 00:00:00-04:00,1166.3495903523726
2001-10-15 00:00:00-04:00,1498.5793388815655
2001-10-16 00:00:00-04:00,1575.6992393027867
2001-10-17 00:00:00-04:00,1097.1352657021907
2001-10-18 00:00:00-04:00,1239.5210350495236
2001-10-19 00:00:00-04:00,1466.9335183495295
2001-10-22 00:00:00-04:00,1913.8628112618208
2001-10-23 00:00:00-04:00,1967.2560822866017
2001-10-24 00:00:00-04:00,2143.255711225933
2001-10-25 00:00:00-04:00,2388.4746158571033
2001-10-26 00:00:00-04:00,2317.278636782399
2001-10-29 00:00:00-05:00,1811.0296759779794
2001-10-30 00:00:00-05:00,1660.7346175783641
2001-10-31 00:00:00-05:00,1516.3758581294132
2001-11-01 00:00:00-05:00,2246.0838954681094
2001-11-02 00:00:00-05:00,2159.0767648513283
2001-11-05 00:00:00-05:00,2528.8812063007445
2001-11-06 00:00:00-05:00,2827.482242112961
2001-11-07 00:00:00-05:00,2722.678592248334
2001-11-08 00:00:00-05:00,2756.2899763195
2001-11-09 00:00:00-05:00,2912.512669346879
2001-11-12 00:00:00-05:00,3027.2122137299702
2001-11-13 00:00:00-05:00,3444.477340534748
2001-11-14 00:00:00-05:00,3058.8555587411847
2001-11-15 00:00:00-05:00,3092.4694183331812
2001-11-16 00:00:00-05:00,3019.3029246776896
2001-11-19 00:00:00-05:00,3175.529330986312
2001-11-20 00:00:00-05:00,2950.0923133087526
2001-11-21 00:00:00-05:00,2683.1234826640084
2001-11-23 00:00:00-05:00,2813.6366541100106
2001-11-26 00:00:00-05:00,2898.6745079064203
2001-11-27 00:00:00-05:00,2621.8233981077738
2001-11-28 00:00:00-05:00,2435.9353012124648
2001-11-29 00:00:00-05:00,2839.3498889726307
2001-11-30 00:00:00-05:00,2714.76187663356
2001-12-03 00:00:00-05:00,2825.5067764905107
2001-12-04 00:00:00-05:00,3068.7465022179913
2001-12-05 00:00:00-05:00,3484.023785796164
2001-12-06 00:00:00-05:00,3592.7882689890102
2001-12-07 00:00:00-05:00,3430.6342280526296
2001-12-10 00:00:00-05:00,3278.3649417909783
2001-12-11 00:00:00-05:00,3329.774082870408
2001-12-12 00:00:00-05:00,3454.370759532385
2001-12-13 00:00:00-05:00,3122.132346680284
2001-12-14 00:00:00-05:00,3353.513089870996
2001-12-17 00:00:00-05:00,3658.046711352632
2001-12-18 00:00:00-05:00,3715.3971024243892
2001-12-19 00:00:00-05:00,3758.9105698160984
2001-12-20 00:00:00-05:00,3219.0341340551167
2001-12-21 00:00:00-05:00,3373.287550262121
2001-12-24 00:00:00-05:00,3319.891803716506
2001-12-26 00:00:00-05:00,3400.9737752263572
2001-12-27 00:00:00-05:00,3434.5876348183556
2001-12-28 00:00:00-05:00,3438.542279344496
2001-12-31 00:00:00-05:00,3118.1826531957977
2002-01-02 00:00:00-05:00,3262.1814035504267
2002-01-03 00:00:00-05:00,3625.982160280666
2002-01-04 00:00:00-05:00,3576.424586291165
2002-01-07 00:00:00-05:00,3526.0280031265374
2002-01-08 00:00:00-05:00,3646.017277100993
2002-01-09 00:00:00-05:00,3549.6543218235456
2002-01-10 00:00:00-05:00,3622.451501094325
2002-01-11 00:00:00-05:00,3547.6362201078628
2002-01-14 00:00:00-05:00,3534.308316085957
2002-01-15 00:00:00-05:00,3619.1994059165954
2002-01-16 00:00:00-05:00,3516.6492611892445
2002-01-17 00:00:00-05:00,3603.2409591302912
2002-01-18 00:00:00-05:00,3439.632079089557
2002-01-22 00:00:00-05:00,3368.2697305103975
2002-01-23 00:00:00-05:00,3336.941958253705
2002-01-24 00:00:00-05:00,3374.361960487793
2002-01-25 00:00:00-05:00,3339.552447070073
2002-01-28 00:00:00-05:00,3340.421792954461
2002-01-29 00:00:00-05:00,3275.15358081297
2002-01-30 00:00:00-05:00,3298.214941326896
2002-01-31 00:00:00-05:00,3335.6368500212557
2002-02-01 00:00:00-05:00,3289.947440178259
2002-02-04 00:00:00-05:00,3222.93781275332
2002-02-05 00:00:00-05:00,3224.7332786355837
2002-02-06 00:00:00-05:00,3167.563040818706
2002-02-07 00:00:00-05:00,3111.892551949706
2002-02-08 00:00:00-05:00,3204.9717641793686
2002-02-11 00:00:00-05:00,3265.4509850413306
2002-02-12 00:00:00-05:00,3124.520789224802
2002-02-13 00:00:00-05:00,3391.6066967393926
2002-02-14 00:00:00-05:00,3367.0841801580245
2002-02-15 00:00:00-05:00,3089.5998414908863
2002-02-19 00:00:00-05:00,2819.234291957353
2002-02-20 00:00:00-05:00,3020.9667541907274
2002-02-21 00:00:00-05:00,2636.217932696032
2002-02-22 00:00:00-05:00,2623.747473211244
2002-02-25 00:00:00-05:00,2850.4325698771772
2002-02-26 00:00:00-05:00,2740.208287274465
2002-02-27 00:00:00-05:00,2706.9363724069044
2002-02-28 00:00:00-05:00,2696.536946433631
2002-03-01 00:00:00-05:00,3326.692174438751
2002-03-04 00:00:00-05:00,3728.071746494792
2002-03-05 00:00:00-05:00,3682.321561833789
2002-03-06 00:00:00-05:00,3796.7087389492754
2002-03-07 00:00:00-05:00,3607.449339636907
2002-03-08 00:00:00-05:00,3863.262982429267
2002-03-11 00:00:00-05:00,3944.3704343685404
2002-03-12 00:00:00-05:00,3570.0210388471223
2002-03-13 00:00:00-05:00,3478.5089540621375
2002-03-14 00:00:00-05:00,3295.493896518925
2002-03-15 00:00:00-05:00,3559.621612873845
2002-03-18 00:00:00-05:00,3486.829536215244
2002-03-19 00:00:00-05:00,3505.5456391873013
2002-03-20 00:00:00-05:00,3062.5592512113944
2002-03-21 00:00:00-05:00,3324.6068220280413
2002-03-22 00:00:00-05:00,3135.3578364605437
2002-03-25 00:00:00-05:00,2881.6243392064625
2002-03-26 00:00:00-05:00,2850.4325698771772
2002-03-27 00:00:00-05:00,2925.304792074061
2002-03-28 00:00:00-05:00,3106.241005797101
2002-04-01 00:00:00-05:00,3120.7968176926042
2002-04-02 00:00:00-05:00,2476.081872637651
2002-04-03 00:00:00-05:00,2278.5031928902827
2002-04-04 00:00:00-05:00,2303.4623359133893
2002-04-05 00:00:00-05:00,2182.8464376460506
2002-04-08 00:00:00-04:00,2463.6049045623167
2002-04-09 00:00:00-04:00,1974.8670302073006
2002-04-10 00:00:00-04:00,2272.2692648659977
2002-04-11 00:00:00-04:00,1958.2362796459547
2002-04-12 00:00:00-04:00,2195.3247074394967
2002-04-15 00:00:00-04:00,2145.4064213932816
2002-04-16 00:00:00-04:00,2586.306155240365
2002-04-17 00:00:00-04:00,2340.8997487299403
2002-04-18 00:00:00-04:00,2286.827680197719
2002-04-19 00:00:00-04:00,2459.4433117676544
2002-04-22 00:00:00-04:00,2124.611474601059
2002-04-23 00:00:00-04:00,1791.850670945978
2002-04-24 00:00:00-04:00,1590.1208121488198
2002-04-25 00:00:00-04:00,1737.7812058499803
2002-04-26 00:00:00-04:00,1274.0018236590113
2002-04-29 00:00:00-04:00,1427.9007013978353
2002-04-30 00:00:00-04:00,1432.059690756283
2002-05-01 00:00:00-04:00,1533.962089487779
2002-05-02 00:00:00-04:00,1213.6932236662888
2002-05-03 00:00:00-04:00,870.5355974741506
2002-05-06 00:00:00-04:00,675.0403175603351
2002-05-07 00:00:00-04:00,851.8240505154772
2002-05-08 00:00:00-04:00,1995.6697873081775
2002-05-09 00:00:00-04:00,1402.9467652471667
2002-05-10 00:00:00-04:00,972.4458065143062
2002-05-13 00:00:00-04:00,1521.4903282848827
2002-05-14 00:00:00-04:00,1976.9445723093559
2002-05-15 00:00:00-04:00,1949.9117923385202
2002-05-16 00:00:00-04:00,2159.5194137820035
2002-05-17 00:00:00-04:00,2221.889904398533
2002-05-20 00:00:00-04:00,1816.5466028501287
2002-05-21 00:00:00-04:00,1451.3443844870599
2002-05-22 00:00:00-04:00,1752.3371974782895
2002-05-23 00:00:00-04:00,1979.0865902801688
2002-05-24 00:00:00-04:00,1666.0501963545157
2002-05-28 00:00:00-04:00,1477.4203888222437
2002-05-29 00:00:00-04:00,1423.2481382149726
2002-05-30 00:00:00-04:00,1541.635446098784
2002-05-31 00:00:00-04:00,1194.4885513067711
2002-06-03 00:00:00-04:00,895.4971405701053
2002-06-04 00:00:00-04:00,1007.870193859646
2002-06-05 00:00:00-04:00,1344.9899817176774
2002-06-06 00:00:00-04:00,1393.1479777306722
2002-06-07 00:00:00-04:00,1409.2012710577492
2002-06-10 00:00:00-04:00,1577.7624209655878
2002-06-11 00:00:00-04:00,1527.5910908992118
2002-06-12 00:00:00-04:00,2123.569370170917
2002-06-13 00:00:00-04:00,1858.6909722582623
2002-06-14 00:00:00-04:00,2048.5228179502883
2002-06-17 00:00:00-04:00,2120.740295646214
2002-06-18 00:00:00-04:00,2167.669616067744
2002-06-19 00:00:00-04:00,1948.15518115327
2002-06-20 00:00:00-04:00,1917.4293822613763
2002-06-21 00:00:00-04:00,1732.107132683046
2002-06-24 00:00:00-04:00,1892.2798960709442
2002-06-25 00:00:00-04:00,1808.7617730255533
2002-06-26 00:00:00-04:00,1871.0766477227007
2002-06-27 00:00:00-04:00,1899.6785042171505
2002-06-28 00:00:00-04:00,1891.7128594234528
2002-07-01 00:00:00-04:00,1817.8545107636546
2002-07-02 00:00:00-04:00,1773.6845107027493
2002-07-03 00:00:00-04:00,1788.1666153891238
2002-07-05 00:00:00-04:00,1897.1443001908665
2002-07-08 00:00:00-04:00,1827.268434009642
2002-07-09 00:00:00-04:00,1837.7676029930772
2002-07-10 00:00:00-04:00,1802.648380157225
2002-07-11 00:00:00-04:00,1826.905854519162
2002-07-12 00:00:00-04:00,1788.8899614726342
2002-07-15 00:00:00-04:00,1786.7184502429227
2002-07-16 00:00:00-04:00,1766.8052447074078
2002-07-17 00:00:00-04:00,1793.958822749566
2002-07-18 00:00:00-04:00,1761.7367233487494
2002-07-19 00:00:00-04:00,1705.6183694033916
2002-07-22 00:00:00-04:00,1631.3988009262011
2002-07-23 00:00:00-04:00,1468.4742734088122
2002-07-24 00:00:00-04:00,1659.9205992003663
2002-07-25 00:00:00-04:00,1384.225581695784
2002-07-26 00:00:00-04:00,1647.4030121120013
2002-07-29 00:00:00-04:00,1950.263583166652
2002-07-30 00:00:00-04:00,1934.5987813048087
2002-07-31 00:00:00-04:00,1922.0663515150718
2002-08-01 00:00:00-04:00,1689.175599187929
2002-08-02 00:00:00-04:00,1549.2343275655148
2002-08-05 00:00:00-04:00,1505.37294771905
2002-08-06 00:00:00-04:00,1719.009868364874
2002-08-07 00:00:00-04:00,1899.5881441532383
2002-08-08 00:00:00-04:00,2131.0324860872606
2002-08-09 00:00:00-04:00,2030.5706921298824
2002-08-12 00:00:00-04:00,2075.0806888735096
2002-08-13 00:00:00-04:00,1895.775537248759
2002-08-14 00:00:00-04:00,2232.765812305579
2002-08-15 00:00:00-04:00,2240.3938119442173
2002-08-16 00:00:00-04:00,2269.6470134592273
2002-08-19 00:00:00-04:00,2523.978140138848
2002-08-20 00:00:00-04:00,2401.9018896481502
2002-08-21 00:00:00-04:00,2559.585819153215
2002-08-22 00:00:00-04:00,2680.396507018
2002-08-23 00:00:00-04:00,2532.985415632229
2002-08-26 00:00:00-04:00,2513.169508776922
2002-08-27 00:00:00-04:00,2280.9534563096313
2002-08-28 00:00:00-04:00,1983.1621778175813
2002-08-29 00:00:00-04:00,2252.229829844344
2002-08-30 00:00:00-04:00,1915.8957910860554
2002-09-03 00:00:00-04:00,1454.0086366123542
2002-09-04 00:00:00-04:00,1720.8273394259286
2002-09-05 00:00:00-04:00,1205.1296016878077
2002-09-06 00:00:00-04:00,1633.38075599486
2002-09-09 00:00:00-04:00,1830.7023670695107
2002-09-10 00:00:00-04:00,2075.088415469241
2002-09-11 00:00:00-04:00,1803.7914618355207
2002-09-12 00:00:00-04:00,1483.1551587553004
2002-09-13 00:00:00-04:00,1653.5665662961856
2002-09-16 00:00:00-04:00,1624.4158339519017
2002-09-17 00:00:00-04:00,1514.5457182098799
2002-09-18 00:00:00-04:00,1617.688633918573
2002-09-19 00:00:00-04:00,1494.3704334118902
2002-09-20 00:00:00-04:00,1552.6704947000126
2002-09-23 00:00:00-04:00,1052.664177337956
2002-09-24 00:00:00-04:00,1146.1679804222913
2002-09-25 00:00:00-04:00,1348.034308802995
2002-09-26 00:00:00-04:00,1276.099827639624
2002-09-27 00:00:00-04:00,1055.6722217456772
2002-09-30 00:00:00-04:00,705.3040547605233
2002-10-01 00:00:00-04:00,1283.0629390231588
2002-10-02 00:00:00-04:00,1139.2041428826033
2002-10-03 00:00:00-04:00,951.2625849566539
2002-10-04 00:00:00-04:00,712.269344612525
2002-10-07 00:00:00-04:00,777.2269174253925
2002-10-08 00:00:00-04:00,995.3460728982045
2002-10-09 00:00:00-04:00,763.3159439376104
2002-10-10 00:00:00-04:00,1317.8712343792613
2002-10-11 00:00:00-04:00,1895.6243093926423
2002-10-14 00:00:00-04:00,1993.0810009843208
2002-10-15 00:00:00-04:00,2689.180827896138
2002-10-16 00:00:00-04:00,2252.9592185421116
2002-10-17 00:00:00-04:00,2336.4918658351944
2002-10-18 00:00:00-04:00,2888.7292658256774
2002-10-21 00:00:00-04:00,2740.228879533539
2002-10-22 00:00:00-04:00,2545.3213055994293
2002-10-23 00:00:00-04:00,2900.330336580013
2002-10-24 00:00:00-04:00,2443.223023856164
2002-10-25 00:00:00-04:00,2779.6722296358166
2002-10-28 00:00:00-05:00,2610.2883184423317
2002-10-29 00:00:00-05:00,2638.1342285710543
2002-10-30 00:00:00-05:00,2879.447537834818
2002-10-31 00:00:00-05:00,2962.977280503277
2002-11-01 00:00:00-05:00,2853.926053562667
2002-11-04 00:00:00-05:00,3573.228748139316
2002-11-05 00:00:00-05:00,3707.804363976702
2002-11-06 00:00:00-05:00,3789.0133115693643
2002-11-07 00:00:00-05:00,3552.3415924571855
2002-11-08 00:00:00-05:00,3341.18845299253
2002-11-11 00:00:00-05:00,3053.467956086799
2002-11-12 00:00:00-05:00,3204.2905897670407
2002-11-13 00:00:00-05:00,3401.523315713879
2002-11-14 00:00:00-05:00,3779.728678953881
2002-11-15 00:00:00-05:00,3710.1251590524917
2002-11-18 00:00:00-05:00,3515.221942055323
2002-11-19 00:00:00-05:00,3285.503894296642
2002-11-20 00:00:00-05:00,3693.879593521946
2002-11-21 00:00:00-05:00,3976.9672141499686
2002-11-22 00:00:00-05:00,4065.1341900330754
2002-11-25 00:00:00-05:00,4067.453532796555
2002-11-26 00:00:00-05:00,3758.8516894579407
2002-11-27 00:00:00-05:00,4032.648868221235
2002-11-29 00:00:00-05:00,3949.1374082581096
2002-12-02 00:00:00-05:00,3951.0057842604874
2002-12-03 00:00:00-05:00,3790.4812121062096
2002-12-04 00:00:00-05:00,3762.637267988146
2002-12-05 00:00:00-05:00,3566.070792471084
2002-12-06 00:00:00-05:00,3587.365391459676
2002-12-09 00:00:00-05:00,3269.5857934281885
2002-12-10 00:00:00-05:00,3348.2107432229604
2002-12-11 00:00:00-05:00,3454.68066239333
2002-12-12 00:00:00-05:00,3385.562406616187
2002-12-13 00:00:00-05:00,3149.9736896082104
2002-12-16 00:00:00-05:00,3429.290769256324
2002-12-17 00:00:00-05:00,3412.3606419390235
2002-12-18 00:00:00-05:00,3295.27310344742
2002-12-19 00:00:00-05:00,3236.024721622127
2002-12-20 00:00:00-05:00,3226.1504328044903
2002-12-23 00:00:00-05:00,3361.575557826065
2002-12-24 00:00:00-05:00,3336.1803668501125
2002-12-26 00:00:00-05:00,3275.5201109463596
2002-12-27 00:00:00-05:00,3216.2726120942243
2002-12-30 00:00:00-05:00,3185.2352226433813
2002-12-31 00:00:00-05:00,3037.112943620412
2003-01-02 00:00:00-05:00,3284.129470299158
2003-01-03 00:00:00-05:00,3291.347111649331
2003-01-06 00:00:00-05:00,3373.6081408883765
2003-01-07 00:00:00-05:00,3439.809768845913
2003-01-08 00:00:00-05:00,3371.1387058550663
2003-01-09 00:00:00-05:00,3440.248678656393
2003-01-10 00:00:00-05:00,3445.0912893462846
2003-01-13 00:00:00-05:00,3465.7806657296824
2003-01-14 00:00:00-05:00,3491.3126528029734
2003-01-15 00:00:00-05:00,3460.4983186571626
2003-01-16 00:00:00-05:00,3419.999865227768
2003-01-17 00:00:00-05:00,3248.76304622948
2003-01-21 00:00:00-05:00,3243.040136202184
2003-01-22 00:00:00-05:00,3228.51437056288
2003-01-23 00:00:00-05:00,3284.858763113636
2003-01-24 00:00:00-05:00,3177.890959371076
2003-01-27 00:00:00-05:00,3147.957337848744
2003-01-28 00:00:00-05:00,3132.551272872037
2003-01-29 00:00:00-05:00,3180.5324084313834
2003-01-30 00:00:00-05:00,3107.018734750647
2003-01-31 00:00:00-05:00,3072.6845808754715
2003-02-03 00:00:00-05:00,3096.785714286536
2003-02-04 00:00:00-05:00,3096.785714286536
2003-02-05 00:00:00-05:00,3096.785714286536
2003-02-06 00:00:00-05:00,3096.785714286536
2003-02-07 00:00:00-05:00,3096.785714286536
2003-02-10 00:00:00-05:00,3096.785714286536
2003-02-11 00:00:00-05:00,3096.785714286536
2003-02-12 00:00:00-05:00,3096.785714286536
2003-02-13 00:00:00-05:00,3108.628662001209
2003-02-14 00:00:00-05:00,3136.837237241496
2003-02-18 00:00:00-05:00,3171.7211673911515
2003-02-19 00:00:00-05:00,3156.5994739264515
2003-02-20 00:00:00-05:00,3139.7491171251368
2003-02-21 00:00:00-05:00,3160.9200540435486
2003-02-24 00:00:00-05:00,3136.7255736227235
2003-02-25 00:00:00-05:00,3146.8965302048346
2003-02-26 00:00:00-05:00,3073.7624877610215
2003-02-27 00:00:00-05:00,3068.7090859590353
2003-02-28 00:00:00-05:00,3094.0131318447857
2003-03-03 00:00:00-05:00,3053.524361822281
2003-03-04 00:00:00-05:00,2914.627339037208
2003-03-05 00:00:00-05:00,3040.0065758030105
2003-03-06 00:00:00-05:00,2975.1478658657816
2003-03-07 00:00:00-05:00,3098.25639924558
2003-03-10 00:00:00-05:00,2813.4109493001524
2003-03-11 00:00:00-05:00,2736.8339009351967
2003-03-12 00:00:00-05:00,3063.9195126206378
2003-03-13 00:00:00-05:00,3773.5403337531825
2003-03-14 00:00:00-05:00,3878.8699252346814
2003-03-17 00:00:00-05:00,4472.068641200167
2003-03-18 00:00:00-05:00,4533.0506604274
2003-03-19 00:00:00-05:00,4688.283592827782
2003-03-20 00:00:00-05:00,4649.466712616926
2003-03-21 00:00:00-05:00,4826.876025277676
2003-03-24 00:00:00-05:00,4117.260392411585
2003-03-25 00:00:00-05:00,4228.134511313712
2003-03-26 00:00:00-05:00,4095.0831474401457
2003-03-27 00:00:00-05:00,3978.6645011173896
2003-03-28 00:00:00-05:00,3773.5403337531825
2003-03-31 00:00:00-05:00,3518.514554892241
2003-04-01 00:00:00-05:00,3596.1396682031955
2003-04-02 00:00:00-05:00,4355.639618344494
2003-04-03 00:00:00-05:00,4361.186739898354
2003-04-04 00:00:00-05:00,4006.3836793762275
2003-04-07 00:00:00-04:00,4050.736439896951
2003-04-08 00:00:00-04:00,4278.032663966142
2003-04-09 00:00:00-04:00,3718.099383102275
2003-04-10 00:00:00-04:00,3729.187573232457
2003-04-11 00:00:00-04:00,3512.9734863159138
2003-04-14 00:00:00-04:00,3823.435027561307
2003-04-15 00:00:00-04:00,3734.728641808779
2003-04-16 00:00:00-04:00,3912.133630914148
2003-04-17 00:00:00-04:00,4233.679038734341
2003-04-21 00:00:00-04:00,4072.91627900162
2003-04-22 00:00:00-04:00,4377.8151338937805
2003-04-23 00:00:00-04:00,4355.639618344494
2003-04-24 00:00:00-04:00,4228.134511313712
2003-04-25 00:00:00-04:00,4078.4521593114896
2003-04-28 00:00:00-04:00,4366.736455585438
2003-04-29 00:00:00-04:00,4399.988920020916
2003-04-30 00:00:00-04:00,4272.488136545515
2003-05-01 00:00:00-04:00,4355.639618344494
2003-05-02 00:00:00-04:00,4566.3091778404105
2003-05-05 00:00:00-04:00,4433.256949255763
2003-05-06 00:00:00-04:00,4715.994123975861
2003-05-07 00:00:00-04:00,4505.330617457481
2003-05-08 00:00:00-04:00,4366.736455585438
2003-05-09 00:00:00-04:00,4710.458243665993
2003-05-12 00:00:00-04:00,4621.754452046696
2003-05-13 00:00:00-04:00,4505.330617457481
2003-05-14 00:00:00-04:00,4300.202991248971
2003-05-15 00:00:00-04:00,4394.451310288896
2003-05-16 00:00:00-04:00,4272.488136545515
2003-05-19 00:00:00-04:00,3823.435027561307
2003-05-20 00:00:00-04:00,3751.363953492819
2003-05-21 00:00:00-04:00,3418.7251672759885
2003-05-22 00:00:00-04:00,3490.8066178773915
2003-05-23 00:00:00-04:00,3524.06340586825
2003-05-27 00:00:00-04:00,3840.070339245345
2003-05-28 00:00:00-04:00,3629.4016444605113
2003-05-29 00:00:00-04:00,3623.8553876177284
2003-05-30 00:00:00-04:00,3740.2714398072567
2003-06-02 00:00:00-04:00,3756.900698513764
2003-06-03 00:00:00-04:00,3889.959844787014
2003-06-04 00:00:00-04:00,3884.417046788536
2003-06-05 00:00:00-04:00,3451.993196510839
2003-06-06 00:00:00-04:00,3219.1481214656415
2003-06-09 00:00:00-04:00,3263.5026114085194
2003-06-10 00:00:00-04:00,3779.0831317516604
2003-06-11 00:00:00-04:00,3889.959844787014
2003-06-12 00:00:00-04:00,3950.940134592094
2003-06-13 00:00:00-04:00,3762.442631801161
2003-06-16 00:00:00-04:00,4172.702207773564
2003-06-17 00:00:00-04:00,4488.7022234620545
2003-06-18 00:00:00-04:00,4549.678189711751
2003-06-19 00:00:00-04:00,4549.678189711751
2003-06-20 00:00:00-04:00,4693.821202559802
2003-06-23 00:00:00-04:00,4388.910241712574
2003-06-24 00:00:00-04:00,4344.9141297625465
2003-06-25 00:00:00-04:00,4102.921788842579
2003-06-26 00:00:00-04:00,4372.415131030017
2003-06-27 00:00:00-04:00,4306.407237910167
2003-06-30 00:00:00-04:00,4311.915330150674
2003-07-01 00:00:00-04:00,4592.4042690269125
2003-07-02 00:00:00-04:00,4993.875653168332
2003-07-03 00:00:00-04:00,4800.680784436596
2003-07-07 00:00:00-04:00,5230.396662191788
2003-07-08 00:00:00-04:00,5349.325242046201
2003-07-09 00:00:00-04:00,5261.389910016009
2003-07-10 00:00:00-04:00,5070.9148629532865
2003-07-11 00:00:00-04:00,5189.980177233965
2003-07-14 00:00:00-04:00,5212.866955716872
2003-07-15 00:00:00-04:00,5185.355037188308
2003-07-16 00:00:00-04:00,5227.518868456902
2003-07-17 00:00:00-04:00,5122.754261431699
2003-07-18 00:00:00-04:00,5139.28400866188
2003-07-21 00:00:00-04:00,5106.312739181243
2003-07-22 00:00:00-04:00,5119.501585788208
2003-07-23 00:00:00-04:00,5122.2162176466645
2003-07-24 00:00:00-04:00,5104.761270322671
2003-07-25 00:00:00-04:00,5139.28400866188
2003-07-28 00:00:00-04:00,5128.423182128234
2003-07-29 00:00:00-04:00,5122.9927083587845
2003-07-30 00:00:00-04:00,5113.682564149563
2003-07-31 00:00:00-04:00,5127.527749177327
2003-08-01 00:00:00-04:00,5109.068142299191
2003-08-04 00:00:00-04:00,5110.219174947762
2003-08-05 00:00:00-04:00,5030.491079828726
2003-08-06 00:00:00-04:00,5028.569115054332
2003-08-07 00:00:00-04:00,5042.446473956936
2003-08-08 00:00:00-04:00,5007.322901880849
2003-08-11 00:00:00-04:00,5016.603977158589
2003-08-12 00:00:00-04:00,5058.395908792905
2003-08-13 00:00:00-04:00,5008.058297909005
2003-08-14 00:00:00-04:00,5020.847765095619
2003-08-15 00:00:00-04:00,4978.9788707436965
2003-08-18 00:00:00-04:00,5059.688352535921
2003-08-19 00:00:00-04:00,5559.541494135263
2003-08-20 00:00:00-04:00,5460.7893753427015
2003-08-21 00:00:00-04:00,5338.809778227276
2003-08-22 00:00:00-04:00,5327.1887906719185
2003-08-25 00:00:00-04:00,5489.8427502803315
2003-08-26 00:00:00-04:00,5530.500803886991
2003-08-27 00:00:00-04:00,5443.3642363543495
2003-08-28 00:00:00-04:00,5495.643277516367
2003-08-29 00:00:00-04:00,5501.4583015402495
2003-09-02 00:00:00-04:00,5931.3206788841435
2003-09-03 00:00:00-04:00,6535.438070308519
2003-09-04 00:00:00-04:00,6610.955462384285
2003-09-05 00:00:00-04:00,6581.909335840581
2003-09-08 00:00:00-04:00,6849.123189871505
2003-09-09 00:00:00-04:00,6576.105184407581
2003-09-10 00:00:00-04:00,6099.769729433145
2003-09-11 00:00:00-04:00,6268.233276769997
2003-09-12 00:00:00-04:00,6558.676421222273
2003-09-15 00:00:00-04:00,6570.29197248218
2003-09-16 00:00:00-04:00,6883.9734678482055
2003-09-17 00:00:00-04:00,6651.615328089429
2003-09-18 00:00:00-04:00,7232.505241190935
2003-09-19 00:00:00-04:00,7499.7245315173095
2003-09-22 00:00:00-04:00,6982.727398739247
2003-09-23 00:00:00-04:00,7290.595682179872
2003-09-24 00:00:00-04:00,6628.38966186504
2003-09-25 00:00:00-04:00,6500.584168134854
2003-09-26 00:00:00-04:00,6471.541665788107
2003-09-29 00:00:00-04:00,6843.3172263400265
2003-09-30 00:00:00-04:00,6244.9949258562465
2003-10-01 00:00:00-04:00,6663.239939841747
2003-10-02 00:00:00-04:00,6651.615328089429
2003-10-03 00:00:00-04:00,6988.533362270722
2003-10-06 00:00:00-04:00,7052.438827283539
2003-10-07 00:00:00-04:00,7023.392700739831
2003-10-08 00:00:00-04:00,6837.502202316147
2003-10-09 00:00:00-04:00,6907.21181876196
2003-10-10 00:00:00-04:00,6889.784867675127
2003-10-13 00:00:00-04:00,6814.274723993283
2003-10-14 00:00:00-04:00,6756.186095102828
2003-10-15 00:00:00-04:00,7077.458471003607
2003-10-16 00:00:00-04:00,7170.928322725551
2003-10-17 00:00:00-04:00,6995.682090776241
2003-10-20 00:00:00-04:00,7241.027540344665
2003-10-21 00:00:00-04:00,7241.027540344665
2003-10-22 00:00:00-04:00,6972.316892968858
2003-10-23 00:00:00-04:00,6983.997679774067
2003-10-24 00:00:00-04:00,5640.460751781358
2003-10-27 00:00:00-05:00,5815.696111139781
2003-10-28 00:00:00-05:00,5985.100137587999
2003-10-29 00:00:00-05:00,5716.394926507637
2003-10-30 00:00:00-05:00,5355.209168077352
2003-10-31 00:00:00-05:00,5366.866792171184
2003-11-03 00:00:00-05:00,5681.445546570469
2003-11-04 00:00:00-05:00,5326.093117945624
2003-11-05 00:00:00-05:00,5343.5714221210255
2003-11-06 00:00:00-05:00,5419.2962833871625
2003-11-07 00:00:00-05:00,5343.5714221210255
2003-11-10 00:00:00-05:00,5285.318540168359
2003-11-11 00:00:00-05:00,5168.803740745978
2003-11-12 00:00:00-05:00,5273.660012522825
2003-11-13 00:00:00-05:00,5104.7238538498095
2003-11-14 00:00:00-05:00,4994.040577129457
2003-11-17 00:00:00-05:00,4790.154134967568
2003-11-18 00:00:00-05:00,4790.154134967568
2003-11-19 00:00:00-05:00,4906.66170597631
2003-11-20 00:00:00-05:00,4761.03447062902
2003-11-21 00:00:00-05:00,4766.859668469115
2003-11-24 00:00:00-05:00,5128.025548761896
2003-11-25 00:00:00-05:00,4935.778659659743
2003-11-26 00:00:00-05:00,4964.920009239204
2003-11-28 00:00:00-05:00,5116.376056633411
2003-12-01 00:00:00-05:00,5192.111760520002
2003-12-02 00:00:00-05:00,5087.256392294861
2003-12-03 00:00:00-05:00,5093.084300790071
2003-12-04 00:00:00-05:00,5401.819786315169
2003-12-05 00:00:00-05:00,5273.660012522825
2003-12-08 00:00:00-05:00,5425.1675836554605
2003-12-09 00:00:00-05:00,5506.745385473529
2003-12-10 00:00:00-05:00,5628.995060710895
2003-12-11 00:00:00-05:00,5640.63109765853
2003-12-12 00:00:00-05:00,5662.315916317486
2003-12-15 00:00:00-05:00,5710.958363085589
2003-12-16 00:00:00-05:00,5871.4041256474175
2003-12-17 00:00:00-05:00,5862.157238248059
2003-12-18 00:00:00-05:00,6014.371804880746
2003-12-19 00:00:00-05:00,5999.023369523657
2003-12-22 00:00:00-05:00,5937.0248017069425
2003-12-23 00:00:00-05:00,5927.867495374896
2003-12-24 00:00:00-05:00,5898.6231866966045
2003-12-26 00:00:00-05:00,5937.16399496052
2003-12-29 00:00:00-05:00,5984.398041277071
2003-12-30 00:00:00-05:00,5995.732712043655
2003-12-31 00:00:00-05:00,5967.392518683317
2004-01-02 00:00:00-05:00,5982.5073666186945
2004-01-05 00:00:00-05:00,6112.8672158400295
2004-01-06 00:00:00-05:00,6131.7587245003215
2004-01-07 00:00:00-05:00,6126.090216969071
2004-01-08 00:00:00-05:00,6116.646806934841
2004-01-09 00:00:00-05:00,6022.18047252368
2004-01-12 00:00:00-05:00,6005.176708151863
2004-01-13 00:00:00-05:00,5978.72953374582
2004-01-14 00:00:00-05:00,6029.740240787287
2004-01-15 00:00:00-05:00,5999.510544916531
2004-01-16 00:00:00-05:00,6050.520665884018
2004-01-20 00:00:00-05:00,6105.30979187234
2004-01-21 00:00:00-05:00,6143.094567414866
2004-01-22 00:00:00-05:00,6088.305441426544
2004-01-23 00:00:00-05:00,6177.102682232477
2004-01-26 00:00:00-05:00,6237.557385382152
2004-01-27 00:00:00-05:00,6133.648227010739
2004-01-28 00:00:00-05:00,6031.626226853827
2004-01-29 00:00:00-05:00,6069.413346692272
2004-01-30 00:00:00-05:00,6010.977165823111
2004-02-02 00:00:00-05:00,5945.746565212126
2004-02-03 00:00:00-05:00,5913.029223449195
2004-02-04 00:00:00-05:00,5819.491660260632
2004-02-05 00:00:00-05:00,5800.940853820319
2004-02-06 00:00:00-05:00,5849.915516768386
2004-02-09 00:00:00-05:00,5769.806081587951
2004-02-10 00:00:00-05:00,5827.671802126417
2004-02-11 00:00:00-05:00,5895.182874656666
2004-02-12 00:00:00-05:00,5783.953504011946
2004-02-13 00:00:00-05:00,5583.749262626612
2004-02-17 00:00:00-05:00,5806.194202675797
2004-02-18 00:00:00-05:00,5683.851383319283
2004-02-19 00:00:00-05:00,5511.45491588388
2004-02-20 00:00:00-05:00,5572.63063844972
2004-02-23 00:00:00-05:00,5594.879962888725
2004-02-24 00:00:00-05:00,5745.021930420024
2004-02-25 00:00:00-05:00,5644.919809727355
2004-02-26 00:00:00-05:00,5533.709415787982
2004-02-27 00:00:00-05:00,5550.388214630841
2004-03-01 00:00:00-05:00,5644.919809727355
2004-03-02 00:00:00-05:00,5472.525067446988
2004-03-03 00:00:00-05:00,5461.404718115064
2004-03-04 00:00:00-05:00,5461.404718115064
2004-03-05 00:00:00-05:00,5450.275743007984
2004-03-08 00:00:00-05:00,5161.100081192089
2004-03-09 00:00:00-05:00,5099.926083781287
2004-03-10 00:00:00-05:00,4905.2811544843935
2004-03-11 00:00:00-05:00,4749.007542117117
2004-03-12 00:00:00-05:00,4910.859788714764
2004-03-15 00:00:00-05:00,4788.081355895456
2004-03-16 00:00:00-05:00,4799.236892936504
2004-03-17 00:00:00-05:00,4771.321213328743
2004-03-18 00:00:00-05:00,4637.373392110898
2004-03-19 00:00:00-05:00,4492.261376753568
2004-03-22 00:00:00-05:00,4419.702771945376
2004-03-23 00:00:00-05:00,4224.342360152104
2004-03-24 00:00:00-05:00,4369.468226866926
2004-03-25 00:00:00-05:00,4804.821587135775
2004-03-26 00:00:00-05:00,4715.514093988828
2004-03-29 00:00:00-05:00,4871.7972291643855
2004-03-30 00:00:00-05:00,4810.399355656298
2004-03-31 00:00:00-05:00,4659.706108939075
2004-04-01 00:00:00-05:00,4743.416787948941
2004-04-02 00:00:00-05:00,5173.1993053760125
2004-04-05 00:00:00-04:00,5229.006424715928
2004-04-06 00:00:00-04:00,5145.280162928879
2004-04-07 00:00:00-04:00,5028.076035790724
2004-04-08 00:00:00-04:00,4966.678162282637
2004-04-12 00:00:00-04:00,5039.234169961301
2004-04-13 00:00:00-04:00,4949.935333912792
2004-04-14 00:00:00-04:00,4983.418393522956
2004-04-15 00:00:00-04:00,4821.562684085937
2004-04-16 00:00:00-04:00,4788.081355895456
2004-04-19 00:00:00-04:00,4995.050177345685
2004-04-20 00:00:00-04:00,4883.168596132033
2004-04-21 00:00:00-04:00,4950.4876812324
2004-04-22 00:00:00-04:00,5231.81398591285
2004-04-23 00:00:00-04:00,6126.430779545026
2004-04-26 00:00:00-04:00,5957.9993069962875
2004-04-27 00:00:00-04:00,5946.767407189993
2004-04-28 00:00:00-04:00,5576.224437522178
2004-04-29 00:00:00-04:00,5531.302063246527
2004-04-30 00:00:00-04:00,5334.79867860633
2004-05-03 00:00:00-04:00,5458.309518529259
2004-05-04 00:00:00-04:00,5447.084585322322
2004-05-05 00:00:00-04:00,5430.242831387317
2004-05-06 00:00:00-04:00,5329.174891278912
2004-05-07 00:00:00-04:00,5138.293552316292
2004-05-10 00:00:00-04:00,5222.507546940822
2004-05-11 00:00:00-04:00,5228.131334268241
2004-05-12 00:00:00-04:00,5228.131334268241
2004-05-13 00:00:00-04:00,5317.958666321163
2004-05-14 00:00:00-04:00,5183.214184942106
2004-05-17 00:00:00-04:00,5003.549070937232
2004-05-18 00:00:00-04:00,5166.368947707426
2004-05-19 00:00:00-04:00,5048.460995313853
2004-05-20 00:00:00-04:00,5110.2198985749965
2004-05-21 00:00:00-04:00,5200.051584752513
2004-05-24 00:00:00-04:00,5127.064264984758
2004-05-25 00:00:00-04:00,5317.958666321163
2004-05-26 00:00:00-04:00,5340.410274384878
2004-05-27 00:00:00-04:00,5368.4856697760115
2004-05-28 00:00:00-04:00,5390.940761139405
2004-06-01 00:00:00-04:00,5323.575487049224
2004-06-02 00:00:00-04:00,5334.79867860633
2004-06-03 00:00:00-04:00,5200.051584752513
2004-06-04 00:00:00-04:00,5233.742059221873
2004-06-07 00:00:00-04:00,5503.242342703936
2004-06-08 00:00:00-04:00,5598.684753835083
2004-06-09 00:00:00-04:00,5525.466300022537
2004-06-10 00:00:00-04:00,5694.90203396345
2004-06-14 00:00:00-04:00,5768.450519132974
2004-06-15 00:00:00-04:00,6057.210567789614
2004-06-16 00:00:00-04:00,6009.573360896196
2004-06-17 00:00:00-04:00,6231.021517421947
2004-06-18 00:00:00-04:00,6495.0203052366705
2004-06-21 00:00:00-04:00,6495.0203052366705
2004-06-22 00:00:00-04:00,6472.159944710296
2004-06-23 00:00:00-04:00,6475.599697954924
2004-06-24 00:00:00-04:00,6506.572423322101
2004-06-25 00:00:00-04:00,6568.517874056459
2004-06-28 00:00:00-04:00,6468.716988715911
2004-06-29 00:00:00-04:00,6544.428925511544
2004-06-30 00:00:00-04:00,6565.075985645326
2004-07-01 00:00:00-04:00,6589.17347485627
2004-07-02 00:00:00-04:00,6568.517874056459
2004-07-06 00:00:00-04:00,6379.237498275743
2004-07-07 00:00:00-04:00,6406.771537981553
2004-07-08 00:00:00-04:00,6248.462819984765
2004-07-09 00:00:00-04:00,6324.177959530161
2004-07-12 00:00:00-04:00,6334.500422013796
2004-07-13 00:00:00-04:00,6224.300553389146
2004-07-14 00:00:00-04:00,6444.904271399002
2004-07-15 00:00:00-04:00,6327.437570133927
2004-07-16 00:00:00-04:00,6151.245927134467
2004-07-19 00:00:00-04:00,6363.584620327552
2004-07-20 00:00:00-04:00,6543.980052816769
2004-07-21 00:00:00-04:00,6785.974266584919
2004-07-22 00:00:00-04:00,6848.713816123945
2004-07-23 00:00:00-04:00,6414.0203517408445
2004-07-26 00:00:00-04:00,6696.345544274263
2004-07-27 00:00:00-04:00,6597.754227771762
2004-07-28 00:00:00-04:00,6660.497947899057
2004-07-29 00:00:00-04:00,6615.684976939818
2004-07-30 00:00:00-04:00,6620.160018153336
2004-08-02 00:00:00-04:00,6633.614335911785
2004-08-03 00:00:00-04:00,6431.944149928451
2004-08-04 00:00:00-04:00,6427.102860977971
2004-08-05 00:00:00-04:00,6151.823515755432
2004-08-06 00:00:00-04:00,5935.082440264636
2004-08-09 00:00:00-04:00,5957.3178638248155
2004-08-10 00:00:00-04:00,6257.409884711116
2004-08-11 00:00:00-04:00,6085.1344845101175
2004-08-12 00:00:00-04:00,5790.588389937444
2004-08-13 00:00:00-04:00,5868.395132962847
2004-08-16 00:00:00-04:00,5907.295918560265
2004-08-17 00:00:00-04:00,5885.069114717697
2004-08-18 00:00:00-04:00,6112.924454101532
2004-08-19 00:00:00-04:00,5923.976796089206
2004-08-20 00:00:00-04:00,5968.425231943771
2004-08-23 00:00:00-04:00,6035.314240637757
2004-08-24 00:00:00-04:00,6035.314240637757
2004-08-25 00:00:00-04:00,6208.0982041780535
2004-08-26 00:00:00-04:00,6147.176620172755
2004-08-27 00:00:00-04:00,6158.257476241197
2004-08-30 00:00:00-04:00,6070.1569108897365
2004-08-31 00:00:00-04:00,6070.1569108897365
2004-09-01 00:00:00-04:00,6122.758079497347
2004-09-02 00:00:00-04:00,6257.2134290493395
2004-09-03 00:00:00-04:00,5959.084311775814
2004-09-07 00:00:00-04:00,6105.221604384324
2004-09-08 00:00:00-04:00,6046.7576469887645
2004-09-09 00:00:00-04:00,6058.454054608741
2004-09-10 00:00:00-04:00,6181.214804611189
2004-09-13 00:00:00-04:00,6040.910347213994
2004-09-14 00:00:00-04:00,6151.983729948623
2004-09-15 00:00:00-04:00,6005.842821199243
2004-09-16 00:00:00-04:00,6046.7576469887645
2004-09-17 00:00:00-04:00,6192.909404160728
2004-09-20 00:00:00-04:00,6192.909404160728
2004-09-21 00:00:00-04:00,6046.7576469887645
2004-09-22 00:00:00-04:00,5964.920763127997
2004-09-23 00:00:00-04:00,6099.379728820846
2004-09-24 00:00:00-04:00,6064.297738242647
2004-09-27 00:00:00-04:00,6005.842821199243
2004-09-28 00:00:00-04:00,6052.61217904526
2004-09-29 00:00:00-04:00,6233.824229950251
2004-09-30 00:00:00-04:00,6274.748096091929
2004-10-01 00:00:00-04:00,6625.495679056676
2004-10-04 00:00:00-04:00,6549.493438477661
2004-10-05 00:00:00-04:00,6701.485263142677
2004-10-06 00:00:00-04:00,6789.167638707782
2004-10-07 00:00:00-04:00,6578.724513140231
2004-10-08 00:00:00-04:00,6473.498430180374
2004-10-11 00:00:00-04:00,6514.422296322049
2004-10-12 00:00:00-04:00,6496.891245420324
2004-10-13 00:00:00-04:00,6496.891245420324
2004-10-14 00:00:00-04:00,6362.432279727471
2004-10-15 00:00:00-04:00,6473.498430180374
2004-10-18 00:00:00-04:00,6703.185463456739
2004-10-19 00:00:00-04:00,6586.1190447703375
2004-10-20 00:00:00-04:00,6831.307062551099
2004-10-21 00:00:00-04:00,6770.5149774100755
2004-10-22 00:00:00-04:00,6414.454724761017
2004-10-25 00:00:00-04:00,6366.684910244054
2004-10-26 00:00:00-04:00,6483.922951427561
2004-10-27 00:00:00-04:00,6592.479478861693
2004-10-28 00:00:00-04:00,6531.690079832599
2004-10-29 00:00:00-04:00,6514.31765094211
2004-11-01 00:00:00-05:00,6562.084779347148
2004-11-02 00:00:00-05:00,6631.562407405432
2004-11-03 00:00:00-05:00,6731.432048866336
2004-11-04 00:00:00-05:00,6961.568717414626
2004-11-05 00:00:00-05:00,7096.183216656515
2004-11-08 00:00:00-05:00,7083.15154464071
2004-11-09 00:00:00-05:00,7295.9265287462185
2004-11-10 00:00:00-05:00,7278.555442911693
2004-11-11 00:00:00-05:00,7387.111970345824
2004-11-12 00:00:00-05:00,7382.771213471136
2004-11-15 00:00:00-05:00,7624.750949507354
2004-11-16 00:00:00-05:00,7494.0823486868285
2004-11-17 00:00:00-05:00,7516.274984917905
2004-11-18 00:00:00-05:00,7475.933945097131
2004-11-19 00:00:00-05:00,7399.572105183604
2004-11-22 00:00:00-05:00,7323.210265270078
2004-11-23 00:00:00-05:00,7279.569305734993
2004-11-24 00:00:00-05:00,7315.170900416822
2004-11-26 00:00:00-05:00,7302.22739718861
2004-11-29 00:00:00-05:00,7357.246492133483
2004-11-30 00:00:00-05:00,7370.191791698275
2004-12-01 00:00:00-05:00,7512.599068593885
2004-12-02 00:00:00-05:00,7460.8160739981395
2004-12-03 00:00:00-05:00,7506.125969727349
2004-12-06 00:00:00-05:00,7538.488769555181
2004-12-07 00:00:00-05:00,7454.337586121859
2004-12-08 00:00:00-05:00,7548.20156144401
2004-12-09 00:00:00-05:00,7506.125969727345
2004-12-10 00:00:00-05:00,7463.554012851353
2004-12-13 00:00:00-05:00,7505.030572466876
2004-12-14 00:00:00-05:00,7500.962791350688
2004-12-15 00:00:00-05:00,7476.557797916135
2004-12-16 00:00:00-05:00,7486.724146391891
2004-12-17 00:00:00-05:00,7446.050850596868
2004-12-20 00:00:00-05:00,7444.016113407488
2004-12-21 00:00:00-05:00,7468.41828473776
2004-12-22 00:00:00-05:00,7448.082201261106
2004-12-23 00:00:00-05:00,7456.2177634934815
2004-12-27 00:00:00-05:00,7423.67551456398
2004-12-28 00:00:00-05:00,7444.016113407488
2004-12-29 00:00:00-05:00,7433.848636090021
2004-12-30 00:00:00-05:00,7405.371346172418
2004-12-31 00:00:00-05:00,7397.238606044331
2005-01-03 00:00:00-05:00,7401.305258318804
2005-01-04 00:00:00-05:00,7417.598127720674
2005-01-05 00:00:00-05:00,7407.821682635276
2005-01-06 00:00:00-05:00,7404.1508297689215
2005-01-07 00:00:00-05:00,7397.629351696167
2005-01-10 00:00:00-05:00,7402.919502588611
2005-01-11 00:00:00-05:00,7402.919502588611
2005-01-12 00:00:00-05:00,7402.919502588611
2005-01-13 00:00:00-05:00,7402.919502588611
2005-01-14 00:00:00-05:00,7402.919502588611
2005-01-18 00:00:00-05:00,7402.919502588611
2005-01-19 00:00:00-05:00,7402.919502588611
2005-01-20 00:00:00-05:00,7402.919502588611
2005-01-21 00:00:00-05:00,7402.919502588611
2005-01-24 00:00:00-05:00,7402.919502588611
2005-01-25 00:00:00-05:00,7402.919502588611
2005-01-26 00:00:00-05:00,7402.919502588611
2005-01-27 00:00:00-05:00,7402.919502588611
2005-01-28 00:00:00-05:00,7402.919502588611
2005-01-31 00:00:00-05:00,7402.919502588611
2005-02-01 00:00:00-05:00,7402.919502588611
2005-02-02 00:00:00-05:00,7402.919502588611
2005-02-03 00:00:00-05:00,7402.919502588611
2005-02-04 00:00:00-05:00,7402.919502588611
2005-02-07 00:00:00-05:00,7402.919502588611
2005-02-08 00:00:00-05:00,7402.919502588611
2005-02-09 00:00:00-05:00,7402.919502588611
2005-02-10 00:00:00-05:00,7402.919502588611
2005-02-11 00:00:00-05:00,7402.919502588611
2005-02-14 00:00:00-05:00,7402.919502588611
2005-02-15 00:00:00-05:00,7402.919502588611
2005-02-16 00:00:00-05:00,7402.919502588611
2005-02-17 00:00:00-05:00,7402.919502588611
2005-02-18 00:00:00-05:00,7402.919502588611
2005-02-22 00:00:00-05:00,7402.919502588611
2005-02-23 00:00:00-05:00,7402.919502588611
2005-02-24 00:00:00-05:00,7402.919502588611
2005-02-25 00:00:00-05:00,7402.919502588611
2005-02-28 00:00:00-05:00,7402.919502588611
2005-03-01 00:00:00-05:00,7402.919502588611
2005-03-02 00:00:00-05:00,7402.919502588611
2005-03-03 00:00:00-05:00,7402.919502588611
2005-03-04 00:00:00-05:00,7402.919502588611
2005-03-07 00:00:00-05:00,7402.919502588611
2005-03-08 00:00:00-05:00,7402.919502588611
2005-03-09 00:00:00-05:00,7402.919502588611
2005-03-10 00:00:00-05:00,7402.919502588611
2005-03-11 00:00:00-05:00,7402.919502588611
2005-03-14 00:00:00-05:00,7402.919502588611
2005-03-15 00:00:00-05:00,7402.919502588611
2005-03-16 00:00:00-05:00,7402.919502588611
2005-03-17 00:00:00-05:00,7402.919502588611
2005-03-18 00:00:00-05:00,7402.919502588611
2005-03-21 00:00:00-05:00,7402.919502588611
2005-03-22 00:00:00-05:00,7394.241789002546
2005-03-23 00:00:00-05:00,7410.013537866951
2005-03-24 00:00:00-05:00,7422.4499590921005
2005-03-28 00:00:00-05:00,7409.204885991556
2005-03-29 00:00:00-05:00,7351.281883064039
2005-03-30 00:00:00-05:00,7410.964135823528
2005-03-31 00:00:00-05:00,7413.863564305495
2005-04-01 00:00:00-05:00,7397.2940495945295
2005-04-04 00:00:00-04:00,7438.312994869535
2005-04-05 00:00:00-04:00,7537.7115137088695
2005-04-06 00:00:00-04:00,7628.7202234393335
2005-04-07 00:00:00-04:00,7841.815379390835
2005-04-08 00:00:00-04:00,7756.156452291136
2005-04-11 00:00:00-04:00,7773.419090154166
2005-04-12 00:00:00-04:00,7988.856721255463
2005-04-13 00:00:00-04:00,7805.44312754702
2005-04-14 00:00:00-04:00,7666.447623270658
2005-04-15 00:00:00-04:00,7402.3465514020245
2005-04-18 00:00:00-04:00,7534.40477833118
2005-04-19 00:00:00-04:00,7520.505227903548
2005-04-20 00:00:00-04:00,7305.057389403406
2005-04-21 00:00:00-04:00,7972.241578176076
2005-04-22 00:00:00-04:00,7763.742553515403
2005-04-25 00:00:00-04:00,7770.69905834971
2005-04-26 00:00:00-04:00,7610.841730565273
2005-04-27 00:00:00-04:00,7770.69905834971
2005-04-28 00:00:00-04:00,7395.413119552239
2005-04-29 00:00:00-04:00,7986.143051352421
2005-05-02 00:00:00-04:00,7937.495586230056
2005-05-03 00:00:00-04:00,8027.855161876309
2005-05-04 00:00:00-04:00,7923.596035802417
2005-05-05 00:00:00-04:00,7937.495586230056
2005-05-06 00:00:00-04:00,7930.542926893169
2005-05-09 00:00:00-04:00,7854.104051910366
2005-05-10 00:00:00-04:00,7708.148197302282
2005-05-11 00:00:00-04:00,7715.0931656443245
2005-05-12 00:00:00-04:00,7777.647872189173
2005-05-13 00:00:00-04:00,7986.143051352421
2005-05-16 00:00:00-04:00,8174.393609343653
2005-05-17 00:00:00-04:00,8153.472180625558
2005-05-18 00:00:00-04:00,8320.801309898688
2005-05-19 00:00:00-04:00,8474.178974529004
2005-05-20 00:00:00-04:00,8348.685011697224
2005-05-23 00:00:00-04:00,8425.377689509798
2005-05-24 00:00:00-04:00,8355.653053023787
2005-05-25 00:00:00-04:00,8327.77319672268
2005-05-26 00:00:00-04:00,8460.235200881027
2005-05-27 00:00:00-04:00,8578.766890632374
2005-05-31 00:00:00-04:00,8390.51440989244
2005-06-01 00:00:00-04:00,8397.484373967716
2005-06-02 00:00:00-04:00,8383.548291314582
2005-06-03 00:00:00-04:00,8132.552674656174
2005-06-06 00:00:00-04:00,8090.725199209668
2005-06-07 00:00:00-04:00,8188.335460242921
2005-06-08 00:00:00-04:00,8111.635091435499
2005-06-09 00:00:00-04:00,8188.335460242921
2005-06-10 00:00:00-04:00,8132.552674656174
2005-06-13 00:00:00-04:00,8048.882341773475
2005-06-14 00:00:00-04:00,8083.747544139544
2005-06-15 00:00:00-04:00,8014.028675899666
2005-06-16 00:00:00-04:00,7860.647165771934
2005-06-17 00:00:00-04:00,7860.647165771934
2005-06-20 00:00:00-04:00,7909.459987283397
2005-06-21 00:00:00-04:00,7937.343689081936
2005-06-22 00:00:00-04:00,7881.562826243895
2005-06-23 00:00:00-04:00,8048.882341773475
2005-06-24 00:00:00-04:00,7860.647165771934
2005-06-27 00:00:00-04:00,7867.613284349787
2005-06-28 00:00:00-04:00,7881.562826243895
2005-06-29 00:00:00-04:00,7895.512368138003
2005-06-30 00:00:00-04:00,7721.211352040886
2005-07-01 00:00:00-04:00,7630.57105508291
2005-07-05 00:00:00-04:00,7818.813922079291
2005-07-06 00:00:00-04:00,7623.593400012789
2005-07-07 00:00:00-04:00,7588.7378113902705
2005-07-08 00:00:00-04:00,7895.512368138003
2005-07-11 00:00:00-04:00,8034.952027366471
2005-07-12 00:00:00-04:00,8258.046637487954
2005-07-13 00:00:00-04:00,8292.909917105317
2005-07-14 00:00:00-04:00,8509.032640402813
2005-07-15 00:00:00-04:00,8383.548291314582
2005-07-18 00:00:00-04:00,8216.221084790159
2005-07-19 00:00:00-04:00,8641.508103802134
2005-07-20 00:00:00-04:00,8662.42568702281
2005-07-21 00:00:00-04:00,8836.717089376376
2005-07-22 00:00:00-04:00,8306.84792250716
2005-07-25 00:00:00-04:00,8313.825577577281
2005-07-26 00:00:00-04:00,8209.243429720038
2005-07-27 00:00:00-04:00,8334.729701556982
2005-07-28 00:00:00-04:00,8355.65305302379
2005-07-29 00:00:00-04:00,8258.413216018329
2005-08-01 00:00:00-04:00,8472.875426127084
2005-08-02 00:00:00-04:00,9086.000467740778
2005-08-03 00:00:00-04:00,9387.34995054239
2005-08-04 00:00:00-04:00,9432.382497905484
2005-08-05 00:00:00-04:00,9697.039292789508
2005-08-08 00:00:00-04:00,9344.253052635984
2005-08-09 00:00:00-04:00,9458.326878888336
2005-08-10 00:00:00-04:00,9267.575604751135
2005-08-11 00:00:00-04:00,9406.924903351446
2005-08-12 00:00:00-04:00,9320.140228776669
2005-08-15 00:00:00-04:00,9376.917257291781
2005-08-16 00:00:00-04:00,9254.157569618503
2005-08-17 00:00:00-04:00,9311.788569154058
2005-08-18 00:00:00-04:00,9281.346359861192
2005-08-19 00:00:00-04:00,9261.908430912525
2005-08-22 00:00:00-04:00,9291.209077733394
2005-08-23 00:00:00-04:00,9285.040832966526
2005-08-24 00:00:00-04:00,9275.78761771437
2005-08-25 00:00:00-04:00,9309.716356339559
2005-08-26 00:00:00-04:00,9300.462292985554
2005-08-29 00:00:00-04:00,9328.22109064017
2005-08-30 00:00:00-04:00,9332.848758393564
2005-08-31 00:00:00-04:00,9363.692526533465
2005-09-01 00:00:00-04:00,9335.93245672607
2005-09-02 00:00:00-04:00,9308.173659071454
2005-09-06 00:00:00-04:00,9305.089960738944
2005-09-07 00:00:00-04:00,9281.956286532164
2005-09-08 00:00:00-04:00,9244.945121727244
2005-09-09 00:00:00-04:00,9240.31745397385
2005-09-12 00:00:00-04:00,9244.945121727244
2005-09-13 00:00:00-04:00,9224.896418005752
2005-09-14 00:00:00-04:00,9198.67819736461
2005-09-15 00:00:00-04:00,9192.510376648665
2005-09-16 00:00:00-04:00,9161.66703255969
2005-09-19 00:00:00-04:00,9150.870695988498
2005-09-20 00:00:00-04:00,9126.195596666392
2005-09-21 00:00:00-04:00,9072.220274574338
2005-09-22 00:00:00-04:00,9049.08744846941
2005-09-23 00:00:00-04:00,9038.291535949149
2005-09-26 00:00:00-04:00,9038.291535949149
2005-09-27 00:00:00-04:00,9049.08744846941
2005-09-28 00:00:00-04:00,9099.980768432659
2005-09-29 00:00:00-04:00,9141.617480736342
2005-09-30 00:00:00-04:00,9109.231863430185
2005-10-03 00:00:00-04:00,9073.761699689669
2005-10-04 00:00:00-04:00,8993.566460752769
2005-10-05 00:00:00-04:00,8945.760655580361
2005-10-06 00:00:00-04:00,8957.44708054539
2005-10-07 00:00:00-04:00,8924.516585466132
2005-10-10 00:00:00-04:00,8888.660632988875
2005-10-11 00:00:00-04:00,8872.820946815133
2005-10-12 00:00:00-04:00,8833.472815579
2005-10-13 00:00:00-04:00,8949.13789152007
2005-10-14 00:00:00-04:00,8984.304493468651
2005-10-17 00:00:00-04:00,8917.099839749699
2005-10-18 00:00:00-04:00,8937.927025662673
2005-10-19 00:00:00-04:00,9229.928019359006
2005-10-20 00:00:00-04:00,9049.510269774153
2005-10-21 00:00:00-04:00,9043.08912744635
2005-10-24 00:00:00-04:00,9261.35216583858
2005-10-25 00:00:00-04:00,9210.826741394325
2005-10-26 00:00:00-04:00,9271.771671720602
2005-10-27 00:00:00-04:00,9073.68598383628
2005-10-28 00:00:00-04:00,9591.753504967714
2005-10-31 00:00:00-05:00,9721.28138349353
2005-11-01 00:00:00-05:00,9919.367071377848
2005-11-02 00:00:00-05:00,10300.295929854652
2005-11-03 00:00:00-05:00,10285.053412562822
2005-11-04 00:00:00-05:00,10452.668730187423
2005-11-07 00:00:00-05:00,10719.320607043926
2005-11-08 00:00:00-05:00,10749.803546724168
2005-11-09 00:00:00-05:00,10681.237357751987
2005-11-10 00:00:00-05:00,10780.278106790716
2005-11-11 00:00:00-05:00,10925.03383828442
2005-11-14 00:00:00-05:00,10993.597932353183
2005-11-15 00:00:00-05:00,11154.06543950504
2005-11-16 00:00:00-05:00,11337.444905373326
2005-11-17 00:00:00-05:00,11513.190543175166
2005-11-18 00:00:00-05:00,11589.59167094222
2005-11-21 00:00:00-05:00,11658.377824773612
2005-11-22 00:00:00-05:00,11467.33939199783
2005-11-23 00:00:00-05:00,11474.9857894848
2005-11-25 00:00:00-05:00,11352.729320733575
2005-11-28 00:00:00-05:00,11345.08920795687
2005-11-29 00:00:00-05:00,11291.604228713095
2005-11-30 00:00:00-05:00,11291.604228713095
2005-12-01 00:00:00-05:00,11452.063356251267
2005-12-02 00:00:00-05:00,11543.750994281992
2005-12-05 00:00:00-05:00,11421.492430627342
2005-12-06 00:00:00-05:00,11305.48823416492
2005-12-07 00:00:00-05:00,11346.638348987883
2005-12-08 00:00:00-05:00,11307.816970636795
2005-12-09 00:00:00-05:00,11320.007510442316
2005-12-12 00:00:00-05:00,11161.553884905446
2005-12-13 00:00:00-05:00,10966.53532336199
2005-12-14 00:00:00-05:00,10942.162598013423
2005-12-15 00:00:00-05:00,10832.279077969968
2005-12-16 00:00:00-05:00,10818.610837863082
2005-12-19 00:00:00-05:00,10768.162179594558
2005-12-20 00:00:00-05:00,10790.908051750936
2005-12-21 00:00:00-05:00,10692.379317209128
2005-12-22 00:00:00-05:00,10586.253386558808
2005-12-23 00:00:00-05:00,10624.162480816882
2005-12-27 00:00:00-05:00,10487.718417993943
2005-12-28 00:00:00-05:00,10434.671037726454
2005-12-29 00:00:00-05:00,10343.718719216267
2005-12-30 00:00:00-05:00,10252.762244690708
2006-01-03 00:00:00-05:00,10775.74067363387
2006-01-04 00:00:00-05:00,10874.267330167986
2006-01-05 00:00:00-05:00,10889.42224023892
2006-01-06 00:00:00-05:00,10828.798443939806
2006-01-09 00:00:00-05:00,10790.908051750936
2006-01-10 00:00:00-05:00,10897.019436347437
2006-01-11 00:00:00-05:00,11116.814465556668
2006-01-12 00:00:00-05:00,11003.12666492855
2006-01-13 00:00:00-05:00,11041.023291140486
2006-01-17 00:00:00-05:00,10889.42224023892
2006-01-18 00:00:00-05:00,10768.162179594558
2006-01-19 00:00:00-05:00,10912.172268410683
2006-01-20 00:00:00-05:00,10449.82594779738
2006-01-23 00:00:00-05:00,10404.34874953845
2006-01-24 00:00:00-05:00,10351.299291263269
2006-01-25 00:00:00-05:00,10442.251609773451
2006-01-26 00:00:00-05:00,10518.03655016657
2006-01-27 00:00:00-05:00,11495.786961699087
2006-01-30 00:00:00-05:00,11654.958194609211
2006-01-31 00:00:00-05:00,11768.64599523733
2006-02-01 00:00:00-05:00,11685.270092758768
2006-02-02 00:00:00-05:00,11412.417293243594
2006-02-03 00:00:00-05:00,11306.299674624035
2006-02-06 00:00:00-05:00,11025.866303061863
2006-02-07 00:00:00-05:00,10851.533926057738
2006-02-08 00:00:00-05:00,10828.798443939806
2006-02-09 00:00:00-05:00,10639.313234872443
2006-02-10 00:00:00-05:00,10662.057029021129
2006-02-13 00:00:00-05:00,10434.671037726454
2006-02-14 00:00:00-05:00,10631.73474083313
2006-02-15 00:00:00-05:00,10874.093393869844
2006-02-16 00:00:00-05:00,10821.314936481096
2006-02-17 00:00:00-05:00,10738.79078997303
2006-02-21 00:00:00-05:00,10619.335998745362
2006-02-22 00:00:00-05:00,10753.08438178611
2006-02-23 00:00:00-05:00,10708.74421881454
2006-02-24 00:00:00-05:00,10687.803730746651
2006-02-27 00:00:00-05:00,10963.877981217454
2006-02-28 00:00:00-05:00,10852.943225053612
2006-03-01 00:00:00-05:00,11008.286523657101
2006-03-02 00:00:00-05:00,10917.295137172412
2006-03-03 00:00:00-05:00,10897.512964859783
2006-03-06 00:00:00-05:00,10888.433347450817
2006-03-07 00:00:00-05:00,10950.511959297157
2006-03-08 00:00:00-05:00,11021.521685499269
2006-03-09 00:00:00-05:00,10928.096703111958
2006-03-10 00:00:00-05:00,10997.920290799564
2006-03-13 00:00:00-05:00,10973.275747328134
2006-03-14 00:00:00-05:00,11022.56820131855
2006-03-15 00:00:00-05:00,11075.960596892954
2006-03-16 00:00:00-05:00,11039.001638130132
2006-03-17 00:00:00-05:00,11133.469769289164
2006-03-20 00:00:00-05:00,11293.664913599376
2006-03-21 00:00:00-05:00,11232.056921968375
2006-03-22 00:00:00-05:00,10989.704694742963
2006-03-23 00:00:00-05:00,10866.478610338265
2006-03-24 00:00:00-05:00,10938.160284835867
2006-03-27 00:00:00-05:00,10938.160284835867
2006-03-28 00:00:00-05:00,10880.734731901117
2006-03-29 00:00:00-05:00,10947.840525440777
2006-03-30 00:00:00-05:00,11073.05123999769
2006-03-31 00:00:00-05:00,11061.121057155528
2006-04-03 00:00:00-04:00,11269.80395227834
2006-04-04 00:00:00-04:00,11320.40632074064
2006-04-05 00:00:00-04:00,11387.283236950723
2006-04-06 00:00:00-04:00,11260.420266055378
2006-04-07 00:00:00-04:00,11030.700707687083
2006-04-10 00:00:00-04:00,11060.347558160658
2006-04-11 00:00:00-04:00,10941.786478425656
2006-04-12 00:00:00-04:00,10993.655305674762
2006-04-13 00:00:00-04:00,10897.316202715294
2006-04-17 00:00:00-04:00,10726.878196605248
2006-04-18 00:00:00-04:00,11008.484805256001
2006-04-19 00:00:00-04:00,10867.681500930616
2006-04-20 00:00:00-04:00,10867.681500930616
2006-04-21 00:00:00-04:00,10956.597754973536
2006-04-24 00:00:00-04:00,10926.959003625896
2006-04-25 00:00:00-04:00,10926.959003625896
2006-04-26 00:00:00-04:00,10919.548303398245
2006-04-27 00:00:00-04:00,11025.144951970313
2006-04-28 00:00:00-04:00,8958.326093878215
2006-05-01 00:00:00-04:00,9052.237518275255
2006-05-02 00:00:00-04:00,8863.353250340875
2006-05-03 00:00:00-04:00,8261.699869962988
2006-05-04 00:00:00-04:00,8466.74196735752
2006-05-05 00:00:00-04:00,8740.138347179705
2006-05-08 00:00:00-04:00,8686.966758107741
2006-05-09 00:00:00-04:00,8603.4443072463
2006-05-10 00:00:00-04:00,8717.35289470754
2006-05-11 00:00:00-04:00,8299.674240757362
2006-05-12 00:00:00-04:00,8261.699869962988
2006-05-15 00:00:00-04:00,8315.06858297492
2006-05-16 00:00:00-04:00,8208.333231939887
2006-05-17 00:00:00-04:00,7994.881204769408
2006-05-18 00:00:00-04:00,8071.112144840656
2006-05-19 00:00:00-04:00,7865.2753267197
2006-05-22 00:00:00-04:00,8109.235914831646
2006-05-23 00:00:00-04:00,8040.624333787611
2006-05-24 00:00:00-04:00,8581.899698101548
2006-05-25 00:00:00-04:00,8764.870139185503
2006-05-26 00:00:00-04:00,8749.616896209194
2006-05-30 00:00:00-04:00,8315.06858297492
2006-05-31 00:00:00-04:00,7933.8920952358385
2006-06-01 00:00:00-04:00,8063.490710824604
2006-06-02 00:00:00-04:00,8017.747581806405
2006-06-05 00:00:00-04:00,7819.529085218233
2006-06-06 00:00:00-04:00,7537.456139553928
2006-06-07 00:00:00-04:00,7468.848708487571
2006-06-08 00:00:00-04:00,7522.20393407204
2006-06-09 00:00:00-04:00,7377.359337967908
2006-06-12 00:00:00-04:00,7217.262536381892
2006-06-13 00:00:00-04:00,7064.793393778451
2006-06-14 00:00:00-04:00,7346.868414431599
2006-06-15 00:00:00-04:00,7491.716123018989
2006-06-16 00:00:00-04:00,7514.590800011356
2006-06-19 00:00:00-04:00,7857.652855209228
2006-06-20 00:00:00-04:00,7865.2753267197
2006-06-21 00:00:00-04:00,8261.697794974141
2006-06-22 00:00:00-04:00,8109.235914831646
2006-06-23 00:00:00-04:00,7819.529085218233
2006-06-26 00:00:00-04:00,8065.617801203705
2006-06-27 00:00:00-04:00,8096.6324371627925
2006-06-28 00:00:00-04:00,8331.178595067067
2006-06-29 00:00:00-04:00,8575.250482849297
2006-06-30 00:00:00-04:00,8447.829320125224
2006-07-03 00:00:00-04:00,8749.79231063657
2006-07-05 00:00:00-04:00,8485.579060030544
2006-07-06 00:00:00-04:00,8583.706193766902
2006-07-07 00:00:00-04:00,8447.829320125224
2006-07-10 00:00:00-04:00,8598.81184269652
2006-07-11 00:00:00-04:00,8296.852961447672
2006-07-12 00:00:00-04:00,7949.61000750992
2006-07-13 00:00:00-04:00,7662.754720559446
2006-07-14 00:00:00-04:00,7685.397784219516
2006-07-17 00:00:00-04:00,7828.831591588496
2006-07-18 00:00:00-04:00,8025.09715953307
2006-07-19 00:00:00-04:00,8527.800409316525
2006-07-20 00:00:00-04:00,8108.882416578832
2006-07-21 00:00:00-04:00,8885.795542996839
2006-07-24 00:00:00-04:00,8984.812033087637
2006-07-25 00:00:00-04:00,9152.38254717916
2006-07-26 00:00:00-04:00,9266.638562806103
2006-07-27 00:00:00-04:00,8885.795542996839
2006-07-28 00:00:00-04:00,9175.23457955366
2006-07-31 00:00:00-04:00,9030.518170959414
2006-08-01 00:00:00-04:00,8977.203672494841
2006-08-02 00:00:00-04:00,9214.64503720437
2006-08-03 00:00:00-04:00,9145.354217916687
2006-08-04 00:00:00-04:00,9207.287101057773
2006-08-07 00:00:00-04:00,9152.82342898225
2006-08-08 00:00:00-04:00,9246.671305200885
2006-08-09 00:00:00-04:00,9324.884254663346
2006-08-10 00:00:00-04:00,9340.527696015433
2006-08-11 00:00:00-04:00,9316.927735028119
2006-08-14 00:00:00-04:00,9391.954144669435
2006-08-15 00:00:00-04:00,9528.311625412462
2006-08-16 00:00:00-04:00,9589.240436873813
2006-08-17 00:00:00-04:00,9589.240436873813
2006-08-18 00:00:00-04:00,10419.425441094689
2006-08-21 00:00:00-04:00,10670.755755681072
2006-08-22 00:00:00-04:00,10289.946553280708
2006-08-23 00:00:00-04:00,10328.030158519214
2006-08-24 00:00:00-04:00,10381.34390123962
2006-08-25 00:00:00-04:00,10465.124115074148
2006-08-28 00:00:00-04:00,10541.280998633963
2006-08-29 00:00:00-04:00,10457.502850182878
2006-08-30 00:00:00-04:00,10427.034313685326
2006-08-31 00:00:00-04:00,10350.871233975187
2006-09-01 00:00:00-04:00,10457.502850182878
2006-09-05 00:00:00-04:00,10282.329419156318
2006-09-06 00:00:00-04:00,10282.329419156318
2006-09-07 00:00:00-04:00,10145.719050616815
2006-09-08 00:00:00-04:00,10274.376238187371
2006-09-11 00:00:00-04:00,10508.074015284259
2006-09-12 00:00:00-04:00,10523.063808015762
2006-09-13 00:00:00-04:00,10562.433639682527
2006-09-14 00:00:00-04:00,10838.086532899742
2006-09-15 00:00:00-04:00,11247.621200972906
2006-09-18 00:00:00-04:00,11200.370568674134
2006-09-19 00:00:00-04:00,11255.502001604902
2006-09-20 00:00:00-04:00,11507.5124929261
2006-09-21 00:00:00-04:00,11287.00171123131
2006-09-22 00:00:00-04:00,11097.986367726262
2006-09-25 00:00:00-04:00,11326.386492926373
2006-09-26 00:00:00-04:00,11523.265551316803
2006-09-27 00:00:00-04:00,11712.289437695166
2006-09-28 00:00:00-04:00,11680.785456632108
2006-09-29 00:00:00-04:00,11641.411353528682
2006-10-02 00:00:00-04:00,11649.281475569045
2006-10-03 00:00:00-04:00,11657.149461891076
2006-10-04 00:00:00-04:00,12106.073183095952
2006-10-05 00:00:00-04:00,12090.315853268607
2006-10-06 00:00:00-04:00,12050.952428756831
2006-10-09 00:00:00-04:00,11932.813033699935
2006-10-10 00:00:00-04:00,11909.181310395561
2006-10-11 00:00:00-04:00,11791.046186775322
2006-10-12 00:00:00-04:00,12326.583964790752
2006-10-13 00:00:00-04:00,12444.729767002631
2006-10-16 00:00:00-04:00,12507.727050537113
2006-10-17 00:00:00-04:00,12499.856928496756
2006-10-18 00:00:00-04:00,12562.86489062287
2006-10-19 00:00:00-04:00,12381.715397721528
2006-10-20 00:00:00-04:00,12491.988942174718
2006-10-23 00:00:00-04:00,12507.727050537113
2006-10-24 00:00:00-04:00,12373.849547117818
2006-10-25 00:00:00-04:00,12397.474863267209
2006-10-26 00:00:00-04:00,12428.976708611935
2006-10-27 00:00:00-04:00,12421.093772261607
2006-10-30 00:00:00-05:00,12570.732876944901
2006-10-31 00:00:00-05:00,12712.493316714525
2006-11-01 00:00:00-05:00,12786.799331387
2006-11-02 00:00:00-05:00,12758.83532839617
2006-11-03 00:00:00-05:00,12732.634964343248
2006-11-06 00:00:00-05:00,12799.92309774075
2006-11-07 00:00:00-05:00,12867.214548929951
2006-11-08 00:00:00-05:00,12884.271511916708
2006-11-09 00:00:00-05:00,13043.499132674118
2006-11-10 00:00:00-05:00,13032.12782401628
2006-11-13 00:00:00-05:00,13094.682358286045
2006-11-14 00:00:00-05:00,13083.263245103062
2006-11-15 00:00:00-05:00,13020.505156081086
2006-11-16 00:00:00-05:00,13220.207788818734
2006-11-17 00:00:00-05:00,13180.267879103787
2006-11-20 00:00:00-05:00,13476.530941017518
2006-11-21 00:00:00-05:00,13495.678916141158
2006-11-22 00:00:00-05:00,13495.678916141162
2006-11-24 00:00:00-05:00,13400.66925206983
2006-11-27 00:00:00-05:00,13234.40153757983
2006-11-28 00:00:00-05:00,13180.968831695573
2006-11-29 00:00:00-05:00,13287.84868603708
2006-11-30 00:00:00-05:00,13163.151510812826
2006-12-01 00:00:00-05:00,13020.651457278822
2006-12-04 00:00:00-05:00,13145.34060885141
2006-12-05 00:00:00-05:00,13026.585750048744
2006-12-06 00:00:00-05:00,12943.452695168908
2006-12-07 00:00:00-05:00,12860.319640289072
2006-12-08 00:00:00-05:00,13163.81514721331
2006-12-11 00:00:00-05:00,13235.269536297095
2006-12-12 00:00:00-05:00,13183.707676689857
2006-12-13 00:00:00-05:00,13234.98389536803
2006-12-14 00:00:00-05:00,13435.550718673
2006-12-15 00:00:00-05:00,13481.83809652002
2006-12-18 00:00:00-05:00,13366.122779146262
2006-12-19 00:00:00-05:00,13400.578687394656
2006-12-20 00:00:00-05:00,13435.03087108265
2006-12-21 00:00:00-05:00,13401.650237274043
2006-12-22 00:00:00-05:00,13312.31759489443
2006-12-26 00:00:00-05:00,13404.276665526562
2006-12-27 00:00:00-05:00,13412.158790433616
2006-12-28 00:00:00-05:00,13401.650237274043
2006-12-29 00:00:00-05:00,13370.120317571076
2007-01-03 00:00:00-05:00,13370.120317571076
2007-01-04 00:00:00-05:00,13356.982496009485
2007-01-05 00:00:00-05:00,13312.31759489443
2007-01-08 00:00:00-05:00,13388.513125749829
2007-01-09 00:00:00-05:00,13396.393120544755
2007-01-10 00:00:00-05:00,13317.573291548968
2007-01-11 00:00:00-05:00,13590.814844706958
2007-01-12 00:00:00-05:00,13724.804577790492
2007-01-16 00:00:00-05:00,13711.670306415781
2007-01-17 00:00:00-05:00,13695.905346564297
2007-01-18 00:00:00-05:00,13673.55000255707
2007-01-19 00:00:00-05:00,13693.801234053964
2007-01-22 00:00:00-05:00,13637.290728480064
2007-01-23 00:00:00-05:00,13639.415091835104
2007-01-24 00:00:00-05:00,13663.029207410946
2007-01-25 00:00:00-05:00,13619.848740468398
2007-01-26 00:00:00-05:00,13629.969336200807
2007-01-29 00:00:00-05:00,13625.246184873758
2007-01-30 00:00:00-05:00,13621.872349063065
2007-01-31 00:00:00-05:00,13647.51098493324
2007-02-01 00:00:00-05:00,13627.269975808358
2007-02-02 00:00:00-05:00,13602.30654471616
2007-02-05 00:00:00-05:00,13563.174389002554
2007-02-06 00:00:00-05:00,13556.427446740905
2007-02-07 00:00:00-05:00,13546.981144086803
2007-02-08 00:00:00-05:00,13539.559908746844
2007-02-09 00:00:00-05:00,13520.668397478254
2007-02-12 00:00:00-05:00,13517.969948785474
2007-02-13 00:00:00-05:00,13529.478516100386
2007-02-14 00:00:00-05:00,13555.88297969606
2007-02-15 00:00:00-05:00,13559.944966420098
2007-02-16 00:00:00-05:00,13511.199119992387
2007-02-20 00:00:00-05:00,13517.291826568537
2007-02-21 00:00:00-05:00,13552.498568169158
2007-02-22 00:00:00-05:00,13555.2063161986
2007-02-23 00:00:00-05:00,13522.03157082964
2007-02-26 00:00:00-05:00,13533.541779203963
2007-02-27 00:00:00-05:00,13411.01864094102
2007-02-28 00:00:00-05:00,13452.411197156172
2007-03-01 00:00:00-05:00,13438.53318487613
2007-03-02 00:00:00-05:00,13369.536632311829
2007-03-05 00:00:00-05:00,13318.062997029596
2007-03-06 00:00:00-05:00,13396.855857231938
2007-03-07 00:00:00-05:00,13327.042724175903
2007-03-08 00:00:00-05:00,13224.509186690557
2007-03-09 00:00:00-05:00,13212.807730422785
2007-03-12 00:00:00-04:00,13276.827232081632
2007-03-13 00:00:00-04:00,12943.288604851801
2007-03-14 00:00:00-04:00,13283.744291952433
2007-03-15 00:00:00-04:00,13219.287968725777
2007-03-16 00:00:00-04:00,13247.980345570046
2007-03-19 00:00:00-04:00,13553.183371848023
2007-03-20 00:00:00-04:00,13559.65197517988
2007-03-21 00:00:00-04:00,14023.590580636184
2007-03-22 00:00:00-04:00,13844.256722574199
2007-03-23 00:00:00-04:00,13656.07339253449
2007-03-26 00:00:00-04:00,13813.760247612663
2007-03-27 00:00:00-04:00,13401.847477603551
2007-03-28 00:00:00-04:00,13335.928831981797
2007-03-29 00:00:00-04:00,13426.55975881981
2007-03-30 00:00:00-04:00,13525.433289780518
2007-04-02 00:00:00-04:00,13418.317154697135
2007-04-03 00:00:00-04:00,13520.995409895404
2007-04-04 00:00:00-04:00,13997.33898813642
2007-04-05 00:00:00-04:00,14035.14671689953
2007-04-09 00:00:00-04:00,14050.97377303311
2007-04-10 00:00:00-04:00,13910.527561970375
2007-04-11 00:00:00-04:00,13670.935519581715
2007-04-12 00:00:00-04:00,14026.185090205421
2007-04-13 00:00:00-04:00,14084.017191817256
2007-04-16 00:00:00-04:00,14183.154123158321
2007-04-17 00:00:00-04:00,14282.295504491824
2007-04-18 00:00:00-04:00,14075.758005868374
2007-04-19 00:00:00-04:00,14150.104029385537
2007-04-20 00:00:00-04:00,14422.726140581057
2007-04-23 00:00:00-04:00,14224.454502895129
2007-04-24 00:00:00-04:00,14232.731488813719
2007-04-25 00:00:00-04:00,14397.944132742006
2007-04-26 00:00:00-04:00,14488.828553122847
2007-04-27 00:00:00-04:00,15331.503594503029
2007-04-30 00:00:00-04:00,15182.784847514129
2007-05-01 00:00:00-04:00,15562.820875969315
2007-05-02 00:00:00-04:00,15736.319405801049
2007-05-03 00:00:00-04:00,16033.72574983184
2007-05-04 00:00:00-04:00,15694.999001098317
2007-05-07 00:00:00-04:00,15818.92906525952
2007-05-08 00:00:00-04:00,15851.970259047444
2007-05-09 00:00:00-04:00,15876.754491882712
2007-05-10 00:00:00-04:00,15711.526272980926
2007-05-11 00:00:00-04:00,15967.638912263548
2007-05-14 00:00:00-04:00,16033.72574983184
2007-05-15 00:00:00-04:00,16058.590082530838
2007-05-16 00:00:00-04:00,16199.485742828929
2007-05-17 00:00:00-04:00,16124.903869713013
2007-05-18 00:00:00-04:00,16000.577756225604
2007-05-21 00:00:00-04:00,16182.905071037167
2007-05-22 00:00:00-04:00,15884.544203630281
2007-05-23 00:00:00-04:00,15793.359408760472
2007-05-24 00:00:00-04:00,15453.540186885537
2007-05-25 00:00:00-04:00,15710.484974752457
2007-05-29 00:00:00-04:00,15967.42308763073
2007-05-30 00:00:00-04:00,16232.647086412453
2007-05-31 00:00:00-04:00,15884.544203630281
2007-06-01 00:00:00-04:00,15801.656419644994
2007-06-04 00:00:00-04:00,15909.40631133307
2007-06-05 00:00:00-04:00,15793.359408760472
2007-06-06 00:00:00-04:00,15553.013092655026
2007-06-07 00:00:00-04:00,14997.691862407719
2007-06-08 00:00:00-04:00,15354.08508108577
2007-06-11 00:00:00-04:00,15329.22964837163
2007-06-12 00:00:00-04:00,15188.320638096244
2007-06-13 00:00:00-04:00,15635.889751659255
2007-06-14 00:00:00-04:00,15743.637418351114
2007-06-15 00:00:00-04:00,15718.77976064077
2007-06-18 00:00:00-04:00,15735.353757443889
2007-06-19 00:00:00-04:00,15693.904302960695
2007-06-20 00:00:00-04:00,15320.939312475755
2007-06-21 00:00:00-04:00,15494.985191376294
2007-06-22 00:00:00-04:00,14889.950870704506
2007-06-25 00:00:00-04:00,14889.950870704506
2007-06-26 00:00:00-04:00,14914.815203403501
2007-06-27 00:00:00-04:00,15204.905759880436
2007-06-28 00:00:00-04:00,15171.753316281782
2007-06-29 00:00:00-04:00,14873.36797391653
2007-07-02 00:00:00-04:00,15097.153643196147
2007-07-03 00:00:00-04:00,15329.22964837163
2007-07-05 00:00:00-04:00,15304.360865680203
2007-07-06 00:00:00-04:00,15288.47698651116
2007-07-09 00:00:00-04:00,15212.646571364836
2007-07-10 00:00:00-04:00,14822.379823236653
2007-07-11 00:00:00-04:00,14932.30344475395
2007-07-12 00:00:00-04:00,15309.789166419127
2007-07-13 00:00:00-04:00,15156.185091945052
2007-07-16 00:00:00-04:00,15277.643781003353
2007-07-17 00:00:00-04:00,15684.187800248907
2007-07-18 00:00:00-04:00,15754.926916811513
2007-07-19 00:00:00-04:00,16031.382904555085
2007-07-20 00:00:00-04:00,15880.183092927524
2007-07-23 00:00:00-04:00,15892.018724158079
2007-07-24 00:00:00-04:00,15752.453829535305
2007-07-25 00:00:00-04:00,15723.558287677308
2007-07-26 00:00:00-04:00,15515.976124509078
2007-07-27 00:00:00-04:00,15369.473753962615
2007-07-30 00:00:00-04:00,15371.596458821645
2007-07-31 00:00:00-04:00,15285.040714304043
2007-08-01 00:00:00-04:00,15350.177848406576
2007-08-02 00:00:00-04:00,15388.527577954526
2007-08-03 00:00:00-04:00,15310.81830294073
2007-08-06 00:00:00-04:00,15391.30278946914
2007-08-07 00:00:00-04:00,15392.690022714836
2007-08-08 00:00:00-04:00,15455.134144351789
2007-08-09 00:00:00-04:00,15357.999133758898
2007-08-10 00:00:00-04:00,15276.12853151963
2007-08-13 00:00:00-04:00,15265.028430484388
2007-08-14 00:00:00-04:00,15228.823654334432
2007-08-15 00:00:00-04:00,15205.131047018967
2007-08-16 00:00:00-04:00,15164.614242339794
2007-08-17 00:00:00-04:00,15226.088904200467
2007-08-20 00:00:00-04:00,15227.485197702681
2007-08-21 00:00:00-04:00,15200.940671551405
2007-08-22 00:00:00-04:00,15221.897407512213
2007-08-23 00:00:00-04:00,15233.073735373608
2007-08-24 00:00:00-04:00,15304.324694191157
2007-08-27 00:00:00-04:00,15248.511098793562
2007-08-28 00:00:00-04:00,15131.18103091243
2007-08-29 00:00:00-04:00,15293.091927177811
2007-08-30 00:00:00-04:00,15253.853482765233
2007-08-31 00:00:00-04:00,15342.176367105203
2007-09-04 00:00:00-04:00,15370.196866849994
2007-09-05 00:00:00-04:00,15243.158076809632
2007-09-06 00:00:00-04:00,15423.79040847432
2007-09-07 00:00:00-04:00,15210.101955794838
2007-09-10 00:00:00-04:00,15229.690594877022
2007-09-11 00:00:00-04:00,15465.919682931519
2007-09-12 00:00:00-04:00,15465.919682931519
2007-09-13 00:00:00-04:00,15602.55880595138
2007-09-14 00:00:00-04:00,15527.152015058262
2007-09-17 00:00:00-04:00,15321.677182279716
2007-09-18 00:00:00-04:00,15461.20591261689
2007-09-19 00:00:00-04:00,15270.832500848734
2007-09-20 00:00:00-04:00,15079.07264896528
2007-09-21 00:00:00-04:00,15263.588884346544
2007-09-24 00:00:00-04:00,15623.56140349292
2007-09-25 00:00:00-04:00,16041.895987351145
2007-09-26 00:00:00-04:00,15989.598627111023
2007-09-27 00:00:00-04:00,15980.890560573785
2007-09-28 00:00:00-04:00,15954.747709146191
2007-10-01 00:00:00-04:00,16224.91459916019
2007-10-02 00:00:00-04:00,16163.91849829078
2007-10-03 00:00:00-04:00,15946.023322270063
2007-10-04 00:00:00-04:00,16172.633559258968
2007-10-05 00:00:00-04:00,16285.938677753435
2007-10-08 00:00:00-04:00,16285.938677753435
2007-10-09 00:00:00-04:00,16512.530262926455
2007-10-10 00:00:00-04:00,16625.83071846695
2007-10-11 00:00:00-04:00,16346.937110099821
2007-10-12 00:00:00-04:00,16573.52403231889
2007-10-15 00:00:00-04:00,16460.23523416333
2007-10-16 00:00:00-04:00,16704.25927274974
2007-10-17 00:00:00-04:00,17366.631884056267
2007-10-18 00:00:00-04:00,17436.35237180182
2007-10-19 00:00:00-04:00,16573.52403231889
2007-10-22 00:00:00-04:00,16869.859420007324
2007-10-23 00:00:00-04:00,17209.75612367481
2007-10-24 00:00:00-04:00,17514.787920515555
2007-10-25 00:00:00-04:00,18159.723415454755
2007-10-26 00:00:00-04:00,20809.183551480077
2007-10-29 00:00:00-04:00,20408.293078420153
2007-10-30 00:00:00-04:00,21279.82482148634
2007-10-31 00:00:00-04:00,22360.53201665109
2007-11-01 00:00:00-04:00,22578.417866763873
2007-11-02 00:00:00-04:00,22578.417866763873
2007-11-05 00:00:00-05:00,22290.802202997605
2007-11-06 00:00:00-05:00,22011.903931676523
2007-11-07 00:00:00-05:00,21236.256511076324
2007-11-08 00:00:00-05:00,20556.449114879444
2007-11-09 00:00:00-05:00,19676.20464232203
2007-11-12 00:00:00-05:00,19371.16585105034
2007-11-13 00:00:00-05:00,20411.708692202486
2007-11-14 00:00:00-05:00,19948.27168607844
2007-11-15 00:00:00-05:00,19799.62137649842
2007-11-16 00:00:00-05:00,20088.18828287438
2007-11-19 00:00:00-05:00,19974.50313363145
2007-11-20 00:00:00-05:00,20516.63681389151
2007-11-21 00:00:00-05:00,20210.60248194741
2007-11-23 00:00:00-05:00,20105.66969730443
2007-11-26 00:00:00-05:00,19108.828060750413
2007-11-27 00:00:00-05:00,19187.52939784038
2007-11-28 00:00:00-05:00,19747.163144346374
2007-11-29 00:00:00-05:00,19650.971066918417
2007-11-30 00:00:00-05:00,19659.716437087405
2007-12-03 00:00:00-05:00,19065.119861721312
2007-12-04 00:00:00-05:00,18933.94397214041
2007-12-05 00:00:00-05:00,20140.64418354945
2007-12-06 00:00:00-05:00,20476.711790662855
2007-12-07 00:00:00-05:00,20460.615786845123
2007-12-10 00:00:00-05:00,20645.851906030573
2007-12-11 00:00:00-05:00,20114.273595024737
2007-12-12 00:00:00-05:00,20412.276233818648
2007-12-13 00:00:00-05:00,21016.364948146973
2007-12-14 00:00:00-05:00,21088.853875813926
2007-12-17 00:00:00-05:00,20347.847119671093
2007-12-18 00:00:00-05:00,20629.749459516177
2007-12-19 00:00:00-05:00,20670.02919902324
2007-12-20 00:00:00-05:00,21257.993991181636
2007-12-21 00:00:00-05:00,21673.77335239033
2007-12-24 00:00:00-05:00,22055.577047317005
2007-12-26 00:00:00-05:00,22077.615289953974
2007-12-27 00:00:00-05:00,21607.689948267478
2007-12-28 00:00:00-05:00,21717.826344823217
2007-12-31 00:00:00-05:00,21336.016776686287
2008-01-02 00:00:00-05:00,21057.004050015275
2008-01-03 00:00:00-05:00,21167.13848883426
2008-01-04 00:00:00-05:00,20474.722627992953
2008-01-07 00:00:00-05:00,20627.477152199768
2008-01-08 00:00:00-05:00,19898.66593195044
2008-01-09 00:00:00-05:00,20485.928850173135
2008-01-10 00:00:00-05:00,20424.550215423194
2008-01-11 00:00:00-05:00,20204.902195250703
2008-01-14 00:00:00-05:00,20439.221893937785
2008-01-15 00:00:00-05:00,20262.567986253533
2008-01-16 00:00:00-05:00,19940.51995326353
2008-01-17 00:00:00-05:00,19894.56478641388
2008-01-18 00:00:00-05:00,19859.790823285697
2008-01-22 00:00:00-05:00,19531.083449683345
2008-01-23 00:00:00-05:00,19522.72949993996
2008-01-24 00:00:00-05:00,19844.771000265115
2008-01-25 00:00:00-05:00,19779.849319845416
2008-01-28 00:00:00-05:00,19741.46164169388
2008-01-29 00:00:00-05:00,19724.682940526887
2008-01-30 00:00:00-05:00,19682.752675598324
2008-01-31 00:00:00-05:00,19710.56156419958
2008-02-01 00:00:00-05:00,19636.383157161355
2008-02-04 00:00:00-05:00,19636.383157161355
2008-02-05 00:00:00-05:00,19636.383157161355
2008-02-06 00:00:00-05:00,19636.383157161355
2008-02-07 00:00:00-05:00,19636.383157161355
2008-02-08 00:00:00-05:00,19636.383157161355
2008-02-11 00:00:00-05:00,19636.383157161355
2008-02-12 00:00:00-05:00,19636.383157161355
2008-02-13 00:00:00-05:00,19636.383157161355
2008-02-14 00:00:00-05:00,19636.383157161355
2008-02-15 00:00:00-05:00,19636.383157161355
2008-02-19 00:00:00-05:00,19636.383157161355
2008-02-20 00:00:00-05:00,19636.383157161355
2008-02-21 00:00:00-05:00,19636.383157161355
2008-02-22 00:00:00-05:00,19636.383157161355
2008-02-25 00:00:00-05:00,19636.383157161355
2008-02-26 00:00:00-05:00,19636.383157161355
2008-02-27 00:00:00-05:00,19636.383157161355
2008-02-28 00:00:00-05:00,19636.383157161355
2008-02-29 00:00:00-05:00,19636.383157161355
2008-03-03 00:00:00-05:00,19636.383157161355
2008-03-04 00:00:00-05:00,19636.383157161355
2008-03-05 00:00:00-05:00,19636.383157161355
2008-03-06 00:00:00-05:00,19636.383157161355
2008-03-07 00:00:00-05:00,19636.383157161355
2008-03-10 00:00:00-04:00,19636.383157161355
2008-03-11 00:00:00-04:00,19636.383157161355
2008-03-12 00:00:00-04:00,19636.383157161355
2008-03-13 00:00:00-04:00,19636.383157161355
2008-03-14 00:00:00-04:00,19636.383157161355
2008-03-17 00:00:00-04:00,19636.383157161355
2008-03-18 00:00:00-04:00,19636.383157161355
2008-03-19 00:00:00-04:00,19636.383157161355
2008-03-20 00:00:00-04:00,19636.383157161355
2008-03-24 00:00:00-04:00,19636.383157161355
2008-03-25 00:00:00-04:00,19636.383157161355
2008-03-26 00:00:00-04:00,19636.383157161355
2008-03-27 00:00:00-04:00,19636.383157161355
2008-03-28 00:00:00-04:00,19636.383157161355
2008-03-31 00:00:00-04:00,19636.383157161355
2008-04-01 00:00:00-04:00,19636.383157161355
2008-04-02 00:00:00-04:00,19636.383157161355
2008-04-03 00:00:00-04:00,19636.383157161355
2008-04-04 00:00:00-04:00,19636.383157161355
2008-04-07 00:00:00-04:00,19636.383157161355
2008-04-08 00:00:00-04:00,19636.383157161355
2008-04-09 00:00:00-04:00,19636.383157161355
2008-04-10 00:00:00-04:00,19636.383157161355
2008-04-11 00:00:00-04:00,19636.383157161355
2008-04-14 00:00:00-04:00,19636.383157161355
2008-04-15 00:00:00-04:00,19636.383157161355
2008-04-16 00:00:00-04:00,19636.383157161355
2008-04-17 00:00:00-04:00,19636.383157161355
2008-04-18 00:00:00-04:00,19636.383157161355
2008-04-21 00:00:00-04:00,19636.383157161355
2008-04-22 00:00:00-04:00,19636.383157161355
2008-04-23 00:00:00-04:00,19636.383157161355
2008-04-24 00:00:00-04:00,19636.383157161355
2008-04-25 00:00:00-04:00,19636.383157161355
2008-04-28 00:00:00-04:00,19636.383157161355
2008-04-29 00:00:00-04:00,19636.383157161355
2008-04-30 00:00:00-04:00,19636.383157161355
2008-05-01 00:00:00-04:00,19636.383157161355
2008-05-02 00:00:00-04:00,19636.383157161355
2008-05-05 00:00:00-04:00,19636.383157161355
2008-05-06 00:00:00-04:00,19636.383157161355
2008-05-07 00:00:00-04:00,19636.383157161355
2008-05-08 00:00:00-04:00,19636.383157161355
2008-05-09 00:00:00-04:00,19636.383157161355
2008-05-12 00:00:00-04:00,19636.383157161355
2008-05-13 00:00:00-04:00,19636.383157161355
2008-05-14 00:00:00-04:00,19636.383157161355
2008-05-15 00:00:00-04:00,19636.383157161355
2008-05-16 00:00:00-04:00,19636.383157161355
2008-05-19 00:00:00-04:00,19636.383157161355
2008-05-20 00:00:00-04:00,19636.383157161355
2008-05-21 00:00:00-04:00,19636.383157161355
2008-05-22 00:00:00-04:00,19636.383157161355
2008-05-23 00:00:00-04:00,19636.383157161355
2008-05-27 00:00:00-04:00,19636.383157161355
2008-05-28 00:00:00-04:00,19636.383157161355
2008-05-29 00:00:00-04:00,19636.383157161355
2008-05-30 00:00:00-04:00,19636.383157161355
2008-06-02 00:00:00-04:00,19636.383157161355
2008-06-03 00:00:00-04:00,19636.383157161355
2008-06-04 00:00:00-04:00,19636.383157161355
2008-06-05 00:00:00-04:00,19636.383157161355
2008-06-06 00:00:00-04:00,19636.383157161355
2008-06-09 00:00:00-04:00,19636.383157161355
2008-06-10 00:00:00-04:00,19636.383157161355
2008-06-11 00:00:00-04:00,19636.383157161355
2008-06-12 00:00:00-04:00,19636.383157161355
2008-06-13 00:00:00-04:00,19636.383157161355
2008-06-16 00:00:00-04:00,19636.383157161355
2008-06-17 00:00:00-04:00,19636.383157161355
2008-06-18 00:00:00-04:00,19636.383157161355
2008-06-19 00:00:00-04:00,19636.383157161355
2008-06-20 00:00:00-04:00,19636.383157161355
2008-06-23 00:00:00-04:00,19636.383157161355
2008-06-24 00:00:00-04:00,19636.383157161355
2008-06-25 00:00:00-04:00,19636.383157161355
2008-06-26 00:00:00-04:00,19636.383157161355
2008-06-27 00:00:00-04:00,19636.383157161355
2008-06-30 00:00:00-04:00,19636.383157161355
2008-07-01 00:00:00-04:00,19636.383157161355
2008-07-02 00:00:00-04:00,19636.383157161355
2008-07-03 00:00:00-04:00,19636.383157161355
2008-07-07 00:00:00-04:00,19636.383157161355
2008-07-08 00:00:00-04:00,19636.383157161355
2008-07-09 00:00:00-04:00,19636.383157161355
2008-07-10 00:00:00-04:00,19636.383157161355
2008-07-11 00:00:00-04:00,19636.383157161355
2008-07-14 00:00:00-04:00,19636.383157161355
2008-07-15 00:00:00-04:00,19636.383157161355
2008-07-16 00:00:00-04:00,19636.383157161355
2008-07-17 00:00:00-04:00,19636.383157161355
2008-07-18 00:00:00-04:00,19636.383157161355
2008-07-21 00:00:00-04:00,19636.383157161355
2008-07-22 00:00:00-04:00,19636.383157161355
2008-07-23 00:00:00-04:00,19636.383157161355
2008-07-24 00:00:00-04:00,19636.383157161355
2008-07-25 00:00:00-04:00,19636.383157161355
2008-07-28 00:00:00-04:00,19636.383157161355
2008-07-29 00:00:00-04:00,19636.383157161355
2008-07-30 00:00:00-04:00,19636.383157161355
2008-07-31 00:00:00-04:00,19636.383157161355
2008-08-01 00:00:00-04:00,19636.383157161355
2008-08-04 00:00:00-04:00,19636.383157161355
2008-08-05 00:00:00-04:00,19636.383157161355
2008-08-06 00:00:00-04:00,19636.383157161355
2008-08-07 00:00:00-04:00,19636.383157161355
2008-08-08 00:00:00-04:00,19636.383157161355
2008-08-11 00:00:00-04:00,19636.383157161355
2008-08-12 00:00:00-04:00,19636.383157161355
2008-08-13 00:00:00-04:00,19636.383157161355
2008-08-14 00:00:00-04:00,19636.383157161355
2008-08-15 00:00:00-04:00,19636.383157161355
2008-08-18 00:00:00-04:00,19636.383157161355
2008-08-19 00:00:00-04:00,19636.383157161355
2008-08-20 00:00:00-04:00,19636.383157161355
2008-08-21 00:00:00-04:00,19636.383157161355
2008-08-22 00:00:00-04:00,19636.383157161355
2008-08-25 00:00:00-04:00,19636.383157161355
2008-08-26 00:00:00-04:00,19636.383157161355
2008-08-27 00:00:00-04:00,19636.383157161355
2008-08-28 00:00:00-04:00,19636.383157161355
2008-08-29 00:00:00-04:00,19636.383157161355
2008-09-02 00:00:00-04:00,19636.383157161355
2008-09-03 00:00:00-04:00,19636.383157161355
2008-09-04 00:00:00-04:00,19636.383157161355
2008-09-05 00:00:00-04:00,19636.383157161355
2008-09-08 00:00:00-04:00,19636.383157161355
2008-09-09 00:00:00-04:00,19636.383157161355
2008-09-10 00:00:00-04:00,19636.383157161355
2008-09-11 00:00:00-04:00,19636.383157161355
2008-09-12 00:00:00-04:00,19636.383157161355
2008-09-15 00:00:00-04:00,19636.383157161355
2008-09-16 00:00:00-04:00,19636.383157161355
2008-09-17 00:00:00-04:00,19636.383157161355
2008-09-18 00:00:00-04:00,19636.383157161355
2008-09-19 00:00:00-04:00,19636.383157161355
2008-09-22 00:00:00-04:00,19636.383157161355
2008-09-23 00:00:00-04:00,19636.383157161355
2008-09-24 00:00:00-04:00,19636.383157161355
2008-09-25 00:00:00-04:00,19636.383157161355
2008-09-26 00:00:00-04:00,19636.383157161355
2008-09-29 00:00:00-04:00,19636.383157161355
2008-09-30 00:00:00-04:00,19636.383157161355
2008-10-01 00:00:00-04:00,19636.383157161355
2008-10-02 00:00:00-04:00,19636.383157161355
2008-10-03 00:00:00-04:00,19636.383157161355
2008-10-06 00:00:00-04:00,19636.383157161355
2008-10-07 00:00:00-04:00,19636.383157161355
2008-10-08 00:00:00-04:00,19636.383157161355
2008-10-09 00:00:00-04:00,19605.52714132533
2008-10-10 00:00:00-04:00,19534.88476319265
2008-10-13 00:00:00-04:00,20074.14117343322
2008-10-14 00:00:00-04:00,19830.499718747225
2008-10-15 00:00:00-04:00,19520.14548377996
2008-10-16 00:00:00-04:00,19917.420954750472
2008-10-17 00:00:00-04:00,19839.159229690962
2008-10-20 00:00:00-04:00,20109.95426408794
2008-10-21 00:00:00-04:00,19588.7569324478
2008-10-22 00:00:00-04:00,18809.098595865937
2008-10-23 00:00:00-04:00,19182.3632213522
2008-10-24 00:00:00-04:00,18996.1398915835
2008-10-27 00:00:00-04:00,18557.129390636775
2008-10-28 00:00:00-04:00,19728.42202804636
2008-10-29 00:00:00-04:00,19663.083188905122
2008-10-30 00:00:00-04:00,19405.259757495645
2008-10-31 00:00:00-04:00,19182.966253033494
2008-11-03 00:00:00-05:00,19410.844574226976
2008-11-04 00:00:00-05:00,20166.136647951553
2008-11-05 00:00:00-05:00,18901.015224594004
2008-11-06 00:00:00-05:00,17799.6802984592
2008-11-07 00:00:00-05:00,18398.394304629644
2008-11-10 00:00:00-05:00,18195.96034818237
2008-11-11 00:00:00-05:00,18090.064664632137
2008-11-12 00:00:00-05:00,17094.384362135155
2008-11-13 00:00:00-05:00,18192.153983591263
2008-11-14 00:00:00-05:00,16761.03888132441
2008-11-17 00:00:00-05:00,15834.20773689232
2008-11-18 00:00:00-05:00,16398.817046753455
2008-11-19 00:00:00-05:00,14652.451731625992
2008-11-20 00:00:00-05:00,13654.50782305104
2008-11-21 00:00:00-05:00,16477.60937452698
2008-11-24 00:00:00-05:00,17803.826861270194
2008-11-25 00:00:00-05:00,16884.65637347273
2008-11-26 00:00:00-05:00,17541.20009217361
2008-11-28 00:00:00-05:00,17186.680165864997
2008-12-01 00:00:00-05:00,15072.621904641917
2008-12-02 00:00:00-05:00,15781.687539526465
2008-12-03 00:00:00-05:00,16727.088906103894
2008-12-04 00:00:00-05:00,15729.16390452498
2008-12-05 00:00:00-05:00,16727.088906103894
2008-12-08 00:00:00-05:00,18223.99359665048
2008-12-09 00:00:00-05:00,17685.628916111877
2008-12-10 00:00:00-05:00,17698.776153631563
2008-12-11 00:00:00-05:00,16175.602770312933
2008-12-12 00:00:00-05:00,16057.432326239767
2008-12-15 00:00:00-05:00,15637.2587155882
2008-12-16 00:00:00-05:00,17042.222122023755
2008-12-17 00:00:00-05:00,16451.34411939059
2008-12-18 00:00:00-05:00,15978.64859255535
2008-12-19 00:00:00-05:00,15742.300829137726
2008-12-22 00:00:00-05:00,15821.077687550856
2008-12-23 00:00:00-05:00,15952.383337418953
2008-12-24 00:00:00-05:00,15807.947638209396
2008-12-26 00:00:00-05:00,15755.418846754434
2008-12-29 00:00:00-05:00,15532.201132678267
2008-12-30 00:00:00-05:00,16031.16707110338
2008-12-31 00:00:00-05:00,16162.471002153648
2009-01-02 00:00:00-05:00,17331.10211453198
2009-01-05 00:00:00-05:00,17580.583364926704
2009-01-06 00:00:00-05:00,17895.72861257133
2009-01-07 00:00:00-05:00,16254.38650399735
2009-01-08 00:00:00-05:00,17055.350452547398
2009-01-09 00:00:00-05:00,16267.523428610108
2009-01-12 00:00:00-05:00,16201.869744267144
2009-01-13 00:00:00-05:00,16661.426627671815
2009-01-14 00:00:00-05:00,15702.90036820641
2009-01-15 00:00:00-05:00,15899.859702417463
2009-01-16 00:00:00-05:00,16517.006397822657
2009-01-20 00:00:00-05:00,14901.9312632029
2009-01-21 00:00:00-05:00,16083.682112015755
2009-01-22 00:00:00-05:00,13103.023406077908
2009-01-23 00:00:00-05:00,13221.204163058002
2009-01-26 00:00:00-05:00,13785.811754101309
2009-01-27 00:00:00-05:00,13825.212215032629
2009-01-28 00:00:00-05:00,14324.172997004265
2009-01-29 00:00:00-05:00,13733.294994371103
2009-01-30 00:00:00-05:00,13089.893356736437
2009-02-02 00:00:00-05:00,14048.429929108792
2009-02-03 00:00:00-05:00,14928.19136188582
2009-02-04 00:00:00-05:00,15098.876846871375
2009-02-05 00:00:00-05:00,15637.2587155882
2009-02-06 00:00:00-05:00,16451.34411939059
2009-02-09 00:00:00-05:00,16162.471002153648
2009-02-10 00:00:00-05:00,15322.116905579227
2009-02-11 00:00:00-05:00,15860.466116757423
2009-02-12 00:00:00-05:00,15926.121519918204
2009-02-13 00:00:00-05:00,15702.90036820641
2009-02-17 00:00:00-05:00,14552.698420514444
2009-02-18 00:00:00-05:00,14592.358422936872
2009-02-19 00:00:00-05:00,14312.384827164253
2009-02-20 00:00:00-05:00,14433.302571101176
2009-02-23 00:00:00-05:00,13365.240178383548
2009-02-24 00:00:00-05:00,13312.742063551232
2009-02-25 00:00:00-05:00,13033.770102682807
2009-02-26 00:00:00-05:00,12308.744853921515
2009-02-27 00:00:00-05:00,11957.532908895835
2009-03-02 00:00:00-05:00,11482.232734271198
2009-03-03 00:00:00-05:00,11603.07482976354
2009-03-04 00:00:00-05:00,11914.889122388784
2009-03-05 00:00:00-05:00,10797.828986294626
2009-03-06 00:00:00-05:00,10811.170266007208
2009-03-09 00:00:00-04:00,10635.211009392417
2009-03-10 00:00:00-04:00,12371.766210749382
2009-03-11 00:00:00-04:00,13204.935251895018
2009-03-12 00:00:00-04:00,13071.247374600542
2009-03-13 00:00:00-04:00,12584.949083692529
2009-03-16 00:00:00-04:00,12062.762847305614
2009-03-17 00:00:00-04:00,12922.173805787184
2009-03-18 00:00:00-04:00,13002.469097074005
2009-03-19 00:00:00-04:00,13245.711502631173
2009-03-20 00:00:00-04:00,13141.48953463286
2009-03-23 00:00:00-04:00,14810.57997572311
2009-03-24 00:00:00-04:00,14282.105241551675
2009-03-25 00:00:00-04:00,14215.637880024231
2009-03-26 00:00:00-04:00,15484.049260223157
2009-03-27 00:00:00-04:00,14545.636433548927
2009-03-30 00:00:00-04:00,13671.273930730204
2009-03-31 00:00:00-04:00,14872.711187250377
2009-04-01 00:00:00-04:00,16141.647088000274
2009-04-02 00:00:00-04:00,16114.656405483147
2009-04-03 00:00:00-04:00,15385.679822976872
2009-04-06 00:00:00-04:00,15399.184816927675
2009-04-07 00:00:00-04:00,15399.184816927675
2009-04-08 00:00:00-04:00,15979.657361988746
2009-04-09 00:00:00-04:00,16627.632061349435
2009-04-13 00:00:00-04:00,16519.627210442075
2009-04-14 00:00:00-04:00,16195.633718139401
2009-04-15 00:00:00-04:00,15493.686428919187
2009-04-16 00:00:00-04:00,16749.12260082313
2009-04-17 00:00:00-04:00,15993.151825729838
2009-04-20 00:00:00-04:00,15196.692394308408
2009-04-21 00:00:00-04:00,15682.659817308053
2009-04-22 00:00:00-04:00,15426.17725447976
2009-04-23 00:00:00-04:00,15615.171703288033
2009-04-24 00:00:00-04:00,18301.537012023316
2009-04-27 00:00:00-04:00,17613.06839122964
2009-04-28 00:00:00-04:00,16978.603950924593
2009-04-29 00:00:00-04:00,17410.597029029785
2009-04-30 00:00:00-04:00,17424.086227666015
2009-05-01 00:00:00-04:00,17397.081504869275
2009-05-04 00:00:00-04:00,17329.582860639555
2009-05-05 00:00:00-04:00,16789.611257151264
2009-05-06 00:00:00-04:00,16789.611257151264
2009-05-07 00:00:00-04:00,16155.143306776314
2009-05-08 00:00:00-04:00,16290.137085165868
2009-05-11 00:00:00-04:00,16155.143306776314
2009-05-12 00:00:00-04:00,16924.617320785477
2009-05-13 00:00:00-04:00,16735.614096802437
2009-05-14 00:00:00-04:00,17154.100425921875
2009-05-15 00:00:00-04:00,17370.083802212335
2009-05-18 00:00:00-04:00,17883.05770304368
2009-05-19 00:00:00-04:00,17665.696624316395
2009-05-20 00:00:00-04:00,17760.791438121476
2009-05-21 00:00:00-04:00,17000.029417610924
2009-05-22 00:00:00-04:00,16904.93460380585
2009-05-26 00:00:00-04:00,17706.452045957132
2009-05-27 00:00:00-04:00,17421.174624681695
2009-05-28 00:00:00-04:00,17855.90204724112
2009-05-29 00:00:00-04:00,18453.626585874164
2009-06-01 00:00:00-04:00,19146.468753766665
2009-06-02 00:00:00-04:00,19146.468753766665
2009-06-03 00:00:00-04:00,19594.773126709897
2009-06-04 00:00:00-04:00,19730.62336215571
2009-06-05 00:00:00-04:00,20151.75803901677
2009-06-08 00:00:00-04:00,20029.50230430427
2009-06-09 00:00:00-04:00,20070.24368566539
2009-06-10 00:00:00-04:00,20708.75348153335
2009-06-11 00:00:00-04:00,21089.139756893474
2009-06-12 00:00:00-04:00,21768.380403912848
2009-06-15 00:00:00-04:00,21890.653688974864
2009-06-16 00:00:00-04:00,21931.402090475796
2009-06-17 00:00:00-04:00,22243.85096286835
2009-06-18 00:00:00-04:00,21999.33598337345
2009-06-19 00:00:00-04:00,22773.671444197906
2009-06-22 00:00:00-04:00,21700.446511015183
2009-06-23 00:00:00-04:00,21781.967884506354
2009-06-24 00:00:00-04:00,21958.5665214531
2009-06-25 00:00:00-04:00,22393.28165876787
2009-06-26 00:00:00-04:00,21795.544834890163
2009-06-29 00:00:00-04:00,22460.065720522936
2009-06-30 00:00:00-04:00,22347.858220372105
2009-07-01 00:00:00-04:00,22669.38270246157
2009-07-02 00:00:00-04:00,21871.496138515125
2009-07-06 00:00:00-04:00,21679.021717634765
2009-07-07 00:00:00-04:00,20960.16615144524
2009-07-08 00:00:00-04:00,20992.33737062549
2009-07-09 00:00:00-04:00,20871.07660444062
2009-07-10 00:00:00-04:00,20823.721938290364
2009-07-13 00:00:00-04:00,21619.114456171505
2009-07-14 00:00:00-04:00,21512.98477033583
2009-07-15 00:00:00-04:00,22339.706141863146
2009-07-16 00:00:00-04:00,22580.566548847648
2009-07-17 00:00:00-04:00,22467.66159218285
2009-07-20 00:00:00-04:00,22633.652495133545
2009-07-21 00:00:00-04:00,22823.490534604905
2009-07-22 00:00:00-04:00,22806.287214350676
2009-07-23 00:00:00-04:00,23242.24546508382
2009-07-24 00:00:00-04:00,22162.54039562976
2009-07-27 00:00:00-04:00,22008.809671385774
2009-07-28 00:00:00-04:00,22150.22127059105
2009-07-29 00:00:00-04:00,22279.85719710078
2009-07-30 00:00:00-04:00,22283.197010436845
2009-07-31 00:00:00-04:00,22202.303363065323
2009-08-03 00:00:00-04:00,22271.37258972067
2009-08-04 00:00:00-04:00,22261.382423912208
2009-08-05 00:00:00-04:00,22265.90639854352
2009-08-06 00:00:00-04:00,22245.75556404496
2009-08-07 00:00:00-04:00,22245.75556404496
2009-08-10 00:00:00-04:00,22245.75556404496
2009-08-11 00:00:00-04:00,22245.75556404496
2009-08-12 00:00:00-04:00,22245.75556404496
2009-08-13 00:00:00-04:00,22245.75556404496
2009-08-14 00:00:00-04:00,22245.75556404496
2009-08-17 00:00:00-04:00,22245.75556404496
2009-08-18 00:00:00-04:00,22245.75556404496
2009-08-19 00:00:00-04:00,22245.75556404496
2009-08-20 00:00:00-04:00,22245.75556404496
2009-08-21 00:00:00-04:00,22245.75556404496
2009-08-24 00:00:00-04:00,22245.75556404496
2009-08-25 00:00:00-04:00,22245.75556404496
2009-08-26 00:00:00-04:00,22242.102613530387
2009-08-27 00:00:00-04:00,22253.48750875132
2009-08-28 00:00:00-04:00,22252.26964447858
2009-08-31 00:00:00-04:00,22247.399991878287
2009-09-01 00:00:00-04:00,22115.509983163436
2009-09-02 00:00:00-04:00,22081.269718156138
2009-09-03 00:00:00-04:00,22152.887322496877
2009-09-04 00:00:00-04:00,22320.150328693526
2009-09-08 00:00:00-04:00,22393.863740451437
2009-09-09 00:00:00-04:00,22377.509292681716
2009-09-10 00:00:00-04:00,22476.339039454346
2009-09-11 00:00:00-04:00,22407.84643356433
2009-09-14 00:00:00-04:00,22481.97068672823
2009-09-15 00:00:00-04:00,22595.862842309427
2009-09-16 00:00:00-04:00,22595.862842309427
2009-09-17 00:00:00-04:00,22660.74309582365
2009-09-18 00:00:00-04:00,22633.209994045257
2009-09-21 00:00:00-04:00,22662.3265997166
2009-09-22 00:00:00-04:00,23023.035301774544
2009-09-23 00:00:00-04:00,22974.65650177186
2009-09-24 00:00:00-04:00,23169.036295022423
2009-09-25 00:00:00-04:00,22824.397656137502
2009-09-28 00:00:00-04:00,23082.798722886073
2009-09-29 00:00:00-04:00,23005.858143282734
2009-09-30 00:00:00-04:00,22975.854593376636
2009-10-01 00:00:00-04:00,22102.86976211994
2009-10-02 00:00:00-04:00,22189.219988350214
2009-10-05 00:00:00-04:00,21830.979479421712
2009-10-06 00:00:00-04:00,22357.155204562856
2009-10-07 00:00:00-04:00,22345.960098770083
2009-10-08 00:00:00-04:00,22984.092634719673
2009-10-09 00:00:00-04:00,22849.748488766018
2009-10-12 00:00:00-04:00,23046.718791842315
2009-10-13 00:00:00-04:00,23154.496349509936
2009-10-14 00:00:00-04:00,23339.9435659828
2009-10-15 00:00:00-04:00,24296.051086100488
2009-10-16 00:00:00-04:00,24028.334822682315
2009-10-19 00:00:00-04:00,23849.860589154545
2009-10-20 00:00:00-04:00,23862.61834098684
2009-10-21 00:00:00-04:00,24130.334604404998
2009-10-22 00:00:00-04:00,24143.082529984313
2009-10-23 00:00:00-04:00,25966.052264911617
2009-10-26 00:00:00-04:00,26807.438281068666
2009-10-27 00:00:00-04:00,26692.68729834899
2009-10-28 00:00:00-04:00,25966.052264911617
2009-10-29 00:00:00-04:00,26221.010776497467
2009-10-30 00:00:00-04:00,25596.362423112107
2009-11-02 00:00:00-05:00,25787.584582219177
2009-11-03 00:00:00-05:00,25341.397360690884
2009-11-04 00:00:00-05:00,26017.0537934818
2009-11-05 00:00:00-05:00,26539.71546681515
2009-11-06 00:00:00-05:00,26603.47147179996
2009-11-09 00:00:00-05:00,27202.637075697436
2009-11-10 00:00:00-05:00,27228.123100603
2009-11-11 00:00:00-05:00,27368.35355739291
2009-11-12 00:00:00-05:00,27674.31359754897
2009-11-13 00:00:00-05:00,28018.51413902521
2009-11-16 00:00:00-05:00,27903.779533393914
2009-11-17 00:00:00-05:00,28659.244793179954
2009-11-18 00:00:00-05:00,28800.097579327514
2009-11-19 00:00:00-05:00,28377.542496302485
2009-11-20 00:00:00-05:00,28172.668396338646
2009-11-23 00:00:00-05:00,28582.413320848646
2009-11-24 00:00:00-05:00,28544.01559948016
2009-11-25 00:00:00-05:00,28390.355930235208
2009-11-27 00:00:00-05:00,27660.50116122629
2009-11-30 00:00:00-05:00,27903.78280881158
2009-12-01 00:00:00-05:00,28672.048400859654
2009-12-02 00:00:00-05:00,28377.542496302485
2009-12-03 00:00:00-05:00,28441.57363637173
2009-12-04 00:00:00-05:00,28633.627751567503
2009-12-07 00:00:00-05:00,28390.355930235208
2009-12-08 00:00:00-05:00,28108.656908775418
2009-12-09 00:00:00-05:00,28287.91396712679
2009-12-10 00:00:00-05:00,28492.781516255272
2009-12-11 00:00:00-05:00,28467.18085173116
2009-12-14 00:00:00-05:00,28800.097579327514
2009-12-15 00:00:00-05:00,28684.858559374727
2009-12-16 00:00:00-05:00,28787.28414539479
2009-12-17 00:00:00-05:00,28147.054630143874
2009-12-18 00:00:00-05:00,29120.204148408782
2009-12-21 00:00:00-05:00,29325.07824837262
2009-12-22 00:00:00-05:00,29709.206131270155
2009-12-23 00:00:00-05:00,29837.261860573344
2009-12-24 00:00:00-05:00,29939.68744659341
2009-12-28 00:00:00-05:00,30157.37498048997
2009-12-29 00:00:00-05:00,30439.080552785104
2009-12-30 00:00:00-05:00,29888.466465039208
2009-12-31 00:00:00-05:00,29273.850715983062
2010-01-04 00:00:00-05:00,29875.6595819418
2010-01-05 00:00:00-05:00,29888.05875104879
2010-01-06 00:00:00-05:00,29660.298569181206
2010-01-07 00:00:00-05:00,29289.723215695718
2010-01-08 00:00:00-05:00,29524.353867419188
2010-01-11 00:00:00-05:00,29104.471661680414
2010-01-12 00:00:00-05:00,28897.51633868301
2010-01-13 00:00:00-05:00,29175.45787203645
2010-01-14 00:00:00-05:00,29755.595294791565
2010-01-15 00:00:00-05:00,29664.584372365483
2010-01-19 00:00:00-05:00,29873.324558750508
2010-01-20 00:00:00-05:00,29450.41153443727
2010-01-21 00:00:00-05:00,28992.754038585146
2010-01-22 00:00:00-05:00,28206.65554307794
2010-01-25 00:00:00-05:00,28474.144909790608
2010-01-26 00:00:00-05:00,28606.850529028234
2010-01-27 00:00:00-05:00,28731.18025749887
2010-01-28 00:00:00-05:00,28361.26981513675
2010-01-29 00:00:00-05:00,27689.44001925658
2010-02-01 00:00:00-05:00,27846.14357287866
2010-02-02 00:00:00-05:00,27880.013608922978
2010-02-03 00:00:00-05:00,27994.53509874524
2010-02-04 00:00:00-05:00,27465.37266936001
2010-02-05 00:00:00-05:00,27585.328039070147
2010-02-08 00:00:00-05:00,27386.35979935435
2010-02-09 00:00:00-05:00,27577.84426586669
2010-02-10 00:00:00-05:00,27564.70434931804
2010-02-11 00:00:00-05:00,27649.50760927581
2010-02-12 00:00:00-05:00,27526.460616827317
2010-02-16 00:00:00-05:00,27904.108823962517
2010-02-17 00:00:00-05:00,28077.35516621392
2010-02-18 00:00:00-05:00,28364.977251241624
2010-02-19 00:00:00-05:00,28206.70069008603
2010-02-22 00:00:00-05:00,28175.228457515543
2010-02-23 00:00:00-05:00,27862.32938982403
2010-02-24 00:00:00-05:00,28095.86576809024
2010-02-25 00:00:00-05:00,28072.640103294892
2010-02-26 00:00:00-05:00,28126.849096776314
2010-03-01 00:00:00-05:00,28397.923643481357
2010-03-02 00:00:00-05:00,27964.202396800072
2010-03-03 00:00:00-05:00,27964.202396800072
2010-03-04 00:00:00-05:00,28095.86576809024
2010-03-05 00:00:00-05:00,28064.880467450974
2010-03-08 00:00:00-05:00,28095.86576809024
2010-03-09 00:00:00-05:00,28227.527167427215
2010-03-10 00:00:00-05:00,28359.19448262378
2010-03-11 00:00:00-05:00,28521.84512650642
2010-03-12 00:00:00-05:00,28591.53000870526
2010-03-15 00:00:00-04:00,28607.03153281429
2010-03-16 00:00:00-04:00,28669.000162139608
2010-03-17 00:00:00-04:00,28870.358275394625
2010-03-18 00:00:00-04:00,28854.87252691119
2010-03-19 00:00:00-04:00,28839.378890614957
2010-03-22 00:00:00-04:00,28847.12275083328
2010-03-23 00:00:00-04:00,29063.98830405692
2010-03-24 00:00:00-04:00,28885.851911690857
2010-03-25 00:00:00-04:00,29164.664402754628
2010-03-26 00:00:00-04:00,28893.59379995597
2010-03-29 00:00:00-04:00,28839.378890614957
2010-03-30 00:00:00-04:00,28978.792037983047
2010-03-31 00:00:00-04:00,28607.03153281429
2010-04-01 00:00:00-04:00,28506.34951825699
2010-04-05 00:00:00-04:00,28591.53000870526
2010-04-06 00:00:00-04:00,28630.267057375633
2010-04-07 00:00:00-04:00,28653.50652584339
2010-04-08 00:00:00-04:00,29094.967688836594
2010-04-09 00:00:00-04:00,29420.25517292945
2010-04-12 00:00:00-04:00,29404.763508586417
2010-04-13 00:00:00-04:00,29505.45341095652
2010-04-14 00:00:00-04:00,29792.013706145008
2010-04-15 00:00:00-04:00,29830.736951142986
2010-04-16 00:00:00-04:00,29675.83411138507
2010-04-19 00:00:00-04:00,29962.400322433154
2010-04-20 00:00:00-04:00,30210.237372623662
2010-04-21 00:00:00-04:00,30187.005791968717
2010-04-22 00:00:00-04:00,30233.474869138212
2010-04-23 00:00:00-04:00,29900.44746873343
2010-04-26 00:00:00-04:00,30016.617203727365
2010-04-27 00:00:00-04:00,29815.243314846753
2010-04-28 00:00:00-04:00,29861.720279829053
2010-04-29 00:00:00-04:00,29931.418965700293
2010-04-30 00:00:00-04:00,29575.15406878096
2010-05-03 00:00:00-04:00,29822.991118971477
2010-05-04 00:00:00-04:00,29257.602557093618
2010-05-05 00:00:00-04:00,29040.754751448774
2010-05-06 00:00:00-04:00,28366.9363708889
2010-05-07 00:00:00-04:00,27770.58419985698
2010-05-10 00:00:00-04:00,28335.960930015637
2010-05-11 00:00:00-04:00,28289.49974065894
2010-05-12 00:00:00-04:00,28723.21112757422
2010-05-13 00:00:00-04:00,28568.3043439099
2010-05-14 00:00:00-04:00,28328.22101370372
2010-05-17 00:00:00-04:00,28335.960930015637
2010-05-18 00:00:00-04:00,28172.578691495626
2010-05-19 00:00:00-04:00,27892.51006624315
2010-05-20 00:00:00-04:00,27013.383750167675
2010-05-21 00:00:00-04:00,26803.32143548572
2010-05-24 00:00:00-04:00,26359.856768040816
2010-05-25 00:00:00-04:00,26204.269660522332
2010-05-26 00:00:00-04:00,25379.596860125137
2010-05-27 00:00:00-04:00,26189.390443752796
2010-05-28 00:00:00-04:00,26025.80294270208
2010-06-01 00:00:00-04:00,26099.415452205067
2010-06-02 00:00:00-04:00,26565.665331787175
2010-06-03 00:00:00-04:00,26878.911511533246
2010-06-04 00:00:00-04:00,26077.80572288255
2010-06-07 00:00:00-04:00,25720.550855905436
2010-06-08 00:00:00-04:00,25598.060944824683
2010-06-09 00:00:00-04:00,25367.56674261896
2010-06-10 00:00:00-04:00,25519.787080101967
2010-06-11 00:00:00-04:00,26001.1241995257
2010-06-14 00:00:00-04:00,25890.104132852815
2010-06-15 00:00:00-04:00,26643.7509688914
2010-06-16 00:00:00-04:00,26471.743393047538
2010-06-17 00:00:00-04:00,26504.916326612743
2010-06-18 00:00:00-04:00,26548.815635798353
2010-06-21 00:00:00-04:00,26259.181380523034
2010-06-22 00:00:00-04:00,26159.270423000264
2010-06-23 00:00:00-04:00,25902.608201608586
2010-06-24 00:00:00-04:00,25740.845251801402
2010-06-25 00:00:00-04:00,25493.43987489822
2010-06-28 00:00:00-04:00,25376.39433217144
2010-06-29 00:00:00-04:00,24879.04369655247
2010-06-30 00:00:00-04:00,24727.435522160187
2010-07-01 00:00:00-04:00,24797.9947706022
2010-07-02 00:00:00-04:00,24845.83644844433
2010-07-06 00:00:00-04:00,25065.74506911449
2010-07-07 00:00:00-04:00,25277.81032288939
2010-07-08 00:00:00-04:00,25330.931253775547
2010-07-09 00:00:00-04:00,25257.58760853245
2010-07-12 00:00:00-04:00,25574.053972057998
2010-07-13 00:00:00-04:00,25755.67238097379
2010-07-14 00:00:00-04:00,25955.6931218596
2010-07-15 00:00:00-04:00,26003.610511984225
2010-07-16 00:00:00-04:00,25554.906252546934
2010-07-19 00:00:00-04:00,25814.62634417349
2010-07-20 00:00:00-04:00,26015.516779459023
2010-07-21 00:00:00-04:00,25712.122777763114
2010-07-22 00:00:00-04:00,26347.568542353634
2010-07-23 00:00:00-04:00,26319.92521136975
2010-07-26 00:00:00-04:00,26587.099709977752
2010-07-27 00:00:00-04:00,26642.37703140457
2010-07-28 00:00:00-04:00,26448.91574695168
2010-07-29 00:00:00-04:00,26522.612615160135
2010-07-30 00:00:00-04:00,26319.92521136975
2010-08-02 00:00:00-04:00,26798.996887158937
2010-08-03 00:00:00-04:00,26642.37703140457
2010-08-04 00:00:00-04:00,26246.221337755574
2010-08-05 00:00:00-04:00,25914.57609027664
2010-08-06 00:00:00-04:00,26080.40104915136
2010-08-09 00:00:00-04:00,26135.673700307685
2010-08-10 00:00:00-04:00,25638.173137195896
2010-08-11 00:00:00-04:00,25444.714187878257
2010-08-12 00:00:00-04:00,25103.847491332293
2010-08-13 00:00:00-04:00,25020.933844327315
2010-08-16 00:00:00-04:00,25113.066605264074
2010-08-17 00:00:00-04:00,25427.95959252352
2010-08-18 00:00:00-04:00,25529.855553903224
2010-08-19 00:00:00-04:00,25177.889959556414
2010-08-20 00:00:00-04:00,24983.394210191735
2010-08-23 00:00:00-04:00,25029.71161769853
2010-08-24 00:00:00-04:00,24807.416083288816
2010-08-25 00:00:00-04:00,24862.994637161726
2010-08-26 00:00:00-04:00,24592.040823684525
2010-08-27 00:00:00-04:00,24703.09752070284
2010-08-30 00:00:00-04:00,24398.184784498255
2010-08-31 00:00:00-04:00,24212.239478887204
2010-09-01 00:00:00-04:00,24700.87295199786
2010-09-02 00:00:00-04:00,24748.006180895405
2010-09-03 00:00:00-04:00,25174.996495431653
2010-09-07 00:00:00-04:00,24758.820989831
2010-09-08 00:00:00-04:00,24719.727903202765
2010-09-09 00:00:00-04:00,24827.30623111337
2010-09-10 00:00:00-04:00,24605.49586827073
2010-09-13 00:00:00-04:00,26405.081215204373
2010-09-14 00:00:00-04:00,26290.830744698804
2010-09-15 00:00:00-04:00,26419.37332682302
2010-09-16 00:00:00-04:00,26719.313220316515
2010-09-17 00:00:00-04:00,26562.19001589014
2010-09-20 00:00:00-04:00,26862.133510318774
2010-09-21 00:00:00-04:00,26462.21365232746
2010-09-22 00:00:00-04:00,25690.968962387582
2010-09-23 00:00:00-04:00,25433.87659626885
2010-09-24 00:00:00-04:00,25933.765615952536
2010-09-27 00:00:00-04:00,25862.34466814593
2010-09-28 00:00:00-04:00,25790.945325950262
2010-09-29 00:00:00-04:00,25533.86016170183
2010-09-30 00:00:00-04:00,25519.575251953473
2010-10-01 00:00:00-04:00,25362.459249397405
2010-10-04 00:00:00-04:00,24691.198124890507
2010-10-05 00:00:00-04:00,25320.3416494309
2010-10-06 00:00:00-04:00,25434.722204712394
2010-10-07 00:00:00-04:00,25577.723134060325
2010-10-08 00:00:00-04:00,25634.917016736224
2010-10-11 00:00:00-04:00,25663.504945486304
2010-10-12 00:00:00-04:00,26006.671846576857
2010-10-13 00:00:00-04:00,26735.90917209402
2010-10-14 00:00:00-04:00,26578.621488441342
2010-10-15 00:00:00-04:00,27021.75400745644
2010-10-18 00:00:00-04:00,27421.61393993837
2010-10-19 00:00:00-04:00,26394.46426644994
2010-10-20 00:00:00-04:00,26694.062925839746
2010-10-21 00:00:00-04:00,26850.998589554612
2010-10-22 00:00:00-04:00,26793.932710461428
2010-10-25 00:00:00-04:00,26522.625633062155
2010-10-26 00:00:00-04:00,27536.419069620257
2010-10-27 00:00:00-04:00,27750.601288611935
2010-10-28 00:00:00-04:00,28079.015224400377
2010-10-29 00:00:00-04:00,28620.68484090112
2010-11-01 00:00:00-04:00,29009.54963016767
2010-11-02 00:00:00-04:00,29602.966210496837
2010-11-03 00:00:00-04:00,29132.20758284712
2010-11-04 00:00:00-04:00,29276.04271243506
2010-11-05 00:00:00-04:00,28909.32418238464
2010-11-08 00:00:00-05:00,28858.75627825047
2010-11-09 00:00:00-05:00,29035.777418730017
2010-11-10 00:00:00-05:00,29023.13942793575
2010-11-11 00:00:00-05:00,28705.32143381858
2010-11-12 00:00:00-05:00,28221.12757733607
2010-11-15 00:00:00-05:00,28141.349685097048
2010-11-16 00:00:00-05:00,27887.173153255084
2010-11-17 00:00:00-05:00,27622.43961379674
2010-11-18 00:00:00-05:00,27919.96042906202
2010-11-19 00:00:00-05:00,27754.81735588127
2010-11-22 00:00:00-05:00,27798.83345527541
2010-11-23 00:00:00-05:00,27128.814892054877
2010-11-24 00:00:00-05:00,27403.339276232662
2010-11-26 00:00:00-05:00,27271.604666414794
2010-11-29 00:00:00-05:00,27337.423931958838
2010-11-30 00:00:00-05:00,27282.56180312694
2010-12-01 00:00:00-05:00,28169.50709720899
2010-12-02 00:00:00-05:00,29136.06626588352
2010-12-03 00:00:00-05:00,29283.90187939845
2010-12-06 00:00:00-05:00,29079.21956587922
2010-12-07 00:00:00-05:00,29113.330435340453
2010-12-08 00:00:00-05:00,29522.6950623789
2010-12-09 00:00:00-05:00,29352.12646777954
2010-12-10 00:00:00-05:00,29647.774899140233
2010-12-13 00:00:00-05:00,29545.425194004674
2010-12-14 00:00:00-05:00,29966.179107254502
2010-12-15 00:00:00-05:00,30227.722368071263
2010-12-16 00:00:00-05:00,30386.904525917882
2010-12-17 00:00:00-05:00,30284.574766992853
2010-12-20 00:00:00-05:00,30182.23076077459
2010-12-21 00:00:00-05:00,30477.88489105257
2010-12-22 00:00:00-05:00,30614.328368897462
2010-12-23 00:00:00-05:00,30739.428151869317
2010-12-27 00:00:00-05:00,30477.88489105257
2010-12-28 00:00:00-05:00,30409.66600158876
2010-12-29 00:00:00-05:00,30364.1686953748
2010-12-30 00:00:00-05:00,30227.722368071263
2010-12-31 00:00:00-05:00,30295.9555048283
2011-01-03 00:00:00-05:00,30375.552282668898
2011-01-04 00:00:00-05:00,30496.028947683488
2011-01-05 00:00:00-05:00,30401.257239338265
2011-01-06 00:00:00-05:00,31230.347800509327
2011-01-07 00:00:00-05:00,31017.267884706664
2011-01-10 00:00:00-05:00,30665.51275002076
2011-01-11 00:00:00-05:00,30568.325943672935
2011-01-12 00:00:00-05:00,30938.605248176158
2011-01-13 00:00:00-05:00,30650.554194719254
2011-01-14 00:00:00-05:00,30733.958330503745
2011-01-18 00:00:00-05:00,30991.744069090695
2011-01-19 00:00:00-05:00,30863.652608791424
2011-01-20 00:00:00-05:00,30787.814359250544
2011-01-21 00:00:00-05:00,30579.254422036916
2011-01-24 00:00:00-05:00,30806.767587000824
2011-01-25 00:00:00-05:00,30851.01659573833
2011-01-26 00:00:00-05:00,31059.570198317015
2011-01-27 00:00:00-05:00,31116.44730181394
2011-01-28 00:00:00-05:00,30408.621527887408
2011-01-31 00:00:00-05:00,30395.98393117557
2011-02-01 00:00:00-05:00,30560.291692334227
2011-02-02 00:00:00-05:00,30528.699284213377
2011-02-03 00:00:00-05:00,30345.425626034565
2011-02-04 00:00:00-05:00,30421.260708257978
2011-02-07 00:00:00-05:00,30693.011796348233
2011-02-08 00:00:00-05:00,30743.57010148924
2011-02-09 00:00:00-05:00,30547.65567928113
2011-02-10 00:00:00-05:00,30250.62623044973
2011-02-11 00:00:00-05:00,30103.139092978454
2011-02-14 00:00:00-05:00,30091.347394784454
2011-02-15 00:00:00-05:00,30026.07398157742
2011-02-16 00:00:00-05:00,30061.68115546448
2011-02-17 00:00:00-05:00,30174.42439493502
2011-02-18 00:00:00-05:00,30085.409416641633
2011-02-22 00:00:00-05:00,29806.516611506355
2011-02-23 00:00:00-05:00,29806.516611506362
2011-02-24 00:00:00-05:00,29906.112671302777
2011-02-25 00:00:00-05:00,29793.104009289076
2011-02-28 00:00:00-05:00,29807.341406712287
2011-03-01 00:00:00-05:00,29608.066301470288
2011-03-02 00:00:00-05:00,29573.31131788029
2011-03-03 00:00:00-05:00,29625.4470401808
2011-03-04 00:00:00-05:00,29526.799522005043
2011-03-07 00:00:00-05:00,29436.039322958422
2011-03-08 00:00:00-05:00,29511.016037052847
2011-03-09 00:00:00-05:00,29503.123803093746
2011-03-10 00:00:00-05:00,29313.720017735344
2011-03-11 00:00:00-05:00,29430.883394608267
2011-03-14 00:00:00-04:00,29435.221457711596
2011-03-15 00:00:00-04:00,29305.039567518616
2011-03-16 00:00:00-04:00,29021.044694881202
2011-03-17 00:00:00-04:00,29015.908361637703
2011-03-18 00:00:00-04:00,29026.990834909375
2011-03-21 00:00:00-04:00,29341.99343991399
2011-03-22 00:00:00-04:00,29322.970519376046
2011-03-23 00:00:00-04:00,29484.577026459083
2011-03-24 00:00:00-04:00,29676.956147033314
2011-03-25 00:00:00-04:00,29541.578839012625
2011-03-28 00:00:00-04:00,29391.95418397755
2011-03-29 00:00:00-04:00,29448.99179720183
2011-03-30 00:00:00-04:00,29534.51389856374
2011-03-31 00:00:00-04:00,29386.268882114615
2011-04-01 00:00:00-04:00,29446.936860115857
2011-04-04 00:00:00-04:00,29494.133118830367
2011-04-05 00:00:00-04:00,29648.999051040824
2011-04-06 00:00:00-04:00,29883.454026217005
2011-04-07 00:00:00-04:00,29913.152750025067
2011-04-08 00:00:00-04:00,29841.118555010013
2011-04-11 00:00:00-04:00,29794.83597929422
2011-04-12 00:00:00-04:00,29619.982721920365
2011-04-13 00:00:00-04:00,29614.835231422236
2011-04-14 00:00:00-04:00,29498.648450506385
2011-04-15 00:00:00-04:00,29469.022049277344
2011-04-18 00:00:00-04:00,29285.72602299934
2011-04-19 00:00:00-04:00,29332.763661262856
2011-04-20 00:00:00-04:00,29766.885888460245
2011-04-21 00:00:00-04:00,29586.767520337584
2011-04-25 00:00:00-04:00,29657.82820094761
2011-04-26 00:00:00-04:00,30138.495843310084
2011-04-27 00:00:00-04:00,30295.9582110716
2011-04-28 00:00:00-04:00,30569.43483313969
2011-04-29 00:00:00-04:00,29914.747873774853
2011-05-02 00:00:00-04:00,29699.265992114983
2011-05-03 00:00:00-04:00,29823.5793656171
2011-05-04 00:00:00-04:00,30040.452623492805
2011-05-05 00:00:00-04:00,29806.231060888815
2011-05-06 00:00:00-04:00,29878.73055761399
2011-05-09 00:00:00-04:00,29840.927565927574
2011-05-10 00:00:00-04:00,29683.54953921406
2011-05-11 00:00:00-04:00,29366.5628924403
2011-05-12 00:00:00-04:00,29324.077590136454
2011-05-13 00:00:00-04:00,29004.636646872154
2011-05-16 00:00:00-04:00,28479.572789083875
2011-05-17 00:00:00-04:00,28610.45182109983
2011-05-18 00:00:00-04:00,28819.677463359687
2011-05-19 00:00:00-04:00,28857.81382954568
2011-05-20 00:00:00-04:00,28556.131720999256
2011-05-23 00:00:00-04:00,28123.336242303034
2011-05-24 00:00:00-04:00,28095.463357490138
2011-05-25 00:00:00-04:00,28152.868752202012
2011-05-26 00:00:00-04:00,28861.64782191087
2011-05-27 00:00:00-04:00,28998.18461237011
2011-05-31 00:00:00-04:00,29387.56503182245
2011-06-01 00:00:00-04:00,28484.217106473967
2011-06-02 00:00:00-04:00,28157.12830290391
2011-06-03 00:00:00-04:00,27674.29118623212
2011-06-06 00:00:00-04:00,27830.05491805067
2011-06-07 00:00:00-04:00,27907.923292582724
2011-06-08 00:00:00-04:00,27721.009898143842
2011-06-09 00:00:00-04:00,27752.16727012259
2011-06-10 00:00:00-04:00,27362.786850670258
2011-06-13 00:00:00-04:00,27876.773629962387
2011-06-14 00:00:00-04:00,28157.12830290391
2011-06-15 00:00:00-04:00,27409.513271940355
2011-06-16 00:00:00-04:00,27814.48201408008
2011-06-17 00:00:00-04:00,28219.427628144593
2011-06-20 00:00:00-04:00,28546.50872235626
2011-06-21 00:00:00-04:00,28998.18461237011
2011-06-22 00:00:00-04:00,28826.863395297783
2011-06-23 00:00:00-04:00,28795.702168639844
2011-06-24 00:00:00-04:00,28281.726953385303
2011-06-27 00:00:00-04:00,29683.492608734552
2011-06-28 00:00:00-04:00,30618.01717945779
2011-06-29 00:00:00-04:00,30337.643233120252
2011-06-30 00:00:00-04:00,30929.506096302874
2011-07-01 00:00:00-04:00,30960.65575892321
2011-07-05 00:00:00-04:00,30976.2170988562
2011-07-06 00:00:00-04:00,31443.496730274208
2011-07-07 00:00:00-04:00,32128.80858131787
2011-07-08 00:00:00-04:00,32362.41755959327
2011-07-11 00:00:00-04:00,31910.74552425863
2011-07-12 00:00:00-04:00,31770.56240576906
2011-07-13 00:00:00-04:00,31910.74552425863
2011-07-14 00:00:00-04:00,31661.548223295846
2011-07-15 00:00:00-04:00,32144.373775930035
2011-07-18 00:00:00-04:00,31848.438489659537
2011-07-19 00:00:00-04:00,33328.08408357846
2011-07-20 00:00:00-04:00,32599.483236539265
2011-07-21 00:00:00-04:00,32660.20560875655
2011-07-22 00:00:00-04:00,33312.90349052413
2011-07-25 00:00:00-04:00,33874.65231250778
2011-07-26 00:00:00-04:00,34119.03632420594
2011-07-27 00:00:00-04:00,33071.278943342775
2011-07-28 00:00:00-04:00,33600.291748865006
2011-07-29 00:00:00-04:00,33178.93957271352
2011-08-01 00:00:00-04:00,33012.93771238628
2011-08-02 00:00:00-04:00,32431.30627727922
2011-08-03 00:00:00-04:00,32579.799057954668
2011-08-04 00:00:00-04:00,31367.033489653397
2011-08-05 00:00:00-04:00,31055.575996713713
2011-08-08 00:00:00-04:00,29618.74814247888
2011-08-09 00:00:00-04:00,30980.780528143092
2011-08-10 00:00:00-04:00,29272.811422499304
2011-08-11 00:00:00-04:00,30499.897619121693
2011-08-12 00:00:00-04:00,30388.324607942777
2011-08-15 00:00:00-04:00,30912.95850003384
2011-08-16 00:00:00-04:00,30912.961763962652
2011-08-17 00:00:00-04:00,30776.295653441644
2011-08-18 00:00:00-04:00,29960.70708598489
2011-08-19 00:00:00-04:00,29063.740423668438
2011-08-22 00:00:00-04:00,28959.54276378057
2011-08-23 00:00:00-04:00,30062.506987162844
2011-08-24 00:00:00-04:00,30330.92045691402
2011-08-25 00:00:00-04:00,29838.773470732296
2011-08-26 00:00:00-04:00,30853.08790394882
2011-08-29 00:00:00-04:00,31732.776230848787
2011-08-30 00:00:00-04:00,32314.00835404754
2011-08-31 00:00:00-04:00,32864.85083579307
2011-09-01 00:00:00-04:00,32299.647328983134
2011-09-02 00:00:00-04:00,31705.47045066608
2011-09-06 00:00:00-04:00,31273.950490746567
2011-09-07 00:00:00-04:00,32022.289633407607
2011-09-08 00:00:00-04:00,32366.707234504465
2011-09-09 00:00:00-04:00,31615.204794081954
2011-09-12 00:00:00-04:00,31849.992743076575
2011-09-13 00:00:00-04:00,32090.57834172767
2011-09-14 00:00:00-04:00,32810.29149679966
2011-09-15 00:00:00-04:00,33557.768124681344
2011-09-16 00:00:00-04:00,33750.99013909582
2011-09-19 00:00:00-04:00,33881.20144937301
2011-09-20 00:00:00-04:00,33557.613799055514
2011-09-21 00:00:00-04:00,32204.452491137767
2011-09-22 00:00:00-04:00,30970.927959780813
2011-09-23 00:00:00-04:00,30970.927959780813
2011-09-26 00:00:00-04:00,31474.017308235256
2011-09-27 00:00:00-04:00,31778.180702693237
2011-09-28 00:00:00-04:00,31662.81888427437
2011-09-29 00:00:00-04:00,31501.53592497205
2011-09-30 00:00:00-04:00,30808.065701515516
2011-10-03 00:00:00-04:00,30362.810260560742
2011-10-04 00:00:00-04:00,31363.964094357703
2011-10-05 00:00:00-04:00,32043.038617307982
2011-10-06 00:00:00-04:00,32580.347695712888
2011-10-07 00:00:00-04:00,32472.887641960973
2011-10-10 00:00:00-04:00,33296.76567334964
2011-10-11 00:00:00-04:00,33368.40570918425
2011-10-12 00:00:00-04:00,33320.65449493984
2011-10-13 00:00:00-04:00,33583.334626333424
2011-10-14 00:00:00-04:00,33690.797616633776
2011-10-17 00:00:00-04:00,33344.52276069094
2011-10-18 00:00:00-04:00,33738.56057707195
2011-10-19 00:00:00-04:00,33523.62872337435
2011-10-20 00:00:00-04:00,33416.17747926777
2011-10-21 00:00:00-04:00,33559.466360582315
2011-10-24 00:00:00-04:00,33595.28344195118
2011-10-25 00:00:00-04:00,33141.548532256435
2011-10-26 00:00:00-04:00,32878.86252776599
2011-10-27 00:00:00-04:00,33666.908795043564
2011-10-28 00:00:00-04:00,33344.52276069094
2011-10-31 00:00:00-04:00,32926.619615107265
2011-11-01 00:00:00-04:00,32162.44455012922
2011-11-02 00:00:00-04:00,32186.3245620741
2011-11-03 00:00:00-04:00,32807.22542847981
2011-11-04 00:00:00-04:00,32472.887641960973
2011-11-07 00:00:00-05:00,33129.605589735555
2011-11-08 00:00:00-05:00,33559.466360582315
2011-11-09 00:00:00-05:00,32413.190548647246
2011-11-10 00:00:00-05:00,32508.71353297517
2011-11-11 00:00:00-05:00,33260.95740162611
2011-11-14 00:00:00-05:00,33081.84262929737
2011-11-15 00:00:00-05:00,33298.38371154218
2011-11-16 00:00:00-05:00,32492.3657677886
2011-11-17 00:00:00-05:00,31854.753004189297
2011-11-18 00:00:00-05:00,31566.025688099355
2011-11-21 00:00:00-05:00,31205.13563055179
2011-11-22 00:00:00-05:00,30944.101425877554
2011-11-23 00:00:00-05:00,30533.41986657158
2011-11-25 00:00:00-05:00,30308.308492445663
2011-11-28 00:00:00-05:00,31086.56467209944
2011-11-29 00:00:00-05:00,31044.39756082619
2011-11-30 00:00:00-05:00,32114.326449994776
2011-12-01 00:00:00-05:00,31668.846762012974
2011-12-02 00:00:00-05:00,31577.374436194485
2011-12-05 00:00:00-05:00,32328.17085302271
2011-12-06 00:00:00-05:00,32264.036311072734
2011-12-07 00:00:00-05:00,32165.52383491162
2011-12-08 00:00:00-05:00,31837.123529381883
2011-12-09 00:00:00-05:00,32329.729999911564
2011-12-12 00:00:00-05:00,32017.74309619973
2011-12-13 00:00:00-05:00,32428.254500542884
2011-12-14 00:00:00-05:00,32149.218933845164
2011-12-15 00:00:00-05:00,32100.04471873364
2011-12-16 00:00:00-05:00,32821.005078563365
2011-12-19 00:00:00-05:00,32052.512210907553
2011-12-20 00:00:00-05:00,32869.49290856229
2011-12-21 00:00:00-05:00,32428.863977643683
2011-12-22 00:00:00-05:00,32510.400643002584
2011-12-23 00:00:00-05:00,32869.02317177088
2011-12-27 00:00:00-05:00,32885.32235650869
2011-12-28 00:00:00-05:00,32527.55887945756
2011-12-29 00:00:00-05:00,32852.16390045438
2011-12-30 00:00:00-05:00,32754.991474891896
2012-01-03 00:00:00-05:00,34064.91641564298
2012-01-04 00:00:00-05:00,35058.26244481598
2012-01-05 00:00:00-05:00,35488.26056621349
2012-01-06 00:00:00-05:00,36131.456368529114
2012-01-09 00:00:00-05:00,35592.43522756872
2012-01-10 00:00:00-05:00,35734.27981863074
2012-01-11 00:00:00-05:00,35564.064924425715
2012-01-12 00:00:00-05:00,35961.22839446877
2012-01-13 00:00:00-05:00,36306.056570641296
2012-01-17 00:00:00-05:00,36319.466008169285
2012-01-18 00:00:00-05:00,36280.429747190516
2012-01-19 00:00:00-05:00,36137.31267028669
2012-01-20 00:00:00-05:00,38143.842466488735
2012-01-23 00:00:00-05:00,38168.30536273887
2012-01-24 00:00:00-05:00,37691.32068236443
2012-01-25 00:00:00-05:00,37960.38268647078
2012-01-26 00:00:00-05:00,37887.00295411391
2012-01-27 00:00:00-05:00,37556.77176752416
2012-01-30 00:00:00-05:00,38021.54589802516
2012-01-31 00:00:00-05:00,37923.69729848912
2012-02-01 00:00:00-05:00,38363.99061995286
2012-02-02 00:00:00-05:00,38434.96396895429
2012-02-03 00:00:00-05:00,38766.327699289046
2012-02-06 00:00:00-05:00,38722.21894327657
2012-02-07 00:00:00-05:00,38887.657742228526
2012-02-08 00:00:00-05:00,39229.6177256621
2012-02-09 00:00:00-05:00,39346.59060234731
2012-02-10 00:00:00-05:00,39070.39228693234
2012-02-13 00:00:00-05:00,39148.93813704639
2012-02-14 00:00:00-05:00,39025.659766168
2012-02-15 00:00:00-05:00,38835.99206573982
2012-02-16 00:00:00-05:00,40011.93502805171
2012-02-17 00:00:00-05:00,39973.99366879882
2012-02-21 00:00:00-05:00,40154.18637831161
2012-02-22 00:00:00-05:00,39992.97814695571
2012-02-23 00:00:00-05:00,40087.7993485169
2012-02-24 00:00:00-05:00,40192.11623878914
2012-02-27 00:00:00-05:00,40068.83786791074
2012-02-28 00:00:00-05:00,40561.98124824029
2012-02-29 00:00:00-05:00,40438.700577606825
2012-03-01 00:00:00-05:00,40960.282729212966
2012-03-02 00:00:00-05:00,40761.128539094025
2012-03-05 00:00:00-05:00,40495.58731918034
2012-03-06 00:00:00-05:00,40267.98745851955
2012-03-07 00:00:00-05:00,40533.52407892309
2012-03-08 00:00:00-05:00,40694.74840856452
2012-03-09 00:00:00-05:00,40675.7846282033
2012-03-12 00:00:00-04:00,40723.19637886142
2012-03-13 00:00:00-04:00,41320.65204995306
2012-03-14 00:00:00-04:00,41415.48475028961
2012-03-15 00:00:00-04:00,41491.358269775104
2012-03-16 00:00:00-04:00,41254.26502015833
2012-03-19 00:00:00-04:00,40874.931919057024
2012-03-20 00:00:00-04:00,40675.7846282033
2012-03-21 00:00:00-04:00,40599.91340847289
2012-03-22 00:00:00-04:00,40685.26421862883
2012-03-23 00:00:00-04:00,40694.74840856452
2012-03-26 00:00:00-04:00,41244.792328998024
2012-03-27 00:00:00-04:00,41178.402999448226
2012-03-28 00:00:00-04:00,40865.45002887641
2012-03-29 00:00:00-04:00,40799.06989834691
2012-03-30 00:00:00-04:00,40931.82785965083
2012-04-02 00:00:00-04:00,40960.282729212966
2012-04-03 00:00:00-04:00,40642.45796366647
2012-04-04 00:00:00-04:00,40009.19638958922
2012-04-05 00:00:00-04:00,40265.3623398177
2012-04-09 00:00:00-04:00,39935.69737320635
2012-04-10 00:00:00-04:00,39466.696524584506
2012-04-11 00:00:00-04:00,39382.220957433536
2012-04-12 00:00:00-04:00,39800.90818970362
2012-04-13 00:00:00-04:00,39694.69919007405
2012-04-16 00:00:00-04:00,39852.59914491475
2012-04-17 00:00:00-04:00,40049.04589426496
2012-04-18 00:00:00-04:00,39897.110626943504
2012-04-19 00:00:00-04:00,39831.275818359245
2012-04-20 00:00:00-04:00,40545.36457433342
2012-04-23 00:00:00-04:00,40393.4354477459
2012-04-24 00:00:00-04:00,40292.14158509122
2012-04-25 00:00:00-04:00,40423.00711693849
2012-04-26 00:00:00-04:00,40384.481745287645
2012-04-27 00:00:00-04:00,40333.955265384604
2012-04-30 00:00:00-04:00,40347.95658153918
2012-05-01 00:00:00-04:00,40344.851194064846
2012-05-02 00:00:00-04:00,40287.76139036887
2012-05-03 00:00:00-04:00,40278.451596892315
2012-05-04 00:00:00-04:00,40127.31291733778
2012-05-07 00:00:00-04:00,40076.13033089657
2012-05-08 00:00:00-04:00,40058.66265943362
2012-05-09 00:00:00-04:00,40078.80252949259
2012-05-10 00:00:00-04:00,40078.02698151971
2012-05-11 00:00:00-04:00,40078.02698151971
2012-05-14 00:00:00-04:00,40078.02698151971
2012-05-15 00:00:00-04:00,40078.02698151971
2012-05-16 00:00:00-04:00,40078.02698151971
2012-05-17 00:00:00-04:00,40078.02698151971
2012-05-18 00:00:00-04:00,40078.02698151971
2012-05-21 00:00:00-04:00,40078.02698151971
2012-05-22 00:00:00-04:00,40078.02698151971
2012-05-23 00:00:00-04:00,40078.02698151971
2012-05-24 00:00:00-04:00,40078.02698151971
2012-05-25 00:00:00-04:00,40077.68387412867
2012-05-29 00:00:00-04:00,40112.08836521515
2012-05-30 00:00:00-04:00,40089.50794979347
2012-05-31 00:00:00-04:00,40068.998726395
2012-06-01 00:00:00-04:00,39942.47337122349
2012-06-04 00:00:00-04:00,39963.086838045114
2012-06-05 00:00:00-04:00,39953.438753511546
2012-06-06 00:00:00-04:00,40185.47534972169
2012-06-07 00:00:00-04:00,40148.236425261945
2012-06-08 00:00:00-04:00,40292.935725953546
2012-06-11 00:00:00-04:00,40034.54969051296
2012-06-12 00:00:00-04:00,40168.910362541115
2012-06-13 00:00:00-04:00,40113.78760990806
2012-06-14 00:00:00-04:00,40186.13560022999
2012-06-15 00:00:00-04:00,40420.406468908535
2012-06-18 00:00:00-04:00,40358.393787202316
2012-06-19 00:00:00-04:00,40654.67816759901
2012-06-20 00:00:00-04:00,40733.91608699411
2012-06-21 00:00:00-04:00,40461.74687335946
2012-06-22 00:00:00-04:00,40654.67816759901
2012-06-25 00:00:00-04:00,40368.727435794164
2012-06-26 00:00:00-04:00,40420.406468908535
2012-06-27 00:00:00-04:00,40472.0830119871
2012-06-28 00:00:00-04:00,40382.507293940485
2012-06-29 00:00:00-04:00,40616.7798226429
2012-07-02 00:00:00-04:00,40606.44617405106
2012-07-03 00:00:00-04:00,40675.34629479464
2012-07-05 00:00:00-04:00,40654.67816759901
2012-07-06 00:00:00-04:00,40478.97211104833
2012-07-09 00:00:00-04:00,40413.51819985924
2012-07-10 00:00:00-04:00,40323.943311824565
2012-07-11 00:00:00-04:00,40172.35325204786
2012-07-12 00:00:00-04:00,39941.531082959606
2012-07-13 00:00:00-04:00,40203.360837918866
2012-07-16 00:00:00-04:00,40220.58856564356
2012-07-17 00:00:00-04:00,40296.38027548416
2012-07-18 00:00:00-04:00,40568.548659106884
2012-07-19 00:00:00-04:00,40644.340368947494
2012-07-20 00:00:00-04:00,40454.8619243579
2012-07-23 00:00:00-04:00,40165.465813010494
2012-07-24 00:00:00-04:00,40120.67670896929
2012-07-25 00:00:00-04:00,40010.43286372705
2012-07-26 00:00:00-04:00,40124.12374853571
2012-07-27 00:00:00-04:00,40330.83656094546
2012-07-30 00:00:00-04:00,40289.490346410996
2012-07-31 00:00:00-04:00,40230.923044247334
2012-08-01 00:00:00-04:00,40210.253257027834
2012-08-02 00:00:00-04:00,40134.456567115616
2012-08-03 00:00:00-04:00,40327.386201331305
2012-08-06 00:00:00-04:00,40396.290472134555
2012-08-07 00:00:00-04:00,40503.09142787005
2012-08-08 00:00:00-04:00,40527.20576462016
2012-08-09 00:00:00-04:00,40585.77223677189
2012-08-10 00:00:00-04:00,40558.21335049117
2012-08-13 00:00:00-04:00,40547.873891815776
2012-08-14 00:00:00-04:00,40527.067152627
2012-08-15 00:00:00-04:00,40551.345831740255
2012-08-16 00:00:00-04:00,40752.49258411331
2012-08-17 00:00:00-04:00,40794.10855252668
2012-08-20 00:00:00-04:00,40738.61644458251
2012-08-21 00:00:00-04:00,40759.4281638429
2012-08-22 00:00:00-04:00,40669.256497226896
2012-08-23 00:00:00-04:00,40572.1542309529
2012-08-24 00:00:00-04:00,40676.19539700423
2012-08-27 00:00:00-04:00,40721.27832527046
2012-08-28 00:00:00-04:00,40700.46826603394
2012-08-29 00:00:00-04:00,40707.40550578741
2012-08-30 00:00:00-04:00,40592.960140129755
2012-08-31 00:00:00-04:00,40766.35876350089
2012-09-04 00:00:00-04:00,40617.237159219134
2012-09-05 00:00:00-04:00,40617.237159219134
2012-09-06 00:00:00-04:00,40950.16407651416
2012-09-07 00:00:00-04:00,40811.44418180292
2012-09-10 00:00:00-04:00,40731.68086485292
2012-09-11 00:00:00-04:00,40755.95622391843
2012-09-12 00:00:00-04:00,40752.49258411331
2012-09-13 00:00:00-04:00,40807.97639193813
2012-09-14 00:00:00-04:00,40901.612528371195
2012-09-17 00:00:00-04:00,40901.612528371195
2012-09-18 00:00:00-04:00,40891.208328764864
2012-09-19 00:00:00-04:00,40846.1245704867
2012-09-20 00:00:00-04:00,40984.8461252218
2012-09-21 00:00:00-04:00,40894.67445860579
2012-09-24 00:00:00-04:00,40752.49258411331
2012-09-25 00:00:00-04:00,40617.237159219134
2012-09-26 00:00:00-04:00,40540.93914209812
2012-09-27 00:00:00-04:00,40537.47467228107
2012-09-28 00:00:00-04:00,40398.75560758177
2012-10-01 00:00:00-04:00,40305.119471148704
2012-10-02 00:00:00-04:00,40364.07438888606
2012-10-03 00:00:00-04:00,40426.51102954939
2012-10-04 00:00:00-04:00,40473.68937381228
2012-10-05 00:00:00-04:00,40429.86467433498
2012-10-08 00:00:00-04:00,40415.22167714259
2012-10-09 00:00:00-04:00,40327.87894560744
2012-10-10 00:00:00-04:00,40286.089220418056
2012-10-11 00:00:00-04:00,40282.96810371682
2012-10-12 00:00:00-04:00,40300.15178754868
2012-10-15 00:00:00-04:00,40310.82772795655
2012-10-16 00:00:00-04:00,40310.82772795655
2012-10-17 00:00:00-04:00,40310.82772795655
2012-10-18 00:00:00-04:00,40310.82772795655
2012-10-19 00:00:00-04:00,40281.67480820239
2012-10-22 00:00:00-04:00,40259.98039133786
2012-10-23 00:00:00-04:00,40261.67521061041
2012-10-24 00:00:00-04:00,40256.59059053145
2012-10-25 00:00:00-04:00,40255.91266282243
2012-10-26 00:00:00-04:00,40267.098632282585
2012-10-31 00:00:00-04:00,40278.285250787936
2012-11-01 00:00:00-04:00,40311.50549340427
2012-11-02 00:00:00-04:00,40310.82772795655
2012-11-05 00:00:00-05:00,40315.23433919584
2012-11-06 00:00:00-05:00,40323.03140028673
2012-11-07 00:00:00-05:00,40296.5905970219
2012-11-08 00:00:00-05:00,40278.15322441179
2012-11-09 00:00:00-05:00,40280.213034986125
2012-11-12 00:00:00-05:00,40196.2262243554
2012-11-13 00:00:00-05:00,40071.29389111922
2012-11-14 00:00:00-05:00,40036.589861095024
2012-11-15 00:00:00-05:00,40011.60346035236
2012-11-16 00:00:00-05:00,39992.17017892649
2012-11-19 00:00:00-05:00,40021.32141915675
2012-11-20 00:00:00-05:00,40018.54354140689
2012-11-21 00:00:00-05:00,40051.85962112475
2012-11-23 00:00:00-05:00,40155.971052151595
2012-11-26 00:00:00-05:00,40112.93866124367
2012-11-27 00:00:00-05:00,40058.588660392845
2012-11-28 00:00:00-05:00,40118.01898766843
2012-11-29 00:00:00-05:00,40016.00851712903
2012-11-30 00:00:00-05:00,39921.65922609862
2012-12-03 00:00:00-05:00,39860.20166288797
2012-12-04 00:00:00-05:00,39838.5192496331
2012-12-05 00:00:00-05:00,39958.290990601985
2012-12-06 00:00:00-05:00,39984.496145963065
2012-12-07 00:00:00-05:00,39856.47862248688
2012-12-10 00:00:00-05:00,40102.2018306446
2012-12-11 00:00:00-05:00,40310.84344552028
2012-12-12 00:00:00-05:00,40263.98927764395
2012-12-13 00:00:00-05:00,40183.084197331904
2012-12-14 00:00:00-05:00,39985.30948853496
2012-12-17 00:00:00-05:00,40187.31114755099
2012-12-18 00:00:00-05:00,40524.688794481845
2012-12-19 00:00:00-05:00,40332.26491137453
2012-12-20 00:00:00-05:00,40630.608689341825
2012-12-21 00:00:00-05:00,40436.839040448554
2012-12-24 00:00:00-05:00,40094.06974262094
2012-12-26 00:00:00-05:00,39910.891594869056
2012-12-27 00:00:00-05:00,40006.20379216336
2012-12-28 00:00:00-05:00,39600.23134785536
2012-12-31 00:00:00-05:00,39764.674747362864
2013-01-02 00:00:00-05:00,40734.09519622806
2013-01-03 00:00:00-05:00,40326.537367379475
2013-01-04 00:00:00-05:00,39746.06534501286
2013-01-07 00:00:00-05:00,39687.29387037084
2013-01-08 00:00:00-05:00,39517.46312561775
2013-01-09 00:00:00-05:00,39699.41990706574
2013-01-10 00:00:00-05:00,39408.28560121724
2013-01-11 00:00:00-05:00,39857.12461512395
2013-01-14 00:00:00-05:00,39929.89523334215
2013-01-15 00:00:00-05:00,40329.97567023333
2013-01-16 00:00:00-05:00,40111.18243116416
2013-01-17 00:00:00-05:00,40381.44852496819
2013-01-18 00:00:00-05:00,40381.44852496819
2013-01-22 00:00:00-05:00,40245.41501281192
2013-01-23 00:00:00-05:00,40888.133286404365
2013-01-24 00:00:00-05:00,40916.08722113262
2013-01-25 00:00:00-05:00,41265.38868388023
2013-01-28 00:00:00-05:00,41308.375579800784
2013-01-29 00:00:00-05:00,41455.2825637368
2013-01-30 00:00:00-05:00,41214.52927713579
2013-01-31 00:00:00-05:00,40598.32097324987
2013-02-01 00:00:00-05:00,41355.25944074882
2013-02-04 00:00:00-05:00,40565.01740232881
2013-02-05 00:00:00-05:00,40663.948476585705
2013-02-06 00:00:00-05:00,40394.26599346966
2013-02-07 00:00:00-05:00,40290.9430994482
2013-02-08 00:00:00-05:00,40765.81380280964
2013-02-11 00:00:00-05:00,41322.296060816916
2013-02-12 00:00:00-05:00,41358.91966439597
2013-02-13 00:00:00-05:00,41633.583651740606
2013-02-14 00:00:00-05:00,41651.882414032065
2013-02-15 00:00:00-05:00,41596.960048161585
2013-02-19 00:00:00-05:00,42095.416594380804
2013-02-20 00:00:00-05:00,41763.10498606906
2013-02-21 00:00:00-05:00,41061.56695040966
2013-02-22 00:00:00-05:00,41560.01915012951
2013-02-25 00:00:00-05:00,40840.02153170246
2013-02-26 00:00:00-05:00,40840.02153170246
2013-02-27 00:00:00-05:00,41652.32575696643
2013-02-28 00:00:00-05:00,41633.86182769943
2013-03-01 00:00:00-05:00,41910.80338070695
2013-03-04 00:00:00-05:00,42280.03415455399
2013-03-05 00:00:00-05:00,42649.490807006514
2013-03-06 00:00:00-05:00,42169.20411722586
2013-03-07 00:00:00-05:00,42261.54218631043
2013-03-08 00:00:00-05:00,42002.94166521461
2013-03-11 00:00:00-04:00,41762.807018333806
2013-03-12 00:00:00-04:00,41836.68356220811
2013-03-13 00:00:00-04:00,41855.17118144694
2013-03-14 00:00:00-04:00,42261.54218631043
2013-03-15 00:00:00-04:00,42076.81820908892
2013-03-18 00:00:00-04:00,42187.678689450375
2013-03-19 00:00:00-04:00,42335.44482421328
2013-03-20 00:00:00-04:00,42594.04969431387
2013-03-21 00:00:00-04:00,42206.06168849935
2013-03-22 00:00:00-04:00,42464.778277564845
2013-03-25 00:00:00-04:00,42298.449952733674
2013-03-26 00:00:00-04:00,42298.449952733674
2013-03-27 00:00:00-04:00,42686.50586892334
2013-03-28 00:00:00-04:00,43130.05677015634
2013-04-01 00:00:00-04:00,43130.05677015634
2013-04-02 00:00:00-04:00,43481.17404087223
2013-04-03 00:00:00-04:00,43037.64924468907
2013-04-04 00:00:00-04:00,43111.578745736195
2013-04-05 00:00:00-04:00,43296.38074414586
2013-04-08 00:00:00-04:00,43093.07461626623
2013-04-09 00:00:00-04:00,44976.179261410936
2013-04-10 00:00:00-04:00,46210.771977895
2013-04-11 00:00:00-04:00,43746.701939208135
2013-04-12 00:00:00-04:00,43471.28107298126
2013-04-15 00:00:00-04:00,43287.9958153564
2013-04-16 00:00:00-04:00,43800.26714429999
2013-04-17 00:00:00-04:00,43544.66050005258
2013-04-18 00:00:00-04:00,43471.745614022584
2013-04-19 00:00:00-04:00,45255.111142580674
2013-04-22 00:00:00-04:00,47179.26881293995
2013-04-23 00:00:00-04:00,46770.36445746014
2013-04-24 00:00:00-04:00,48789.83003053724
2013-04-25 00:00:00-04:00,49096.5345642333
2013-04-26 00:00:00-04:00,48846.51261101222
2013-04-29 00:00:00-04:00,50182.38116248903
2013-04-30 00:00:00-04:00,50962.39465246826
2013-05-01 00:00:00-04:00,50371.38000037652
2013-05-02 00:00:00-04:00,51039.479906187065
2013-05-03 00:00:00-04:00,51528.51214340806
2013-05-06 00:00:00-04:00,51904.281888203746
2013-05-07 00:00:00-04:00,51284.77036210803
2013-05-08 00:00:00-04:00,50846.24507058201
2013-05-09 00:00:00-04:00,50406.339508995574
2013-05-10 00:00:00-04:00,50445.18384585771
2013-05-13 00:00:00-04:00,50872.6771039997
2013-05-14 00:00:00-04:00,51770.10095518505
2013-05-15 00:00:00-04:00,52151.570114060305
2013-05-16 00:00:00-04:00,52417.020337865775
2013-05-17 00:00:00-04:00,53298.72370703258
2013-05-20 00:00:00-04:00,53533.10372286167
2013-05-21 00:00:00-04:00,53276.40851053089
2013-05-22 00:00:00-04:00,53008.54787188688
2013-05-23 00:00:00-04:00,52495.1470098088
2013-05-24 00:00:00-04:00,52624.53862074074
2013-05-28 00:00:00-04:00,53405.309631399854
2013-05-29 00:00:00-04:00,53259.55957615243
2013-05-30 00:00:00-04:00,53410.12505021433
2013-05-31 00:00:00-04:00,53284.47971208724
2013-06-03 00:00:00-04:00,53925.55021733805
2013-06-04 00:00:00-04:00,53368.0952430216
2013-06-05 00:00:00-04:00,53172.99088939444
2013-06-06 00:00:00-04:00,53333.666793572134
2013-06-07 00:00:00-04:00,53941.635546905105
2013-06-10 00:00:00-04:00,53777.62490506531
2013-06-11 00:00:00-04:00,53283.965479028324
2013-06-12 00:00:00-04:00,53403.4226554122
2013-06-13 00:00:00-04:00,53204.557961220344
2013-06-14 00:00:00-04:00,52989.12581311162
2013-06-17 00:00:00-04:00,53370.90932026399
2013-06-18 00:00:00-04:00,53358.920813337594
2013-06-19 00:00:00-04:00,53139.75195855678
2013-06-20 00:00:00-04:00,52562.14510152202
2013-06-21 00:00:00-04:00,52454.64033169571
2013-06-24 00:00:00-04:00,52674.54304693114
2013-06-25 00:00:00-04:00,52650.10344570132
2013-06-26 00:00:00-04:00,52982.388111842454
2013-06-27 00:00:00-04:00,53114.32791304047
2013-06-28 00:00:00-04:00,53075.2407740691
2013-07-01 00:00:00-04:00,52987.2790024962
2013-07-02 00:00:00-04:00,52782.04667429293
2013-07-03 00:00:00-04:00,52816.25320479134
2013-07-05 00:00:00-04:00,52913.98190563282
2013-07-08 00:00:00-04:00,52972.62232503839
2013-07-09 00:00:00-04:00,52982.388111842454
2013-07-10 00:00:00-04:00,53153.42876158621
2013-07-11 00:00:00-04:00,53637.20308196596
2013-07-12 00:00:00-04:00,53628.14056903852
2013-07-15 00:00:00-04:00,53854.575273978975
2013-07-16 00:00:00-04:00,53899.86772087515
2013-07-17 00:00:00-04:00,53659.84612892862
2013-07-18 00:00:00-04:00,53523.9740823825
2013-07-19 00:00:00-04:00,51694.31635792321
2013-07-22 00:00:00-04:00,51970.57847212323
2013-07-23 00:00:00-04:00,51884.53065835123
2013-07-24 00:00:00-04:00,51947.93648398905
2013-07-25 00:00:00-04:00,51689.78668970221
2013-07-26 00:00:00-04:00,51793.9499998728
2013-07-29 00:00:00-04:00,51757.721124732554
2013-07-30 00:00:00-04:00,51887.09528259928
2013-07-31 00:00:00-04:00,51883.27956595479
2013-08-01 00:00:00-04:00,51824.483070059694
2013-08-02 00:00:00-04:00,51900.56903806785
2013-08-05 00:00:00-04:00,51834.85820880642
2013-08-06 00:00:00-04:00,51793.35522802132
2013-08-07 00:00:00-04:00,51959.36715116173
2013-08-08 00:00:00-04:00,52246.428828475815
2013-08-09 00:00:00-04:00,52180.71638201561
2013-08-12 00:00:00-04:00,52239.51045211255
2013-08-13 00:00:00-04:00,52096.71422599946
2013-08-14 00:00:00-04:00,52138.504259567286
2013-08-15 00:00:00-04:00,51963.325384341544
2013-08-16 00:00:00-04:00,51966.11023952908
2013-08-19 00:00:00-04:00,51865.62683291025
2013-08-20 00:00:00-04:00,51913.93512498686
2013-08-21 00:00:00-04:00,51912.18751040745
2013-08-22 00:00:00-04:00,52020.97381015292
2013-08-23 00:00:00-04:00,52267.51119449735
2013-08-26 00:00:00-04:00,52225.93778241019
2013-08-27 00:00:00-04:00,52195.619824247486
2013-08-28 00:00:00-04:00,52188.404291656974
2013-08-29 00:00:00-04:00,52220.39012848969
2013-08-30 00:00:00-04:00,52206.86543170747
2013-09-03 00:00:00-04:00,52024.31893751865
2013-09-04 00:00:00-04:00,51921.32259894331
2013-09-05 00:00:00-04:00,51926.828033220765
2013-09-06 00:00:00-04:00,51909.584090972996
2013-09-09 00:00:00-04:00,52035.879602492874
2013-09-10 00:00:00-04:00,52239.713721632834
2013-09-11 00:00:00-04:00,52348.24825026609
2013-09-12 00:00:00-04:00,52331.21602053195
2013-09-13 00:00:00-04:00,52457.43547039555
2013-09-16 00:00:00-04:00,52365.09187636468
2013-09-17 00:00:00-04:00,52421.24952852414
2013-09-18 00:00:00-04:00,52601.57184286983
2013-09-19 00:00:00-04:00,52759.127560163906
2013-09-20 00:00:00-04:00,52315.34759615692
2013-09-23 00:00:00-04:00,52287.712325297805
2013-09-24 00:00:00-04:00,52118.6060190283
2013-09-25 00:00:00-04:00,52155.43755801118
2013-09-26 00:00:00-04:00,52323.06356885222
2013-09-27 00:00:00-04:00,52660.68327423587
2013-09-30 00:00:00-04:00,52667.735586496055
2013-10-01 00:00:00-04:00,52888.344208887414
2013-10-02 00:00:00-04:00,53148.47315038343
2013-10-03 00:00:00-04:00,53100.80858685385
2013-10-04 00:00:00-04:00,53117.29559075931
2013-10-07 00:00:00-04:00,52622.16171655951
2013-10-08 00:00:00-04:00,52365.90013386881
2013-10-09 00:00:00-04:00,52420.750825612886
2013-10-10 00:00:00-04:00,53072.24982085608
2013-10-11 00:00:00-04:00,53432.55761249038
2013-10-14 00:00:00-04:00,53753.56527839351
2013-10-15 00:00:00-04:00,53793.68250334488
2013-10-16 00:00:00-04:00,53944.16751000242
2013-10-17 00:00:00-04:00,54225.03931994293
2013-10-18 00:00:00-04:00,54265.17284702914
2013-10-21 00:00:00-04:00,54296.12709911317
2013-10-22 00:00:00-04:00,53861.38773266114
2013-10-23 00:00:00-04:00,52968.21812108798
2013-10-24 00:00:00-04:00,52924.652449029185
2013-10-25 00:00:00-04:00,55114.00448397504
2013-10-28 00:00:00-04:00,54935.24340133084
2013-10-29 00:00:00-04:00,54877.98148916911
2013-10-30 00:00:00-04:00,54901.454717418455
2013-10-31 00:00:00-04:00,54745.2370874102
2013-11-01 00:00:00-04:00,54892.842795970675
2013-11-04 00:00:00-05:00,55408.612986949476
2013-11-05 00:00:00-05:00,56308.708175557345
2013-11-06 00:00:00-05:00,58330.91260041762
2013-11-07 00:00:00-05:00,57420.19013627421
2013-11-08 00:00:00-05:00,57802.65294724007
2013-11-11 00:00:00-05:00,57538.09914140112
2013-11-12 00:00:00-05:00,57211.710471826984
2013-11-13 00:00:00-05:00,58368.35280826455
2013-11-14 00:00:00-05:00,58162.296301504044
2013-11-15 00:00:00-05:00,57892.563727289176
2013-11-18 00:00:00-05:00,56916.74041786973
2013-11-19 00:00:00-05:00,56635.307366369874
2013-11-20 00:00:00-05:00,57176.16775492593
2013-11-21 00:00:00-05:00,57693.76835384815
2013-11-22 00:00:00-05:00,57973.31431342292
2013-11-25 00:00:00-05:00,58090.27996516251
2013-11-26 00:00:00-05:00,57597.98392165362
2013-11-27 00:00:00-05:00,58029.05358616827
2013-11-29 00:00:00-05:00,58957.049172868254
2013-12-02 00:00:00-05:00,59525.70479686058
2013-12-03 00:00:00-05:00,59273.28635323333
2013-12-04 00:00:00-05:00,60409.25244207127
2013-12-05 00:00:00-05:00,58714.3396198765
2013-12-06 00:00:00-05:00,59363.44588719137
2013-12-09 00:00:00-05:00,59994.52107863981
2013-12-10 00:00:00-05:00,58912.63159889815
2013-12-11 00:00:00-05:00,58011.077805575624
2013-12-12 00:00:00-05:00,57307.87415603563
2013-12-13 00:00:00-05:00,56352.23128973952
2013-12-16 00:00:00-05:00,56712.8611163201
2013-12-17 00:00:00-05:00,56045.68638150676
2013-12-18 00:00:00-05:00,56153.87283670547
2013-12-19 00:00:00-05:00,55558.87226086727
2013-12-20 00:00:00-05:00,56550.58143352202
2013-12-23 00:00:00-05:00,56226.01791330014
2013-12-24 00:00:00-05:00,57055.468176285736
2013-12-26 00:00:00-05:00,57704.566134349094
2013-12-27 00:00:00-05:00,57434.10830560385
2013-12-30 00:00:00-05:00,57434.10830560385
2013-12-31 00:00:00-05:00,57650.49367987862
2014-01-02 00:00:00-05:00,57199.70431934003
2014-01-03 00:00:00-05:00,56748.89418567257
2014-01-06 00:00:00-05:00,55342.47442271519
2014-01-07 00:00:00-05:00,55846.611978386834
2014-01-08 00:00:00-05:00,54678.27057945398
2014-01-09 00:00:00-05:00,54265.34286660821
2014-01-10 00:00:00-05:00,55179.95647022359
2014-01-13 00:00:00-05:00,53283.04402233486
2014-01-14 00:00:00-05:00,54711.69816569005
2014-01-15 00:00:00-05:00,56457.57366468481
2014-01-16 00:00:00-05:00,56688.504676437515
2014-01-17 00:00:00-05:00,55784.97442412445
2014-01-21 00:00:00-05:00,55413.667647333605
2014-01-22 00:00:00-05:00,54990.10443830818
2014-01-23 00:00:00-05:00,55219.16012997737
2014-01-24 00:00:00-05:00,56538.48485724469
2014-01-27 00:00:00-05:00,55169.13783071026
2014-01-28 00:00:00-05:00,55589.76258596199
2014-01-29 00:00:00-05:00,56272.3570902216
2014-01-30 00:00:00-05:00,56621.81323753527
2014-01-31 00:00:00-05:00,58330.67645730119
2014-02-03 00:00:00-05:00,55965.068913938725
2014-02-04 00:00:00-05:00,55739.42199036677
2014-02-05 00:00:00-05:00,54821.3063683209
2014-02-06 00:00:00-05:00,55443.92929796468
2014-02-07 00:00:00-05:00,56100.12028713184
2014-02-10 00:00:00-05:00,56513.8629704917
2014-02-11 00:00:00-05:00,57150.64445897851
2014-02-12 00:00:00-05:00,57666.1309532615
2014-02-13 00:00:00-05:00,57906.242110991574
2014-02-14 00:00:00-05:00,57923.39013999536
2014-02-18 00:00:00-05:00,58061.07494323794
2014-02-19 00:00:00-05:00,58215.59109125416
2014-02-20 00:00:00-05:00,58626.77251297864
2014-02-21 00:00:00-05:00,59019.98603422202
2014-02-24 00:00:00-05:00,58525.176096741765
2014-02-25 00:00:00-05:00,58265.279371422104
2014-02-26 00:00:00-05:00,58142.13655019227
2014-02-27 00:00:00-05:00,58838.65769475716
2014-02-28 00:00:00-05:00,59654.255054725654
2014-03-03 00:00:00-05:00,58695.227485352836
2014-03-04 00:00:00-05:00,59833.6045963904
2014-03-05 00:00:00-05:00,59292.52512928654
2014-03-06 00:00:00-05:00,59364.66795828589
2014-03-07 00:00:00-05:00,58913.76496502898
2014-03-10 00:00:00-04:00,58769.64139898801
2014-03-11 00:00:00-04:00,59129.538916785474
2014-03-12 00:00:00-04:00,59578.820900819075
2014-03-13 00:00:00-04:00,58896.80483381603
2014-03-14 00:00:00-04:00,58556.268181665364
2014-03-17 00:00:00-04:00,59182.90280578131
2014-03-18 00:00:00-04:00,61865.630582112964
2014-03-19 00:00:00-04:00,61365.558952034786
2014-03-20 00:00:00-04:00,63257.55410908219
2014-03-21 00:00:00-04:00,62954.51719414246
2014-03-24 00:00:00-04:00,63559.97034310263
2014-03-25 00:00:00-04:00,63275.39422641494
2014-03-26 00:00:00-04:00,62298.60384687087
2014-03-27 00:00:00-04:00,61535.57759169566
2014-03-28 00:00:00-04:00,63202.41416842208
2014-03-31 00:00:00-04:00,64424.5392503678
2014-04-01 00:00:00-04:00,65184.916003510516
2014-04-02 00:00:00-04:00,65061.33870790186
2014-04-03 00:00:00-04:00,64462.28544325044
2014-04-04 00:00:00-04:00,62456.42482868201
2014-04-07 00:00:00-04:00,62333.38913660242
2014-04-08 00:00:00-04:00,62368.52314218911
2014-04-09 00:00:00-04:00,63508.798834995876
2014-04-10 00:00:00-04:00,61563.8773175159
2014-04-11 00:00:00-04:00,61301.189097656825
2014-04-14 00:00:00-04:00,61248.650010377096
2014-04-15 00:00:00-04:00,62260.98481694894
2014-04-16 00:00:00-04:00,63431.740486496594
2014-04-17 00:00:00-04:00,62729.2953231444
2014-04-21 00:00:00-04:00,62603.17401890752
2014-04-22 00:00:00-04:00,62693.26890316741
2014-04-23 00:00:00-04:00,62152.92203377074
2014-04-24 00:00:00-04:00,62459.109530881455
2014-04-25 00:00:00-04:00,62549.15498488299
2014-04-28 00:00:00-04:00,64278.24189949846
2014-04-29 00:00:00-04:00,63629.84048529995
2014-04-30 00:00:00-04:00,63431.740486496594
2014-05-01 00:00:00-04:00,62711.28623234412
2014-05-02 00:00:00-04:00,62152.92203377074
2014-05-05 00:00:00-04:00,61684.59505082249
2014-05-06 00:00:00-04:00,61018.20926095282
2014-05-07 00:00:00-04:00,61666.585960022145
2014-05-08 00:00:00-04:00,62062.8601030164
2014-05-09 00:00:00-04:00,61882.73624150778
2014-05-12 00:00:00-04:00,62657.23424481398
2014-05-13 00:00:00-04:00,63981.35552933809
2014-05-14 00:00:00-04:00,63654.860434412694
2014-05-15 00:00:00-04:00,62493.9908165395
2014-05-16 00:00:00-04:00,62910.52316299861
2014-05-19 00:00:00-04:00,62765.884168010045
2014-05-20 00:00:00-04:00,62639.52242310146
2014-05-21 00:00:00-04:00,63846.659883688
2014-05-22 00:00:00-04:00,63397.06882851894
2014-05-23 00:00:00-04:00,63432.92607191912
2014-05-27 00:00:00-04:00,63558.308407990844
2014-05-28 00:00:00-04:00,63236.44769376614
2014-05-29 00:00:00-04:00,63825.69878545917
2014-05-30 00:00:00-04:00,64895.19125431526
2014-06-02 00:00:00-04:00,64628.38209050022
2014-06-03 00:00:00-04:00,63740.77186018352
2014-06-04 00:00:00-04:00,63793.96599235969
2014-06-05 00:00:00-04:00,65368.4364201516
2014-06-06 00:00:00-04:00,65845.04046645177
2014-06-09 00:00:00-04:00,65475.156686486705
2014-06-10 00:00:00-04:00,65193.89327352148
2014-06-11 00:00:00-04:00,64755.19354150724
2014-06-12 00:00:00-04:00,64264.57364551166
2014-06-13 00:00:00-04:00,65401.49885976476
2014-06-16 00:00:00-04:00,65872.84492962834
2014-06-17 00:00:00-04:00,66186.23528113759
2014-06-18 00:00:00-04:00,66134.1434804635
2014-06-19 00:00:00-04:00,65891.44872223162
2014-06-20 00:00:00-04:00,66185.5314615437
2014-06-23 00:00:00-04:00,66720.80531349542
2014-06-24 00:00:00-04:00,66307.1752056415
2014-06-25 00:00:00-04:00,66788.87322574483
2014-06-26 00:00:00-04:00,66256.56468267675
2014-06-27 00:00:00-04:00,67165.12941871872
2014-06-30 00:00:00-04:00,66224.0229679994
2014-07-01 00:00:00-04:00,66514.47493071732
2014-07-02 00:00:00-04:00,66565.61619196684
2014-07-03 00:00:00-04:00,66395.34021243015
2014-07-07 00:00:00-04:00,66718.3324105018
2014-07-08 00:00:00-04:00,66361.96274569913
2014-07-09 00:00:00-04:00,66175.60434944229
2014-07-10 00:00:00-04:00,66209.42585092151
2014-07-11 00:00:00-04:00,66885.18010725919
2014-07-14 00:00:00-04:00,66969.52734658874
2014-07-15 00:00:00-04:00,67499.79188182214
2014-07-16 00:00:00-04:00,70326.5195299207
2014-07-17 00:00:00-04:00,71105.12927948254
2014-07-18 00:00:00-04:00,71381.29576223307
2014-07-21 00:00:00-04:00,71639.61354859482
2014-07-22 00:00:00-04:00,71622.42365183195
2014-07-23 00:00:00-04:00,71690.94221164651
2014-07-24 00:00:00-04:00,70887.61194129931
2014-07-25 00:00:00-04:00,71058.13756534806
2014-07-28 00:00:00-04:00,70155.912115471
2014-07-29 00:00:00-04:00,70019.94601052147
2014-07-30 00:00:00-04:00,69493.80232122321
2014-07-31 00:00:00-04:00,68781.82194925826
2014-08-01 00:00:00-04:00,68273.80080739045
2014-08-04 00:00:00-04:00,69136.60424317578
2014-08-05 00:00:00-04:00,68646.6537712874
2014-08-06 00:00:00-04:00,68072.97539035472
2014-08-07 00:00:00-04:00,68898.95348199716
2014-08-08 00:00:00-04:00,68848.37637271649
2014-08-11 00:00:00-04:00,68848.37637271649
2014-08-12 00:00:00-04:00,69386.61705625388
2014-08-13 00:00:00-04:00,70327.52451143473
2014-08-14 00:00:00-04:00,70646.24758222222
2014-08-15 00:00:00-04:00,71517.22712289866
2014-08-18 00:00:00-04:00,72052.25383912965
2014-08-19 00:00:00-04:00,72892.0613574127
2014-08-20 00:00:00-04:00,72255.22457748071
2014-08-21 00:00:00-04:00,72706.74846731251
2014-08-22 00:00:00-04:00,72589.93858706842
2014-08-25 00:00:00-04:00,72623.23735391804
2014-08-26 00:00:00-04:00,72353.25247449859
2014-08-27 00:00:00-04:00,72113.89857333704
2014-08-28 00:00:00-04:00,72131.21424128824
2014-08-29 00:00:00-04:00,73096.04208896772
2014-09-02 00:00:00-04:00,72492.1485232311
2014-09-03 00:00:00-04:00,72258.32420360942
2014-09-04 00:00:00-04:00,72804.53414057672
2014-09-05 00:00:00-04:00,73987.90956445195
2014-09-08 00:00:00-04:00,75007.52719616354
2014-09-09 00:00:00-04:00,75535.48521079456
2014-09-10 00:00:00-04:00,75681.17187408943
2014-09-11 00:00:00-04:00,75972.4383681756
2014-09-12 00:00:00-04:00,75426.27773851765
2014-09-15 00:00:00-04:00,74588.7766538095
2014-09-16 00:00:00-04:00,75535.48521079456
2014-09-17 00:00:00-04:00,75098.54848918329
2014-09-18 00:00:00-04:00,75389.86429057881
2014-09-19 00:00:00-04:00,76919.18801458509
2014-09-22 00:00:00-04:00,76081.69514776186
2014-09-23 00:00:00-04:00,75171.3671671761
2014-09-24 00:00:00-04:00,76116.08003824126
2014-09-25 00:00:00-04:00,74230.86294630915
2014-09-26 00:00:00-04:00,74900.25049895799
2014-09-29 00:00:00-04:00,74954.38944093883
2014-09-30 00:00:00-04:00,74810.22885834893
2014-10-01 00:00:00-04:00,73982.97292083692
2014-10-02 00:00:00-04:00,73731.7092142329
2014-10-03 00:00:00-04:00,74322.9768339943
2014-10-06 00:00:00-04:00,74322.97683399431
2014-10-07 00:00:00-04:00,73323.29528971286
2014-10-08 00:00:00-04:00,75551.50227978369
2014-10-09 00:00:00-04:00,73896.77726489927
2014-10-10 00:00:00-04:00,70664.27510878444
2014-10-13 00:00:00-04:00,69990.20636487492
2014-10-14 00:00:00-04:00,70132.00461754763
2014-10-15 00:00:00-04:00,69228.80516238915
2014-10-16 00:00:00-04:00,68379.34470686648
2014-10-17 00:00:00-04:00,69953.44273587866
2014-10-20 00:00:00-04:00,70748.54512245768
2014-10-21 00:00:00-04:00,72160.38975848633
2014-10-22 00:00:00-04:00,71279.06876146038
2014-10-23 00:00:00-04:00,72406.09755254074
2014-10-24 00:00:00-04:00,74358.62987261696
2014-10-27 00:00:00-04:00,73972.14709475901
2014-10-28 00:00:00-04:00,74989.55413658507
2014-10-29 00:00:00-04:00,75217.27735414614
2014-10-30 00:00:00-04:00,74220.36475219944
2014-10-31 00:00:00-04:00,75792.28473692523
2014-11-03 00:00:00-05:00,76646.7907481063
2014-11-04 00:00:00-05:00,76873.11457594257
2014-11-05 00:00:00-05:00,77377.16761110528
2014-11-06 00:00:00-05:00,78834.42129692985
2014-11-07 00:00:00-05:00,78799.81689572854
2014-11-10 00:00:00-05:00,79162.67601695869
2014-11-11 00:00:00-05:00,79128.16666205139
2014-11-12 00:00:00-05:00,78973.32195696332
2014-11-13 00:00:00-05:00,80398.56739126591
2014-11-14 00:00:00-05:00,80347.22094286939
2014-11-17 00:00:00-05:00,80142.07927759731
2014-11-18 00:00:00-05:00,79438.41988402122
2014-11-19 00:00:00-05:00,78547.73116042773
2014-11-20 00:00:00-05:00,79368.38804254492
2014-11-21 00:00:00-05:00,78139.18477419928
2014-11-24 00:00:00-05:00,77474.1124289446
2014-11-25 00:00:00-05:00,77269.6945586782
2014-11-26 00:00:00-05:00,77740.40260483994
2014-11-28 00:00:00-05:00,77839.8793708518
2014-12-01 00:00:00-05:00,79164.99018887574
2014-12-02 00:00:00-05:00,78906.89403346383
2014-12-03 00:00:00-05:00,78302.54265245362
2014-12-04 00:00:00-05:00,79493.73616357081
2014-12-05 00:00:00-05:00,78845.13650718733
2014-12-08 00:00:00-05:00,77750.0001701191
2014-12-09 00:00:00-05:00,77585.25679647784
2014-12-10 00:00:00-05:00,76568.20622982968
2014-12-11 00:00:00-05:00,76959.88168605216
2014-12-12 00:00:00-05:00,76645.91369580632
2014-12-15 00:00:00-05:00,76252.97531722755
2014-12-16 00:00:00-05:00,74169.15551324759
2014-12-17 00:00:00-05:00,74955.96495455664
2014-12-18 00:00:00-05:00,77328.92253661023
2014-12-19 00:00:00-05:00,77512.28969026552
2014-12-22 00:00:00-05:00,77924.09798870787
2014-12-23 00:00:00-05:00,78518.18507977128
2014-12-24 00:00:00-05:00,78133.34793622191
2014-12-26 00:00:00-05:00,77816.43258855362
2014-12-29 00:00:00-05:00,77301.81058641379
2014-12-30 00:00:00-05:00,76796.83121420335
2014-12-31 00:00:00-05:00,76140.13063767373
2015-01-02 00:00:00-05:00,76490.38420235623
2015-01-05 00:00:00-05:00,76014.12747585269
2015-01-06 00:00:00-05:00,75276.20116587884
2015-01-07 00:00:00-05:00,75892.59771282422
2015-01-08 00:00:00-05:00,77307.47424550113
2015-01-09 00:00:00-05:00,76900.18181407658
2015-01-12 00:00:00-05:00,76312.62460441918
2015-01-13 00:00:00-05:00,76078.98891330708
2015-01-14 00:00:00-05:00,75689.59463927611
2015-01-15 00:00:00-05:00,75222.31889051938
2015-01-16 00:00:00-05:00,75962.17543428362
2015-01-20 00:00:00-05:00,76108.19228306296
2015-01-21 00:00:00-05:00,75650.65390191323
2015-01-22 00:00:00-05:00,76828.5828246783
2015-01-23 00:00:00-05:00,76877.2478300505
2015-01-26 00:00:00-05:00,76711.76497912226
2015-01-27 00:00:00-05:00,72477.07113749087
2015-01-28 00:00:00-05:00,71011.57761199932
2015-01-29 00:00:00-05:00,71848.97495758295
2015-01-30 00:00:00-05:00,70166.49069785548
2015-02-02 00:00:00-05:00,71107.88261695506
2015-02-03 00:00:00-05:00,71451.04837164462
2015-02-04 00:00:00-05:00,71703.28687154768
2015-02-05 00:00:00-05:00,72331.06297607678
2015-02-06 00:00:00-05:00,72290.77234797372
2015-02-09 00:00:00-05:00,72241.47903260568
2015-02-10 00:00:00-05:00,72472.87531393596
2015-02-11 00:00:00-05:00,72265.58492201476
2015-02-12 00:00:00-05:00,72935.66931880923
2015-02-13 00:00:00-05:00,73672.87608502689
2015-02-17 00:00:00-05:00,73691.93025153148
2015-02-18 00:00:00-05:00,73644.24775241347
2015-02-19 00:00:00-05:00,73615.60665955592
2015-02-20 00:00:00-05:00,73959.6734857591
2015-02-23 00:00:00-05:00,74236.76046954491
2015-02-24 00:00:00-05:00,74180.827033473
2015-02-25 00:00:00-05:00,74089.92880355213
2015-02-26 00:00:00-05:00,74151.90846443293
2015-02-27 00:00:00-05:00,73970.90554944563
2015-03-02 00:00:00-05:00,73996.74382073958
2015-03-03 00:00:00-05:00,73479.96538483715
2015-03-04 00:00:00-05:00,73290.35900936888
2015-03-05 00:00:00-05:00,73333.46078074988
2015-03-06 00:00:00-05:00,72686.28224975258
2015-03-09 00:00:00-04:00,73109.91662169645
2015-03-10 00:00:00-04:00,72399.94167842873
2015-03-11 00:00:00-04:00,72356.55724470675
2015-03-12 00:00:00-04:00,71521.4653692007
2015-03-13 00:00:00-04:00,71835.48251628212
2015-03-16 00:00:00-04:00,71992.94772712348
2015-03-17 00:00:00-04:00,72115.80581684201
2015-03-18 00:00:00-04:00,72819.97107161817
2015-03-19 00:00:00-04:00,72634.64142405802
2015-03-20 00:00:00-04:00,73157.02917833507
2015-03-23 00:00:00-04:00,73139.26163044872
2015-03-24 00:00:00-04:00,73174.88500550787
2015-03-25 00:00:00-04:00,71888.84695313746
2015-03-26 00:00:00-04:00,71664.74386999838
2015-03-27 00:00:00-04:00,71448.69088193575
2015-03-30 00:00:00-04:00,71439.63776302245
2015-03-31 00:00:00-04:00,71167.18125081426
2015-04-01 00:00:00-04:00,71221.92711912142
2015-04-02 00:00:00-04:00,70828.13332431804
2015-04-06 00:00:00-04:00,71987.20523146488
2015-04-07 00:00:00-04:00,71968.74011200943
2015-04-08 00:00:00-04:00,71866.8981395597
2015-04-09 00:00:00-04:00,71923.90064855793
2015-04-10 00:00:00-04:00,72157.6879996029
2015-04-13 00:00:00-04:00,72197.62464316079
2015-04-14 00:00:00-04:00,72085.20037529524
2015-04-15 00:00:00-04:00,72723.30535387473
2015-04-16 00:00:00-04:00,72616.30916026779
2015-04-17 00:00:00-04:00,72025.875354811
2015-04-20 00:00:00-04:00,73467.40276992622
2015-04-21 00:00:00-04:00,73159.39424397798
2015-04-22 00:00:00-04:00,73566.86566928861
2015-04-23 00:00:00-04:00,73982.51007956176
2015-04-24 00:00:00-04:00,79466.34549034841
2015-04-27 00:00:00-04:00,79663.36771739245
2015-04-28 00:00:00-04:00,81054.9348898037
2015-04-29 00:00:00-04:00,80931.78434318879
2015-04-30 00:00:00-04:00,80414.56740420364
2015-05-01 00:00:00-04:00,80439.19861044074
2015-05-04 00:00:00-04:00,79921.99812516716
2015-05-05 00:00:00-04:00,79133.85437128559
2015-05-06 00:00:00-04:00,77508.32638933044
2015-05-07 00:00:00-04:00,78025.54881288615
2015-05-08 00:00:00-04:00,79318.56922206693
2015-05-11 00:00:00-04:00,78850.62018012645
2015-05-12 00:00:00-04:00,78826.00542760095
2015-05-13 00:00:00-04:00,79170.79295378542
2015-05-14 00:00:00-04:00,80513.09222915198
2015-05-15 00:00:00-04:00,79995.87529016682
2015-05-18 00:00:00-04:00,79638.75844943748
2015-05-19 00:00:00-04:00,79490.02238131377
2015-05-20 00:00:00-04:00,79490.02238131377
2015-05-21 00:00:00-04:00,79291.70031105477
2015-05-22 00:00:00-04:00,78647.16455185416
2015-05-26 00:00:00-04:00,78262.95393272104
2015-05-27 00:00:00-04:00,79549.09543294368
2015-05-28 00:00:00-04:00,79347.32783530779
2015-05-29 00:00:00-04:00,78603.40118411614
2015-06-01 00:00:00-04:00,79069.9517891468
2015-06-02 00:00:00-04:00,78679.07100766401
2015-06-03 00:00:00-04:00,78589.28790229504
2015-06-04 00:00:00-04:00,77950.52872033599
2015-06-05 00:00:00-04:00,77659.02974833228
2015-06-08 00:00:00-04:00,77116.5563150678
2015-06-09 00:00:00-04:00,77010.94358937388
2015-06-10 00:00:00-04:00,78276.29637924576
2015-06-11 00:00:00-04:00,78052.84566210996
2015-06-12 00:00:00-04:00,77436.4832169294
2015-06-15 00:00:00-04:00,76783.22012447633
2015-06-16 00:00:00-04:00,77257.52973795522
2015-06-17 00:00:00-04:00,77450.31198983736
2015-06-18 00:00:00-04:00,78499.37290144754
2015-06-19 00:00:00-04:00,77618.86855747909
2015-06-22 00:00:00-04:00,77806.29158754944
2015-06-23 00:00:00-04:00,77345.65636887083
2015-06-24 00:00:00-04:00,76957.42192689057
2015-06-25 00:00:00-04:00,76971.81421791881
2015-06-26 00:00:00-04:00,76411.97689245391
2015-06-29 00:00:00-04:00,75135.3628094515
2015-06-30 00:00:00-04:00,74819.9433572549
2015-07-01 00:00:00-04:00,75249.98294815412
2015-07-02 00:00:00-04:00,75177.19237242464
2015-07-06 00:00:00-04:00,75162.38027503314
2015-07-07 00:00:00-04:00,75027.29263519365
2015-07-08 00:00:00-04:00,74935.9180834865
2015-07-09 00:00:00-04:00,75362.39443590734
2015-07-10 00:00:00-04:00,75499.4528029986
2015-07-13 00:00:00-04:00,76914.8614569247
2015-07-14 00:00:00-04:00,77036.51073790273
2015-07-15 00:00:00-04:00,77249.2039103297
2015-07-16 00:00:00-04:00,78614.69674101165
2015-07-17 00:00:00-04:00,78554.06766565895
2015-07-20 00:00:00-04:00,79007.89909283665
2015-07-21 00:00:00-04:00,79551.48199694377
2015-07-22 00:00:00-04:00,76929.96309592057
2015-07-23 00:00:00-04:00,77787.38147308378
2015-07-24 00:00:00-04:00,77532.0984643393
2015-07-27 00:00:00-04:00,76647.50463508279
2015-07-28 00:00:00-04:00,76632.50694211449
2015-07-29 00:00:00-04:00,78053.68882612791
2015-07-30 00:00:00-04:00,78935.17467671192
2015-07-31 00:00:00-04:00,78666.65165289353
2015-08-03 00:00:00-04:00,78830.54135433886
2015-08-04 00:00:00-04:00,79916.05038348142
2015-08-05 00:00:00-04:00,79974.55550316791
2015-08-06 00:00:00-04:00,78594.05592774079
2015-08-07 00:00:00-04:00,78763.68054092517
2015-08-10 00:00:00-04:00,79582.98277070488
2015-08-11 00:00:00-04:00,78328.15162504363
2015-08-12 00:00:00-04:00,78770.01967763076
2015-08-13 00:00:00-04:00,78756.66357975289
2015-08-14 00:00:00-04:00,79110.87656856787
2015-08-17 00:00:00-04:00,79522.9175033402
2015-08-18 00:00:00-04:00,79853.53080664818
2015-08-19 00:00:00-04:00,79030.25967550908
2015-08-20 00:00:00-04:00,77868.30050800508
2015-08-21 00:00:00-04:00,74706.6666693769
2015-08-24 00:00:00-04:00,73010.94761858882
2015-08-25 00:00:00-04:00,71534.85254318439
2015-08-26 00:00:00-04:00,74268.27844492203
2015-08-27 00:00:00-04:00,75720.17032104256
2015-08-28 00:00:00-04:00,75756.73572602519
2015-08-31 00:00:00-04:00,75257.22891148686
2015-09-01 00:00:00-04:00,73186.8179212856
2015-09-02 00:00:00-04:00,75066.61748924816
2015-09-03 00:00:00-04:00,75240.72423414142
2015-09-04 00:00:00-04:00,74113.37880249246
2015-09-08 00:00:00-04:00,75764.79044398696
2015-09-09 00:00:00-04:00,74688.15435316137
2015-09-10 00:00:00-04:00,74982.11298666472
2015-09-11 00:00:00-04:00,75240.40200839355
2015-09-14 00:00:00-04:00,74632.19490402096
2015-09-15 00:00:00-04:00,75953.34344742277
2015-09-16 00:00:00-04:00,76410.37514075046
2015-09-17 00:00:00-04:00,76337.82830414212
2015-09-18 00:00:00-04:00,75203.34685473998
2015-09-21 00:00:00-04:00,76146.06097234899
2015-09-22 00:00:00-04:00,75827.05331812552
2015-09-23 00:00:00-04:00,75780.80710491125
2015-09-24 00:00:00-04:00,75843.38490545127
2015-09-25 00:00:00-04:00,75891.0258053455
2015-09-28 00:00:00-04:00,74844.37821320354
2015-09-29 00:00:00-04:00,75089.36356234932
2015-09-30 00:00:00-04:00,76447.55014089443
2015-10-01 00:00:00-04:00,77035.14214019541
2015-10-02 00:00:00-04:00,78647.67133093001
2015-10-05 00:00:00-04:00,80451.42494105
2015-10-06 00:00:00-04:00,80658.2073486189
2015-10-07 00:00:00-04:00,80745.447122545
2015-10-08 00:00:00-04:00,81893.25367958598
2015-10-09 00:00:00-04:00,81292.97731134051
2015-10-12 00:00:00-04:00,81098.80166023677
2015-10-13 00:00:00-04:00,80904.68172428185
2015-10-14 00:00:00-04:00,80534.19404195702
2015-10-15 00:00:00-04:00,81116.21335897731
2015-10-16 00:00:00-04:00,81997.66866349218
2015-10-19 00:00:00-04:00,82191.53956260008
2015-10-20 00:00:00-04:00,82455.77946673907
2015-10-21 00:00:00-04:00,81452.14711620232
2015-10-22 00:00:00-04:00,82912.76469614383
2015-10-23 00:00:00-04:00,91424.65205026492
2015-10-26 00:00:00-04:00,93821.39129249737
2015-10-27 00:00:00-04:00,92860.873340788
2015-10-28 00:00:00-04:00,93351.93511141751
2015-10-29 00:00:00-04:00,92315.53325463967
2015-10-30 00:00:00-04:00,91127.7506205389
2015-11-02 00:00:00-05:00,92104.35054389585
2015-11-03 00:00:00-05:00,93565.44054501747
2015-11-04 00:00:00-05:00,93961.25870611264
2015-11-05 00:00:00-05:00,93930.06370441263
2015-11-06 00:00:00-05:00,94760.49056938358
2015-11-09 00:00:00-05:00,93608.91286268565
2015-11-10 00:00:00-05:00,92638.77097512988
2015-11-11 00:00:00-05:00,92844.58096630605
2015-11-12 00:00:00-05:00,92367.01231391514
2015-11-13 00:00:00-05:00,91683.308751958
2015-11-16 00:00:00-05:00,92986.93509788906
2015-11-17 00:00:00-05:00,92376.01991729291
2015-11-18 00:00:00-05:00,93578.31654719982
2015-11-19 00:00:00-05:00,93699.27815232362
2015-11-20 00:00:00-05:00,94029.74756740389
2015-11-23 00:00:00-05:00,94029.74756740392
2015-11-24 00:00:00-05:00,94106.45448279503
2015-11-25 00:00:00-05:00,93402.61467774748
2015-11-27 00:00:00-05:00,93703.57382953943
2015-11-30 00:00:00-05:00,94228.71876743218
2015-12-01 00:00:00-05:00,95313.37013831464
2015-12-02 00:00:00-05:00,95301.14547211863
2015-12-03 00:00:00-05:00,94086.777620465
2015-12-04 00:00:00-05:00,96104.54543007916
2015-12-07 00:00:00-05:00,95988.73825492954
2015-12-08 00:00:00-05:00,95966.01013525284
2015-12-09 00:00:00-05:00,95063.05326706768
2015-12-10 00:00:00-05:00,95380.04543042029
2015-12-11 00:00:00-05:00,94057.37604682925
2015-12-14 00:00:00-05:00,95237.93808845386
2015-12-15 00:00:00-05:00,95303.52645960666
2015-12-16 00:00:00-05:00,96320.1295063183
2015-12-17 00:00:00-05:00,95850.08508177548
2015-12-18 00:00:00-05:00,94133.87115170478
2015-12-21 00:00:00-05:00,94883.90267369241
2015-12-22 00:00:00-05:00,95441.0577187319
2015-12-23 00:00:00-05:00,95944.62972659856
2015-12-24 00:00:00-05:00,95783.90400765724
2015-12-28 00:00:00-05:00,96083.91848785846
2015-12-29 00:00:00-05:00,96726.779256985
2015-12-30 00:00:00-05:00,96474.93024657093
2015-12-31 00:00:00-05:00,95623.33007081112
2016-01-04 00:00:00-05:00,94942.06638000881
2016-01-05 00:00:00-05:00,95186.31221167202
2016-01-06 00:00:00-05:00,94232.8961203687
2016-01-07 00:00:00-05:00,92483.58478346214
2016-01-08 00:00:00-05:00,92631.84987588236
2016-01-11 00:00:00-05:00,92604.1660760187
2016-01-12 00:00:00-05:00,93044.69329423123
2016-01-13 00:00:00-05:00,92003.3212790598
2016-01-14 00:00:00-05:00,93340.60024245072
2016-01-15 00:00:00-05:00,91422.18435476103
2016-01-19 00:00:00-05:00,91034.49752903872
2016-01-20 00:00:00-05:00,91241.0388049859
2016-01-21 00:00:00-05:00,90963.77215638867
2016-01-22 00:00:00-05:00,92576.6199255955
2016-01-25 00:00:00-05:00,92133.20883056225
2016-01-26 00:00:00-05:00,92468.84744532054
2016-01-27 00:00:00-05:00,91633.14977627879
2016-01-28 00:00:00-05:00,92352.95528686675
2016-01-29 00:00:00-05:00,94879.27521105393
2016-02-01 00:00:00-05:00,94571.12395108902
2016-02-02 00:00:00-05:00,93223.62781633195
2016-02-03 00:00:00-05:00,92580.96906362457
2016-02-04 00:00:00-05:00,92462.23106797526
2016-02-05 00:00:00-05:00,91138.84852070268
2016-02-08 00:00:00-05:00,90616.8694810058
2016-02-09 00:00:00-05:00,90529.40860074255
2016-02-10 00:00:00-05:00,90808.94071569208
2016-02-11 00:00:00-05:00,90796.38090820296
2016-02-12 00:00:00-05:00,91286.74734436873
2016-02-16 00:00:00-05:00,91845.33185236334
2016-02-17 00:00:00-05:00,92598.52785969863
2016-02-18 00:00:00-05:00,92473.25101416357
2016-02-19 00:00:00-05:00,92279.6417893673
2016-02-22 00:00:00-05:00,92696.08467419834
2016-02-23 00:00:00-05:00,91990.2430544601
2016-02-24 00:00:00-05:00,92072.77994195453
2016-02-25 00:00:00-05:00,92396.02603607802
2016-02-26 00:00:00-05:00,92063.82862982676
2016-02-29 00:00:00-05:00,91898.38878950973
2016-03-01 00:00:00-05:00,92565.24520616951
2016-03-02 00:00:00-05:00,92702.52789639313
2016-03-03 00:00:00-05:00,92492.79005118053
2016-03-04 00:00:00-05:00,92387.68783119162
2016-03-07 00:00:00-05:00,92059.23929979623
2016-03-08 00:00:00-05:00,92275.02442271124
2016-03-09 00:00:00-05:00,92689.20269394795
2016-03-10 00:00:00-05:00,92414.24622870232
2016-03-11 00:00:00-05:00,92769.25315760841
2016-03-14 00:00:00-04:00,92804.06124974089
2016-03-15 00:00:00-04:00,92950.23924199564
2016-03-16 00:00:00-04:00,93214.75539210928
2016-03-17 00:00:00-04:00,93322.64870803386
2016-03-18 00:00:00-04:00,92915.43718559963
2016-03-21 00:00:00-04:00,93044.21113178815
2016-03-22 00:00:00-04:00,93117.30088238258
2016-03-23 00:00:00-04:00,93082.49882598658
2016-03-24 00:00:00-04:00,93166.03190958122
2016-03-28 00:00:00-04:00,92932.83670486353
2016-03-29 00:00:00-04:00,93340.04973623186
2016-03-30 00:00:00-04:00,93458.38638515663
2016-03-31 00:00:00-04:00,93521.04185635553
2016-04-01 00:00:00-04:00,93639.37096060975
2016-04-04 00:00:00-04:00,93590.64446021346
2016-04-05 00:00:00-04:00,93287.84514270372
2016-04-06 00:00:00-04:00,93482.74359961832
2016-04-07 00:00:00-04:00,93253.03705057125
2016-04-08 00:00:00-04:00,93239.86882173971
2016-04-11 00:00:00-04:00,93205.6992322269
2016-04-12 00:00:00-04:00,93305.00599689735
2016-04-13 00:00:00-04:00,93509.4647505438
2016-04-14 00:00:00-04:00,93512.38862899304
2016-04-15 00:00:00-04:00,93597.08739808516
2016-04-18 00:00:00-04:00,93833.67462466963
2016-04-19 00:00:00-04:00,93813.22773626784
2016-04-20 00:00:00-04:00,93579.5643881326
2016-04-21 00:00:00-04:00,93635.0623616252
2016-04-22 00:00:00-04:00,92466.73549057754
2016-04-25 00:00:00-04:00,92563.12470828087
2016-04-26 00:00:00-04:00,92367.42619331426
2016-04-27 00:00:00-04:00,92211.66946543478
2016-04-28 00:00:00-04:00,91867.26842555162
2016-04-29 00:00:00-04:00,91856.73377303904
2016-05-02 00:00:00-04:00,92131.453450348
2016-05-03 00:00:00-04:00,91806.92054869262
2016-05-04 00:00:00-04:00,91843.92023725701
2016-05-05 00:00:00-04:00,91874.09836196667
2016-05-06 00:00:00-04:00,92077.1317861283
2016-05-09 00:00:00-04:00,91926.40038741026
2016-05-10 00:00:00-04:00,92392.84301451559
2016-05-11 00:00:00-04:00,92408.15674058667
2016-05-12 00:00:00-04:00,92652.037788996
2016-05-13 00:00:00-04:00,92415.71704768424
2016-05-16 00:00:00-04:00,92842.58746350568
2016-05-17 00:00:00-04:00,92273.71126615352
2016-05-18 00:00:00-04:00,92451.60280011759
2016-05-19 00:00:00-04:00,92160.91366002162
2016-05-20 00:00:00-04:00,92339.02393560282
2016-05-23 00:00:00-04:00,91988.41814922802
2016-05-24 00:00:00-04:00,92915.99013256512
2016-05-25 00:00:00-04:00,93231.27788663883
2016-05-26 00:00:00-04:00,93094.60932549393
2016-05-27 00:00:00-04:00,93349.77980340482
2016-05-31 00:00:00-04:00,93752.69936914391
2016-06-01 00:00:00-04:00,93664.00143145249
2016-06-02 00:00:00-04:00,93445.39169704844
2016-06-03 00:00:00-04:00,93038.07746108793
2016-06-06 00:00:00-04:00,93238.73777525325
2016-06-07 00:00:00-04:00,93220.4599020071
2016-06-08 00:00:00-04:00,93182.7500043702
2016-06-09 00:00:00-04:00,92910.6800570839
2016-06-10 00:00:00-04:00,92817.28267316171
2016-06-13 00:00:00-04:00,91897.27541133236
2016-06-14 00:00:00-04:00,91678.26868874113
2016-06-15 00:00:00-04:00,91576.53153720204
2016-06-16 00:00:00-04:00,92099.23611012723
2016-06-17 00:00:00-04:00,91899.93110052039
2016-06-20 00:00:00-04:00,91852.74203999602
2016-06-21 00:00:00-04:00,92755.99823751295
2016-06-22 00:00:00-04:00,92590.77994251414
2016-06-23 00:00:00-04:00,93368.76537802312
2016-06-24 00:00:00-04:00,91569.80976158439
2016-06-27 00:00:00-04:00,90330.86961950822
2016-06-28 00:00:00-04:00,91245.52526910114
2016-06-29 00:00:00-04:00,92263.94441256579
2016-06-30 00:00:00-04:00,92859.67254198593
2016-07-01 00:00:00-04:00,92850.02810664561
2016-07-05 00:00:00-04:00,92859.8678632958
2016-07-06 00:00:00-04:00,93070.75934849966
2016-07-07 00:00:00-04:00,93070.75934849965
2016-07-08 00:00:00-04:00,94012.26516155447
2016-07-11 00:00:00-04:00,94314.59138659513
2016-07-12 00:00:00-04:00,94972.7155849699
2016-07-13 00:00:00-04:00,95296.81075199001
2016-07-14 00:00:00-04:00,95545.28433351341
2016-07-15 00:00:00-04:00,95502.86524953778
2016-07-18 00:00:00-04:00,95778.6258241923
2016-07-19 00:00:00-04:00,94855.91714263924
2016-07-20 00:00:00-04:00,97899.8400088778
2016-07-21 00:00:00-04:00,97779.14612898273
2016-07-22 00:00:00-04:00,98637.8592130974
2016-07-25 00:00:00-04:00,98816.3016433797
2016-07-26 00:00:00-04:00,98849.74309439314
2016-07-27 00:00:00-04:00,98214.08664914899
2016-07-28 00:00:00-04:00,98236.37934937232
2016-07-29 00:00:00-04:00,98760.52908128742
2016-08-01 00:00:00-04:00,98649.0175666014
2016-08-02 00:00:00-04:00,98649.0175666014
2016-08-03 00:00:00-04:00,99083.95808676769
2016-08-04 00:00:00-04:00,99552.3352565905
2016-08-05 00:00:00-04:00,100197.9429936817
2016-08-08 00:00:00-04:00,100311.21144428145
2016-08-09 00:00:00-04:00,100472.19272698028
2016-08-10 00:00:00-04:00,100265.22103539179
2016-08-11 00:00:00-04:00,100592.00953229837
2016-08-12 00:00:00-04:00,100171.8564825131
2016-08-15 00:00:00-04:00,100385.04729739326
2016-08-16 00:00:00-04:00,100003.66978464162
2016-08-17 00:00:00-04:00,100146.66723052773
2016-08-18 00:00:00-04:00,100194.34324390083
2016-08-19 00:00:00-04:00,100218.1812505874
2016-08-22 00:00:00-04:00,100277.75842066779
2016-08-23 00:00:00-04:00,100539.94589998666
2016-08-24 00:00:00-04:00,100611.44972196853
2016-08-25 00:00:00-04:00,100873.6372012874
2016-08-26 00:00:00-04:00,100706.77625352045
2016-08-29 00:00:00-04:00,100791.42347105779
2016-08-30 00:00:00-04:00,100533.91900784537
2016-08-31 00:00:00-04:00,99999.24778604304
2016-09-01 00:00:00-04:00,100163.14679468957
2016-09-02 00:00:00-04:00,100263.8210192695
2016-09-06 00:00:00-04:00,100188.48991882018
2016-09-07 00:00:00-04:00,100251.12028009206
2016-09-08 00:00:00-04:00,99963.61482720515
2016-09-09 00:00:00-04:00,98441.7305600346
2016-09-12 00:00:00-04:00,99487.42129935263
2016-09-13 00:00:00-04:00,98841.53782581298
2016-09-14 00:00:00-04:00,98506.88082924405
2016-09-15 00:00:00-04:00,99657.45066621772
2016-09-16 00:00:00-04:00,99731.51435218555
2016-09-19 00:00:00-04:00,99337.2439140952
2016-09-20 00:00:00-04:00,99189.6882011062
2016-09-21 00:00:00-04:00,100355.97219264485
2016-09-22 00:00:00-04:00,100429.47450818056
2016-09-23 00:00:00-04:00,99952.55214571688
2016-09-26 00:00:00-04:00,99305.75408238292
2016-09-27 00:00:00-04:00,100584.79643891306
2016-09-28 00:00:00-04:00,100682.015721172
2016-09-29 00:00:00-04:00,99918.00325249581
2016-09-30 00:00:00-04:00,100160.00756352235
2016-10-03 00:00:00-04:00,99942.58326155454
2016-10-04 00:00:00-04:00,99725.51473473245
2016-10-05 00:00:00-04:00,100207.14136493507
2016-10-06 00:00:00-04:00,100327.3699962768
2016-10-07 00:00:00-04:00,100399.40307031639
2016-10-10 00:00:00-04:00,100687.11303142962
2016-10-11 00:00:00-04:00,99669.7856903689
2016-10-12 00:00:00-04:00,99574.17292438293
2016-10-13 00:00:00-04:00,99347.47340923556
2016-10-14 00:00:00-04:00,99943.17590454736
2016-10-17 00:00:00-04:00,99705.28913088245
2016-10-18 00:00:00-04:00,100227.76085825262
2016-10-19 00:00:00-04:00,100073.66930578568
2016-10-20 00:00:00-04:00,99742.57558290605
2016-10-21 00:00:00-04:00,102585.99433958856
2016-10-24 00:00:00-04:00,104162.32326385824
2016-10-25 00:00:00-04:00,104150.58132727596
2016-10-26 00:00:00-04:00,103729.70690791121
2016-10-27 00:00:00-04:00,103111.99000924216
2016-10-28 00:00:00-04:00,102844.61004053778
2016-10-31 00:00:00-04:00,102902.57809170929
2016-11-01 00:00:00-04:00,102763.77322412547
2016-11-02 00:00:00-04:00,102337.06626710788
2016-11-03 00:00:00-04:00,102084.20283040061
2016-11-04 00:00:00-04:00,101511.25797278757
2016-11-07 00:00:00-05:00,103465.79237128524
2016-11-08 00:00:00-05:00,103522.78684301808
2016-11-09 00:00:00-05:00,103181.76424711451
2016-11-10 00:00:00-05:00,101515.20770131363
2016-11-11 00:00:00-05:00,101877.19304897949
2016-11-14 00:00:00-05:00,100861.54062862496
2016-11-15 00:00:00-05:00,102154.39210788641
2016-11-16 00:00:00-05:00,103037.20940001855
2016-11-17 00:00:00-05:00,104155.45970506448
2016-11-18 00:00:00-05:00,103823.10137906559
2016-11-21 00:00:00-05:00,104416.03089454684
2016-11-22 00:00:00-05:00,104722.57332898464
2016-11-23 00:00:00-05:00,103861.90400696025
2016-11-25 00:00:00-05:00,104016.96374719398
2016-11-28 00:00:00-05:00,104112.25143803327
2016-11-29 00:00:00-05:00,104683.28406516666
2016-11-30 00:00:00-05:00,103682.30431002416
2016-12-01 00:00:00-05:00,102386.37997222928
2016-12-02 00:00:00-05:00,102448.36484305782
2016-12-05 00:00:00-05:00,103667.01173209382
2016-12-06 00:00:00-05:00,103323.30970347446
2016-12-07 00:00:00-05:00,105154.59251360645
2016-12-08 00:00:00-05:00,104684.45750332586
2016-12-09 00:00:00-05:00,105953.90657731012
2016-12-12 00:00:00-05:00,106221.57861183639
2016-12-13 00:00:00-05:00,107304.47341585113
2016-12-14 00:00:00-05:00,106898.65504669631
2016-12-15 00:00:00-05:00,106763.52016053593
2016-12-16 00:00:00-05:00,106380.6784287712
2016-12-19 00:00:00-05:00,108183.59948640663
2016-12-20 00:00:00-05:00,108073.08475177376
2016-12-21 00:00:00-05:00,108073.08475177376
2016-12-22 00:00:00-05:00,108087.02269093192
2016-12-23 00:00:00-05:00,107649.54088150387
2016-12-27 00:00:00-05:00,107706.60150012423
2016-12-28 00:00:00-05:00,107288.17166806148
2016-12-29 00:00:00-05:00,107156.87341160295
2016-12-30 00:00:00-05:00,106036.1209355752
2017-01-03 00:00:00-05:00,106692.06937746008
2017-01-04 00:00:00-05:00,106270.1669183712
2017-01-05 00:00:00-05:00,106270.1669183712
2017-01-06 00:00:00-05:00,107091.78428971453
2017-01-09 00:00:00-05:00,106787.73623611103
2017-01-10 00:00:00-05:00,106757.39481830162
2017-01-11 00:00:00-05:00,107622.14116857156
2017-01-12 00:00:00-05:00,106743.17760089312
2017-01-13 00:00:00-05:00,106879.43038603934
2017-01-17 00:00:00-05:00,106622.30492219164
2017-01-18 00:00:00-05:00,106576.97501160036
2017-01-19 00:00:00-05:00,106275.10088221675
2017-01-20 00:00:00-05:00,106938.43541382317
2017-01-23 00:00:00-05:00,107269.74609957231
2017-01-24 00:00:00-05:00,108111.97116546243
2017-01-25 00:00:00-05:00,108352.23710450131
2017-01-26 00:00:00-05:00,109237.1780321106
2017-01-27 00:00:00-05:00,111498.96852503024
2017-01-30 00:00:00-05:00,110526.97507786388
2017-01-31 00:00:00-05:00,109810.33199713324
2017-02-01 00:00:00-05:00,108214.87847501584
2017-02-02 00:00:00-05:00,107604.21802743443
2017-02-03 00:00:00-05:00,108362.94525042457
2017-02-06 00:00:00-05:00,108303.53577215932
2017-02-07 00:00:00-05:00,107991.87243758989
2017-02-08 00:00:00-05:00,107858.45035738726
2017-02-09 00:00:00-05:00,108924.55962550186
2017-02-10 00:00:00-05:00,108835.82874516684
2017-02-13 00:00:00-05:00,109899.2128459897
2017-02-14 00:00:00-05:00,110255.30278169063
2017-02-15 00:00:00-05:00,110196.03681827363
2017-02-16 00:00:00-05:00,110181.25484121894
2017-02-17 00:00:00-05:00,110329.01591937241
2017-02-21 00:00:00-05:00,110137.16407677278
2017-02-22 00:00:00-05:00,109945.64860078218
2017-02-23 00:00:00-05:00,110328.15796320725
2017-02-24 00:00:00-05:00,110328.15796320725
2017-02-27 00:00:00-05:00,109756.12398712608
2017-02-28 00:00:00-05:00,109389.96048698932
2017-03-01 00:00:00-05:00,110794.12279610701
2017-03-02 00:00:00-05:00,109435.91867928015
2017-03-03 00:00:00-05:00,109785.92216316808
2017-03-06 00:00:00-05:00,109815.0459871021
2017-03-07 00:00:00-05:00,110004.33193381889
2017-03-08 00:00:00-05:00,110862.66863871622
2017-03-09 00:00:00-05:00,110484.76930271379
2017-03-10 00:00:00-05:00,110775.19821895842
2017-03-13 00:00:00-04:00,110456.05145750557
2017-03-14 00:00:00-04:00,110021.32251264979
2017-03-15 00:00:00-04:00,110513.54955413527
2017-03-16 00:00:00-04:00,110354.46077157733
2017-03-17 00:00:00-04:00,110686.69747631082
2017-03-20 00:00:00-04:00,110773.2725709308
2017-03-21 00:00:00-04:00,109735.52913503023
2017-03-22 00:00:00-04:00,110916.43548636234
2017-03-23 00:00:00-04:00,110686.23609814027
2017-03-24 00:00:00-04:00,110844.29507407796
2017-03-27 00:00:00-04:00,111016.5021382923
2017-03-28 00:00:00-04:00,111288.78439376448
2017-03-29 00:00:00-04:00,111546.37065633654
2017-03-30 00:00:00-04:00,111889.51147709403
2017-03-31 00:00:00-04:00,112103.73920471608
2017-04-03 00:00:00-04:00,111661.43946532591
2017-04-04 00:00:00-04:00,111918.03126112145
2017-04-05 00:00:00-04:00,111675.8807696679
2017-04-06 00:00:00-04:00,111917.79264469352
2017-04-07 00:00:00-04:00,111846.71033949731
2017-04-10 00:00:00-04:00,111633.69349346461
2017-04-11 00:00:00-04:00,111562.7462997071
2017-04-12 00:00:00-04:00,111208.40814933389
2017-04-13 00:00:00-04:00,110811.99950865234
2017-04-17 00:00:00-04:00,111561.49110989913
2017-04-18 00:00:00-04:00,111434.35718301387
2017-04-19 00:00:00-04:00,110940.42677566835
2017-04-20 00:00:00-04:00,111589.11096485038
2017-04-21 00:00:00-04:00,112857.2364039956
2017-04-24 00:00:00-04:00,114448.08069932472
2017-04-25 00:00:00-04:00,114996.62913323106
2017-04-26 00:00:00-04:00,114870.15500890698
2017-04-27 00:00:00-04:00,115487.87564784705
2017-04-28 00:00:00-04:00,115754.35460267858
2017-05-01 00:00:00-04:00,117085.21378589305
2017-05-02 00:00:00-04:00,116931.26950798131
2017-05-03 00:00:00-04:00,116623.70743565261
2017-05-04 00:00:00-04:00,116246.55374052521
2017-05-05 00:00:00-04:00,116511.71303286648
2017-05-08 00:00:00-04:00,116428.08424546989
2017-05-09 00:00:00-04:00,116567.3184152571
2017-05-10 00:00:00-04:00,116942.93790041117
2017-05-11 00:00:00-04:00,115761.79338934585
2017-05-12 00:00:00-04:00,115650.73942770693
2017-05-15 00:00:00-04:00,115720.04917469612
2017-05-16 00:00:00-04:00,117628.43570701849
2017-05-17 00:00:00-04:00,114943.53138468777
2017-05-18 00:00:00-04:00,115263.20663970505
2017-05-19 00:00:00-04:00,115235.44078713699
2017-05-22 00:00:00-04:00,116289.63053914532
2017-05-23 00:00:00-04:00,116608.35191026276
2017-05-24 00:00:00-04:00,116732.859700595
2017-05-25 00:00:00-04:00,117907.9871311979
2017-05-26 00:00:00-04:00,118377.43511901844
2017-05-30 00:00:00-04:00,118997.91020704471
2017-05-31 00:00:00-04:00,118213.15417475082
2017-06-01 00:00:00-04:00,118570.60029171815
2017-06-02 00:00:00-04:00,120849.9854558535
2017-06-05 00:00:00-04:00,121563.01727367891
2017-06-06 00:00:00-04:00,121891.56364711223
2017-06-07 00:00:00-04:00,121713.82967726432
2017-06-08 00:00:00-04:00,121113.00789689345
2017-06-09 00:00:00-04:00,118889.81596964292
2017-06-12 00:00:00-04:00,118154.10727712877
2017-06-13 00:00:00-04:00,119338.0654372598
2017-06-14 00:00:00-04:00,118821.61279197797
2017-06-15 00:00:00-04:00,118319.42226807261
2017-06-16 00:00:00-04:00,118455.01168525372
2017-06-19 00:00:00-04:00,119633.05340737334
2017-06-20 00:00:00-04:00,118334.92079001397
2017-06-21 00:00:00-04:00,118821.15543582043
2017-06-22 00:00:00-04:00,118807.71350506766
2017-06-23 00:00:00-04:00,120088.1034269928
2017-06-26 00:00:00-04:00,119172.68102778427
2017-06-27 00:00:00-04:00,117397.4688708339
2017-06-28 00:00:00-04:00,118190.21672274165
2017-06-29 00:00:00-04:00,116431.61777788511
2017-06-30 00:00:00-04:00,117021.84008193074
2017-07-03 00:00:00-04:00,116003.13436229569
2017-07-05 00:00:00-04:00,117222.07271194406
2017-07-06 00:00:00-04:00,116539.52713322444
2017-07-07 00:00:00-04:00,117729.69333086851
2017-07-10 00:00:00-04:00,118424.42761737519
2017-07-11 00:00:00-04:00,118437.74281930721
2017-07-12 00:00:00-04:00,119984.43831286201
2017-07-13 00:00:00-04:00,120810.12491044674
2017-07-14 00:00:00-04:00,122153.4881254287
2017-07-17 00:00:00-04:00,122910.49516940289
2017-07-18 00:00:00-04:00,122844.23512773754
2017-07-19 00:00:00-04:00,123585.88375951885
2017-07-20 00:00:00-04:00,124061.97958782857
2017-07-21 00:00:00-04:00,123494.23146630789
2017-07-24 00:00:00-04:00,123243.68731639016
2017-07-25 00:00:00-04:00,124020.36366508517
2017-07-26 00:00:00-04:00,123836.38854624287
2017-07-27 00:00:00-04:00,122668.43603332815
2017-07-28 00:00:00-04:00,122511.20771916944
2017-07-31 00:00:00-04:00,122066.24030109256
2017-08-01 00:00:00-04:00,121909.47575964013
2017-08-02 00:00:00-04:00,121491.82463529892
2017-08-03 00:00:00-04:00,121348.43903306764
2017-08-04 00:00:00-04:00,122038.45372614809
2017-08-07 00:00:00-04:00,121674.36389134577
2017-08-08 00:00:00-04:00,122180.85736418166
2017-08-09 00:00:00-04:00,121765.76312243807
2017-08-10 00:00:00-04:00,120392.40745654202
2017-08-11 00:00:00-04:00,121803.19151109905
2017-08-14 00:00:00-04:00,123212.32113322779
2017-08-15 00:00:00-04:00,123238.2739189144
2017-08-16 00:00:00-04:00,123795.58761168065
2017-08-17 00:00:00-04:00,122177.66698471346
2017-08-18 00:00:00-04:00,122294.03894003818
2017-08-21 00:00:00-04:00,121855.07926666486
2017-08-22 00:00:00-04:00,123157.42013678863
2017-08-23 00:00:00-04:00,122590.8693462967
2017-08-24 00:00:00-04:00,122552.29573181132
2017-08-25 00:00:00-04:00,122719.20848851494
2017-08-28 00:00:00-04:00,122732.09904033513
2017-08-29 00:00:00-04:00,123013.81577039539
2017-08-30 00:00:00-04:00,124241.73331643839
2017-08-31 00:00:00-04:00,125212.79260438564
2017-09-01 00:00:00-04:00,124153.5767038546
2017-09-05 00:00:00-04:00,123732.90341016342
2017-09-06 00:00:00-04:00,123465.49044532317
2017-09-07 00:00:00-04:00,124661.47794043765
2017-09-08 00:00:00-04:00,124203.85112815912
2017-09-11 00:00:00-04:00,125194.62400515797
2017-09-12 00:00:00-04:00,125093.0663246102
2017-09-13 00:00:00-04:00,125764.91677592267
2017-09-14 00:00:00-04:00,125207.79590619542
2017-09-15 00:00:00-04:00,125890.8736215898
2017-09-18 00:00:00-04:00,125701.31191225059
2017-09-19 00:00:00-04:00,126054.78780136583
2017-09-20 00:00:00-04:00,125424.34894138089
2017-09-21 00:00:00-04:00,124505.02850667218
2017-09-22 00:00:00-04:00,124756.64499210057
2017-09-25 00:00:00-04:00,123311.02290076722
2017-09-26 00:00:00-04:00,123311.02290076722
2017-09-27 00:00:00-04:00,124051.26093976945
2017-09-28 00:00:00-04:00,124076.3003767851
2017-09-29 00:00:00-04:00,124852.61645999283
2017-10-02 00:00:00-04:00,125002.7475157472
2017-10-03 00:00:00-04:00,124565.3647841494
2017-10-04 00:00:00-04:00,125102.30487432226
2017-10-05 00:00:00-04:00,126699.41041281953
2017-10-06 00:00:00-04:00,126736.80676084984
2017-10-09 00:00:00-04:00,127097.98429132195
2017-10-10 00:00:00-04:00,127097.98429132192
2017-10-11 00:00:00-04:00,127259.62104056502
2017-10-12 00:00:00-04:00,128129.31101690381
2017-10-13 00:00:00-04:00,128588.66285840303
2017-10-16 00:00:00-04:00,128787.1831973923
2017-10-17 00:00:00-04:00,128712.77914067695
2017-10-18 00:00:00-04:00,128737.54541809106
2017-10-19 00:00:00-04:00,129108.4898414326
2017-10-20 00:00:00-04:00,130220.14047390842
2017-10-23 00:00:00-04:00,130244.78512162753
2017-10-24 00:00:00-04:00,130281.75785289088
2017-10-25 00:00:00-04:00,129998.81729529813
2017-10-26 00:00:00-04:00,130158.54762303518
2017-10-27 00:00:00-04:00,136354.85760698575
2017-10-30 00:00:00-04:00,136452.84740576288
2017-10-31 00:00:00-04:00,135585.02697982697
2017-11-01 00:00:00-04:00,135585.02697982697
2017-11-02 00:00:00-04:00,136644.59821491648
2017-11-03 00:00:00-04:00,136753.98546164058
2017-11-06 00:00:00-05:00,137154.18693904812
2017-11-07 00:00:00-05:00,136912.1938614361
2017-11-08 00:00:00-05:00,137262.29350951145
2017-11-09 00:00:00-05:00,136696.28666733153
2017-11-10 00:00:00-05:00,136431.91649433094
2017-11-13 00:00:00-05:00,136503.84404666306
2017-11-14 00:00:00-05:00,136647.41211009625
2017-11-15 00:00:00-05:00,135867.50726318854
2017-11-16 00:00:00-05:00,136130.9710475585
2017-11-17 00:00:00-05:00,135174.7466259317
2017-11-20 00:00:00-05:00,135329.85172853095
2017-11-21 00:00:00-05:00,136747.84559000595
2017-11-22 00:00:00-05:00,136022.0978584683
2017-11-24 00:00:00-05:00,136200.3217567171
2017-11-27 00:00:00-05:00,136923.9432418414
2017-11-28 00:00:00-05:00,138120.4208978908
2017-11-29 00:00:00-05:00,136299.0458006704
2017-11-30 00:00:00-05:00,137279.2461051211
2017-12-01 00:00:00-05:00,137385.39004742232
2017-12-04 00:00:00-05:00,133641.0285259418
2017-12-05 00:00:00-05:00,134240.8090294312
2017-12-06 00:00:00-05:00,135638.36508651284
2017-12-07 00:00:00-05:00,135298.3106716741
2017-12-08 00:00:00-05:00,137253.57457455434
2017-12-11 00:00:00-05:00,138504.0363597736
2017-12-12 00:00:00-05:00,138912.26280107826
2017-12-13 00:00:00-05:00,138644.53635623574
2017-12-14 00:00:00-05:00,137877.6327282069
2017-12-15 00:00:00-05:00,140383.0058174666
2017-12-18 00:00:00-05:00,139839.00832574887
2017-12-19 00:00:00-05:00,139203.8185422245
2017-12-20 00:00:00-05:00,138846.47362973628
2017-12-21 00:00:00-05:00,138823.46695333213
2017-12-22 00:00:00-05:00,138834.99296622953
2017-12-26 00:00:00-05:00,138708.85122347437
2017-12-27 00:00:00-05:00,139063.5998733567
2017-12-28 00:00:00-05:00,139075.04346630513
2017-12-29 00:00:00-05:00,138869.84614162685
2018-01-02 00:00:00-05:00,139336.37348169024
2018-01-03 00:00:00-05:00,139790.68284376082
2018-01-04 00:00:00-05:00,140652.12828165517
2018-01-05 00:00:00-05:00,141873.7895458254
2018-01-08 00:00:00-05:00,141975.36539419752
2018-01-09 00:00:00-05:00,141907.80333953272
2018-01-10 00:00:00-05:00,141458.18435027308
2018-01-11 00:00:00-05:00,141749.87310897512
2018-01-12 00:00:00-05:00,143451.8727293419
2018-01-16 00:00:00-05:00,142055.34165750266
2018-01-17 00:00:00-05:00,144050.927539965
2018-01-18 00:00:00-05:00,144006.46698835393
2018-01-19 00:00:00-05:00,143895.4671296463
2018-01-22 00:00:00-05:00,145678.74725781486
2018-01-23 00:00:00-05:00,145999.2222893029
2018-01-24 00:00:00-05:00,145911.00536835278
2018-01-25 00:00:00-05:00,146472.02669352756
2018-01-26 00:00:00-05:00,148370.7774046223
2018-01-29 00:00:00-05:00,148217.51112428488
2018-01-30 00:00:00-05:00,146928.78141114998
2018-01-31 00:00:00-05:00,149401.97288495806
2018-02-01 00:00:00-05:00,148587.1038301842
2018-02-02 00:00:00-05:00,145899.82372761256
2018-02-05 00:00:00-05:00,141814.55543154996
2018-02-06 00:00:00-05:00,145405.65078660686
2018-02-07 00:00:00-05:00,143555.3492198996
2018-02-08 00:00:00-05:00,138618.18786989123
2018-02-09 00:00:00-05:00,142015.0754220945
2018-02-12 00:00:00-05:00,143031.01536660985
2018-02-13 00:00:00-05:00,143777.99302839162
2018-02-14 00:00:00-05:00,145275.72438629993
2018-02-15 00:00:00-05:00,147250.65575201882
2018-02-16 00:00:00-05:00,146547.73580864278
2018-02-20 00:00:00-05:00,147312.85882180466
2018-02-21 00:00:00-05:00,146008.75482604874
2018-02-22 00:00:00-05:00,146262.6860837558
2018-02-23 00:00:00-05:00,148722.55576847537
2018-02-26 00:00:00-05:00,150155.09280788217
2018-02-27 00:00:00-05:00,148873.1221643965
2018-02-28 00:00:00-05:00,148422.29010557834
2018-03-01 00:00:00-05:00,147459.90060138804
2018-03-02 00:00:00-05:00,147668.6581138058
2018-03-05 00:00:00-05:00,148283.34581957242
2018-03-06 00:00:00-05:00,147950.6383483205
2018-03-07 00:00:00-05:00,148510.95764423508
2018-03-08 00:00:00-05:00,149101.13029253963
2018-03-09 00:00:00-05:00,151281.15398648643
2018-03-12 00:00:00-04:00,151518.37616052915
2018-03-13 00:00:00-04:00,149088.09950869222
2018-03-14 00:00:00-04:00,148512.29269096127
2018-03-15 00:00:00-04:00,148851.09253641212
2018-03-16 00:00:00-04:00,149281.76793428746
2018-03-19 00:00:00-04:00,147530.85444060143
2018-03-20 00:00:00-04:00,147776.2887408541
2018-03-21 00:00:00-04:00,147112.34556549854
2018-03-22 00:00:00-04:00,144367.55979445283
2018-03-23 00:00:00-04:00,141706.66562603775
2018-03-26 00:00:00-04:00,148431.55355316508
2018-03-27 00:00:00-04:00,144045.9121510894
2018-03-28 00:00:00-04:00,143964.55113422687
2018-03-29 00:00:00-04:00,145874.2402725169
2018-04-02 00:00:00-04:00,143083.9085828426
2018-04-03 00:00:00-04:00,144290.27924230997
2018-04-04 00:00:00-04:00,146943.7172104327
2018-04-05 00:00:00-04:00,146994.30486088555
2018-04-06 00:00:00-04:00,144822.10489545614
2018-04-09 00:00:00-04:00,145367.142125368
2018-04-10 00:00:00-04:00,147494.8436728654
2018-04-11 00:00:00-04:00,146467.3658722132
2018-04-12 00:00:00-04:00,148197.94602155974
2018-04-13 00:00:00-04:00,147695.50338139758
2018-04-16 00:00:00-04:00,148789.53679805488
2018-04-17 00:00:00-04:00,150693.20048963212
2018-04-18 00:00:00-04:00,151063.22895843367
2018-04-19 00:00:00-04:00,150733.7800504267
2018-04-20 00:00:00-04:00,149627.6931758488
2018-04-23 00:00:00-04:00,149975.96064753752
2018-04-24 00:00:00-04:00,147759.8648192066
2018-04-25 00:00:00-04:00,146955.6816852307
2018-04-26 00:00:00-04:00,148889.77361955238
2018-04-27 00:00:00-04:00,150435.09048542246
2018-04-30 00:00:00-04:00,148159.3778958814
2018-05-01 00:00:00-04:00,149622.35343394382
2018-05-02 00:00:00-04:00,148151.21241913136
2018-05-03 00:00:00-04:00,148703.53173740604
2018-05-04 00:00:00-04:00,149777.34611494123
2018-05-07 00:00:00-04:00,150820.33288619257
2018-05-08 00:00:00-04:00,150417.47736939287
2018-05-09 00:00:00-04:00,151526.32161747257
2018-05-10 00:00:00-04:00,152476.75627715513
2018-05-11 00:00:00-04:00,152271.32828233897
2018-05-14 00:00:00-04:00,152593.70091513157
2018-05-15 00:00:00-04:00,151901.1063826818
2018-05-16 00:00:00-04:00,152145.70613531594
2018-05-17 00:00:00-04:00,151197.79787343962
2018-05-18 00:00:00-04:00,151373.5209062511
2018-05-21 00:00:00-04:00,152582.70523911322
2018-05-22 00:00:00-04:00,152485.33316136454
2018-05-23 00:00:00-04:00,153613.6791231573
2018-05-24 00:00:00-04:00,153273.6105940363
2018-05-25 00:00:00-04:00,153322.12592524168
2018-05-29 00:00:00-04:00,152982.8702478768
2018-05-30 00:00:00-04:00,153893.0929191719
2018-05-31 00:00:00-04:00,153786.7161552045
2018-06-01 00:00:00-04:00,155671.0022624943
2018-06-04 00:00:00-04:00,156520.44686184227
2018-06-05 00:00:00-04:00,157021.77664729595
2018-06-06 00:00:00-04:00,157310.7097543446
2018-06-07 00:00:00-04:00,155761.86464129144
2018-06-08 00:00:00-04:00,156482.7231853007
2018-06-11 00:00:00-04:00,155925.8577481575
2018-06-12 00:00:00-04:00,156175.28620236611
2018-06-13 00:00:00-04:00,155734.369814059
2018-06-14 00:00:00-04:00,156280.13595106348
2018-06-15 00:00:00-04:00,155047.04347298483
2018-06-18 00:00:00-04:00,155744.07223442287
2018-06-19 00:00:00-04:00,155744.07223442287
2018-06-20 00:00:00-04:00,156705.1143529567
2018-06-21 00:00:00-04:00,156011.67491452047
2018-06-22 00:00:00-04:00,155319.30566289532
2018-06-25 00:00:00-04:00,153406.01577706548
2018-06-26 00:00:00-04:00,154058.93868668046
2018-06-27 00:00:00-04:00,152602.80019493424
2018-06-28 00:00:00-04:00,153632.74674143153
2018-06-29 00:00:00-04:00,153613.8420874934
2018-07-02 00:00:00-04:00,154934.51851563161
2018-07-03 00:00:00-04:00,154029.82142103926
2018-07-05 00:00:00-04:00,154698.52397112735
2018-07-06 00:00:00-04:00,156016.33115068648
2018-07-09 00:00:00-04:00,156665.29482296115
2018-07-10 00:00:00-04:00,156919.0022816182
2018-07-11 00:00:00-04:00,156787.603987961
2018-07-12 00:00:00-04:00,158859.7587390268
2018-07-13 00:00:00-04:00,160021.01995246782
2018-07-16 00:00:00-04:00,159534.70786470358
2018-07-17 00:00:00-04:00,160506.1246468908
2018-07-18 00:00:00-04:00,159731.86443174753
2018-07-19 00:00:00-04:00,159060.83586155085
2018-07-20 00:00:00-04:00,160802.12196273165
2018-07-23 00:00:00-04:00,162382.99104898673
2018-07-24 00:00:00-04:00,162095.21727875608
2018-07-25 00:00:00-04:00,165034.1595648699
2018-07-26 00:00:00-04:00,163914.26039260224
2018-07-27 00:00:00-04:00,162122.01778559593
2018-07-30 00:00:00-04:00,159991.419730176
2018-07-31 00:00:00-04:00,160645.3126376454
2018-08-01 00:00:00-04:00,160829.13371576258
2018-08-02 00:00:00-04:00,162012.21910700796
2018-08-03 00:00:00-04:00,162442.5838993786
2018-08-06 00:00:00-04:00,162524.82028791908
2018-08-07 00:00:00-04:00,163208.61049022636
2018-08-08 00:00:00-04:00,163763.6707255927
2018-08-09 00:00:00-04:00,163927.04502264026
2018-08-10 00:00:00-04:00,163320.26308808458
2018-08-13 00:00:00-04:00,162606.1648070026
2018-08-14 00:00:00-04:00,163824.27936184392
2018-08-15 00:00:00-04:00,162486.75356489985
2018-08-16 00:00:00-04:00,162468.68995434616
2018-08-17 00:00:00-04:00,162414.6744234218
2018-08-20 00:00:00-04:00,161776.5787835613
2018-08-21 00:00:00-04:00,160978.0290635602
2018-08-22 00:00:00-04:00,161945.57521220596
2018-08-23 00:00:00-04:00,162392.82500249174
2018-08-24 00:00:00-04:00,163143.19747311558
2018-08-27 00:00:00-04:00,164213.69269926348
2018-08-28 00:00:00-04:00,164801.5829130441
2018-08-29 00:00:00-04:00,166350.5728890054
2018-08-30 00:00:00-04:00,166289.0822407072
2018-08-31 00:00:00-04:00,166622.1770148899
2018-09-04 00:00:00-04:00,166079.9628698274
2018-09-05 00:00:00-04:00,163269.53276335457
2018-09-06 00:00:00-04:00,163487.42209466576
2018-09-07 00:00:00-04:00,163026.33789117006
2018-09-10 00:00:00-04:00,164042.5388652371
2018-09-11 00:00:00-04:00,165654.9858287928
2018-09-12 00:00:00-04:00,166061.62590823398
2018-09-13 00:00:00-04:00,167097.85692042025
2018-09-14 00:00:00-04:00,167494.3387222136
2018-09-17 00:00:00-04:00,166436.28244852502
2018-09-18 00:00:00-04:00,167355.0981416012
2018-09-19 00:00:00-04:00,166060.63950070256
2018-09-20 00:00:00-04:00,167661.1745513124
2018-09-21 00:00:00-04:00,168250.7078844072
2018-09-24 00:00:00-04:00,168600.37998225738
2018-09-25 00:00:00-04:00,168413.10288259372
2018-09-26 00:00:00-04:00,168013.8462858388
2018-09-27 00:00:00-04:00,168378.43184539984
2018-09-28 00:00:00-04:00,168344.56061160372
2018-10-01 00:00:00-04:00,169392.06045487663
2018-10-02 00:00:00-04:00,169004.16529502772
2018-10-03 00:00:00-04:00,169021.02950424008
2018-10-04 00:00:00-04:00,167021.3922020771
2018-10-05 00:00:00-04:00,166467.77482394478
2018-10-08 00:00:00-04:00,165395.68815265654
2018-10-09 00:00:00-04:00,166575.0652898823
2018-10-10 00:00:00-04:00,161479.20075690467
2018-10-11 00:00:00-04:00,161270.46641352895
2018-10-12 00:00:00-04:00,164324.90629826096
2018-10-15 00:00:00-04:00,162682.18145220017
2018-10-16 00:00:00-04:00,165483.5349134453
2018-10-17 00:00:00-04:00,165247.44616127625
2018-10-18 00:00:00-04:00,163470.36040078252
2018-10-19 00:00:00-04:00,163597.44730904492
2018-10-22 00:00:00-04:00,164358.18183544846
2018-10-23 00:00:00-04:00,163173.40360281893
2018-10-24 00:00:00-04:00,158755.51650144282
2018-10-25 00:00:00-04:00,163325.1759528713
2018-10-26 00:00:00-04:00,162314.5630662253
2018-10-29 00:00:00-04:00,159999.61806294246
2018-10-30 00:00:00-04:00,159910.34253972
2018-10-31 00:00:00-04:00,162200.90230656887
2018-11-01 00:00:00-04:00,161539.78517721212
2018-11-02 00:00:00-04:00,161717.90752278524
2018-11-05 00:00:00-05:00,162718.64427369542
2018-11-06 00:00:00-05:00,162874.15239427146
2018-11-07 00:00:00-05:00,165970.34156405865
2018-11-08 00:00:00-05:00,165819.085584042
2018-11-09 00:00:00-05:00,164271.14267765422
2018-11-12 00:00:00-05:00,162381.13745802094
2018-11-13 00:00:00-05:00,162429.45879615424
2018-11-14 00:00:00-05:00,161397.89279879993
2018-11-15 00:00:00-05:00,162975.19254143842
2018-11-16 00:00:00-05:00,163664.26322573842
2018-11-19 00:00:00-05:00,161195.92326820458
2018-11-20 00:00:00-05:00,159238.73009308707
2018-11-21 00:00:00-05:00,160180.63871463298
2018-11-23 00:00:00-05:00,160153.71595972654
2018-11-26 00:00:00-05:00,162442.2317033744
2018-11-27 00:00:00-05:00,162892.99027934723
2018-11-28 00:00:00-05:00,165570.2289115672
2018-11-29 00:00:00-05:00,164944.961407512
2018-11-30 00:00:00-05:00,165415.3813225691
2018-12-03 00:00:00-05:00,166221.74373561115
2018-12-04 00:00:00-05:00,163823.82297048703
2018-12-06 00:00:00-05:00,164273.76014534332
2018-12-07 00:00:00-05:00,161340.91254777095
2018-12-10 00:00:00-05:00,163200.03638115534
2018-12-11 00:00:00-05:00,163871.01543343288
2018-12-12 00:00:00-05:00,164199.72107351292
2018-12-13 00:00:00-05:00,164447.83570437692
2018-12-14 00:00:00-05:00,162154.8845975135
2018-12-17 00:00:00-05:00,160049.11607321753
2018-12-18 00:00:00-05:00,160773.95111358
2018-12-19 00:00:00-05:00,160585.90818537807
2018-12-20 00:00:00-05:00,159121.04504582912
2018-12-21 00:00:00-05:00,156915.25389536863
2018-12-24 00:00:00-05:00,154154.00901781122
2018-12-26 00:00:00-05:00,158492.774494165
2018-12-27 00:00:00-05:00,158911.50667045827
2018-12-28 00:00:00-05:00,158377.50374228304
2018-12-31 00:00:00-05:00,159175.78682059588
2019-01-02 00:00:00-05:00,158871.18781414756
2019-01-03 00:00:00-05:00,156351.36945305724
2019-01-04 00:00:00-05:00,159424.07578230498
2019-01-07 00:00:00-05:00,159512.31734939577
2019-01-08 00:00:00-05:00,160015.13422360987
2019-01-09 00:00:00-05:00,161028.2704353413
2019-01-10 00:00:00-05:00,160566.08069908887
2019-01-11 00:00:00-05:00,160013.67046630388
2019-01-14 00:00:00-05:00,159495.20211002135
2019-01-15 00:00:00-05:00,161543.84723454784
2019-01-16 00:00:00-05:00,161800.0127236645
2019-01-17 00:00:00-05:00,162312.56524097515
2019-01-18 00:00:00-05:00,163414.07770274847
2019-01-22 00:00:00-05:00,162007.54643775045
2019-01-23 00:00:00-05:00,162721.6672348092
2019-01-24 00:00:00-05:00,162367.8775396623
2019-01-25 00:00:00-05:00,163041.24354155385
2019-01-28 00:00:00-05:00,161589.36297130527
2019-01-29 00:00:00-05:00,160101.56502412976
2019-01-30 00:00:00-05:00,162496.0833071359
2019-01-31 00:00:00-05:00,161137.9114655723
2019-02-01 00:00:00-05:00,159987.49434744788
2019-02-04 00:00:00-05:00,162054.07377390534
2019-02-05 00:00:00-05:00,163088.38059166534
2019-02-06 00:00:00-05:00,162256.0785834848
2019-02-07 00:00:00-05:00,161724.07283660737
2019-02-08 00:00:00-05:00,162004.35254425753
2019-02-11 00:00:00-05:00,161709.75490877256
2019-02-12 00:00:00-05:00,162861.46480894394
2019-02-13 00:00:00-05:00,162805.20288836616
2019-02-14 00:00:00-05:00,162868.54818217596
2019-02-15 00:00:00-05:00,163797.79468335642
2019-02-19 00:00:00-05:00,163762.5808522572
2019-02-20 00:00:00-05:00,163366.39341518685
2019-02-21 00:00:00-05:00,164966.04680225928
2019-02-22 00:00:00-05:00,166069.6462248232
2019-02-25 00:00:00-05:00,166507.93383732444
2019-02-26 00:00:00-05:00,167052.09629826644
2019-02-27 00:00:00-05:00,166916.14185003194
2019-02-28 00:00:00-05:00,166814.71281649923
2019-03-01 00:00:00-05:00,167181.42665269767
2019-03-04 00:00:00-05:00,166980.9933710164
2019-03-05 00:00:00-05:00,166560.32003846904
2019-03-06 00:00:00-05:00,166598.31020718938
2019-03-07 00:00:00-05:00,165552.3078349721
2019-03-08 00:00:00-05:00,165644.51552451166
2019-03-11 00:00:00-04:00,167448.02432465507
2019-03-12 00:00:00-04:00,168069.16248396895
2019-03-13 00:00:00-04:00,168760.22706293705
2019-03-14 00:00:00-04:00,168830.82875355956
2019-03-15 00:00:00-04:00,169865.22792842594
2019-03-18 00:00:00-04:00,171164.54521927238
2019-03-19 00:00:00-04:00,171227.06191443675
2019-03-20 00:00:00-04:00,171125.54795071713
2019-03-21 00:00:00-04:00,173256.84899174777
2019-03-22 00:00:00-04:00,170728.2116193045
2019-03-25 00:00:00-04:00,171219.98614785384
2019-03-26 00:00:00-04:00,171423.6786351141
2019-03-27 00:00:00-04:00,170485.2142417287
2019-03-28 00:00:00-04:00,170618.31778125156
2019-03-29 00:00:00-04:00,171457.37325608445
2019-04-01 00:00:00-04:00,172353.60377645606
2019-04-02 00:00:00-04:00,172496.13223490343
2019-04-03 00:00:00-04:00,173149.02035177348
2019-04-04 00:00:00-04:00,172639.37306546452
2019-04-05 00:00:00-04:00,173081.4802343878
2019-04-08 00:00:00-04:00,173114.7958234353
2019-04-09 00:00:00-04:00,172574.18977779325
2019-04-10 00:00:00-04:00,173330.1212486556
2019-04-11 00:00:00-04:00,173446.29975359334
2019-04-12 00:00:00-04:00,173960.37488983397
2019-04-15 00:00:00-04:00,174043.21094132707
2019-04-16 00:00:00-04:00,173811.48172871678
2019-04-17 00:00:00-04:00,174638.15629606484
2019-04-18 00:00:00-04:00,175959.29416670642
2019-04-22 00:00:00-04:00,176280.7482824275
2019-04-23 00:00:00-04:00,177663.34774977044
2019-04-24 00:00:00-04:00,177310.01396612503
2019-04-25 00:00:00-04:00,180706.8402831013
2019-04-26 00:00:00-04:00,181312.96119765204
2019-04-29 00:00:00-04:00,181214.85781082005
2019-04-30 00:00:00-04:00,181891.5223248027
2019-05-01 00:00:00-04:00,179679.53449301008
2019-05-02 00:00:00-04:00,178324.55082210564
2019-05-03 00:00:00-04:00,180501.8203695543
2019-05-06 00:00:00-04:00,179896.63227162152
2019-05-07 00:00:00-04:00,177781.9424038231
2019-05-08 00:00:00-04:00,177773.94027257257
2019-05-09 00:00:00-04:00,177765.93163322454
2019-05-10 00:00:00-04:00,179066.74571393753
2019-05-13 00:00:00-04:00,176057.7393777368
2019-05-14 00:00:00-04:00,177153.76660315972
2019-05-15 00:00:00-04:00,178544.7154718334
2019-05-16 00:00:00-04:00,180852.0279129269
2019-05-17 00:00:00-04:00,180171.98274913148
2019-05-20 00:00:00-04:00,178712.74617880024
2019-05-21 00:00:00-04:00,179247.9176163784
2019-05-22 00:00:00-04:00,179852.51536754763
2019-05-23 00:00:00-04:00,178685.53854327416
2019-05-24 00:00:00-04:00,178732.41291553347
2019-05-28 00:00:00-04:00,178670.0521685683
2019-05-29 00:00:00-04:00,177720.97113981473
2019-05-30 00:00:00-04:00,178334.3538521966
2019-05-31 00:00:00-04:00,176745.51333094592
2019-06-03 00:00:00-04:00,173774.97556251794
2019-06-04 00:00:00-04:00,176339.60749710942
2019-06-05 00:00:00-04:00,178398.46925570274
2019-06-06 00:00:00-04:00,179930.07436369808
2019-06-07 00:00:00-04:00,182679.08517562284
2019-06-10 00:00:00-04:00,183597.94259719877
2019-06-11 00:00:00-04:00,183216.06932377463
2019-06-12 00:00:00-04:00,182751.42023540975
2019-06-13 00:00:00-04:00,183381.8074397645
2019-06-14 00:00:00-04:00,183480.24906816648
2019-06-17 00:00:00-04:00,183782.51695808052
2019-06-18 00:00:00-04:00,185523.51950093568
2019-06-19 00:00:00-04:00,185921.8225132154
2019-06-20 00:00:00-04:00,186865.9888130619
2019-06-21 00:00:00-04:00,186880.94988205284
2019-06-24 00:00:00-04:00,187484.29453976997
2019-06-25 00:00:00-04:00,184253.3832453331
2019-06-26 00:00:00-04:00,184623.7856441557
2019-06-27 00:00:00-04:00,184786.3293756241
2019-06-28 00:00:00-04:00,184646.2844626768
2019-07-01 00:00:00-04:00,185910.7916096471
2019-07-02 00:00:00-04:00,186570.90785466763
2019-07-03 00:00:00-04:00,187214.7727402362
2019-07-05 00:00:00-04:00,186922.7689340183
2019-07-08 00:00:00-04:00,186849.93463143293
2019-07-09 00:00:00-04:00,186486.62181977733
2019-07-10 00:00:00-04:00,187494.41188404986
2019-07-11 00:00:00-04:00,187892.24081649107
2019-07-12 00:00:00-04:00,188253.0830567862
2019-07-15 00:00:00-04:00,188253.0830567862
2019-07-16 00:00:00-04:00,186946.21005777078
2019-07-17 00:00:00-04:00,186365.9654020631
2019-07-18 00:00:00-04:00,186473.18051481666
2019-07-19 00:00:00-04:00,186615.736036892
2019-07-22 00:00:00-04:00,187903.49842027941
2019-07-23 00:00:00-04:00,188514.02061877694
2019-07-24 00:00:00-04:00,189526.9691831335
2019-07-25 00:00:00-04:00,189152.37894772744
2019-07-26 00:00:00-04:00,189963.57818696578
2019-07-29 00:00:00-04:00,189745.370197272
2019-07-30 00:00:00-04:00,189267.64793708324
2019-07-31 00:00:00-04:00,186406.5240079482
2019-08-01 00:00:00-04:00,187659.57381695166
2019-08-02 00:00:00-04:00,186849.04684462224
2019-08-05 00:00:00-04:00,183577.63732813147
2019-08-06 00:00:00-04:00,185304.95909852162
2019-08-07 00:00:00-04:00,185715.2081930472
2019-08-08 00:00:00-04:00,188221.3650539582
2019-08-09 00:00:00-04:00,187403.58523134835
2019-08-12 00:00:00-04:00,186075.27978250588
2019-08-13 00:00:00-04:00,188016.51413209393
2019-08-14 00:00:00-04:00,185138.06113374472
2019-08-15 00:00:00-04:00,184930.79105066272
2019-08-16 00:00:00-04:00,186621.46101284205
2019-08-19 00:00:00-04:00,188192.38928335143
2019-08-20 00:00:00-04:00,187401.3482531012
2019-08-21 00:00:00-04:00,188452.07352534262
2019-08-22 00:00:00-04:00,187759.59630124664
2019-08-23 00:00:00-04:00,184754.40286316467
2019-08-26 00:00:00-04:00,186162.84060597274
2019-08-27 00:00:00-04:00,186360.83119985525
2019-08-28 00:00:00-04:00,186238.11107076256
2019-08-29 00:00:00-04:00,187982.14608005673
2019-08-30 00:00:00-04:00,187805.23108293797
2019-09-03 00:00:00-04:00,186568.19772158464
2019-09-04 00:00:00-04:00,187648.21366918785
2019-09-05 00:00:00-04:00,189290.74340700795
2019-09-06 00:00:00-04:00,188646.5366288409
2019-09-09 00:00:00-04:00,187575.92264720757
2019-09-10 00:00:00-04:00,186601.0397867167
2019-09-11 00:00:00-04:00,186628.0955573367
2019-09-12 00:00:00-04:00,187574.36213924305
2019-09-13 00:00:00-04:00,187439.31568070466
2019-09-16 00:00:00-04:00,186771.4637159158
2019-09-17 00:00:00-04:00,187485.80520615465
2019-09-18 00:00:00-04:00,188246.45340361656
2019-09-19 00:00:00-04:00,189961.1693238929
2019-09-20 00:00:00-04:00,188866.85173130865
2019-09-23 00:00:00-04:00,188665.67869073196
2019-09-24 00:00:00-04:00,187487.0292013134
2019-09-25 00:00:00-04:00,188812.0141512181
2019-09-26 00:00:00-04:00,188932.33699949225
2019-09-27 00:00:00-04:00,187723.76122472115
2019-09-30 00:00:00-04:00,188590.97095612373
2019-10-01 00:00:00-04:00,187284.7933275074
2019-10-02 00:00:00-04:00,185673.59603557197
2019-10-03 00:00:00-04:00,186757.9326502067
2019-10-04 00:00:00-04:00,187980.89180802836
2019-10-07 00:00:00-04:00,187317.0617712232
2019-10-08 00:00:00-04:00,186355.42899871798
2019-10-09 00:00:00-04:00,188057.88133779983
2019-10-10 00:00:00-04:00,188626.58828214882
2019-10-11 00:00:00-04:00,189009.57427020487
2019-10-14 00:00:00-04:00,188923.83221536712
2019-10-15 00:00:00-04:00,190254.682764924
2019-10-16 00:00:00-04:00,189491.09090654517
2019-10-17 00:00:00-04:00,189017.47211470653
2019-10-18 00:00:00-04:00,187518.6709880695
2019-10-21 00:00:00-04:00,188188.82920473246
2019-10-22 00:00:00-04:00,186836.084350084
2019-10-23 00:00:00-04:00,187407.19768332742
2019-10-24 00:00:00-04:00,189178.78572010685
2019-10-25 00:00:00-04:00,189696.9226623666
2019-10-28 00:00:00-04:00,191965.25813602598
2019-10-29 00:00:00-04:00,191074.21149145818
2019-10-30 00:00:00-04:00,192239.86892267902
2019-10-31 00:00:00-04:00,191428.28413620422
2019-11-01 00:00:00-04:00,191657.15506096155
2019-11-04 00:00:00-05:00,192199.5276302282
2019-11-05 00:00:00-05:00,192140.7754240927
2019-11-06 00:00:00-05:00,191879.84631958237
2019-11-07 00:00:00-05:00,192010.24128419545
2019-11-08 00:00:00-05:00,193117.6784244391
2019-11-11 00:00:00-05:00,193215.3163823516
2019-11-12 00:00:00-05:00,193839.80527700577
2019-11-13 00:00:00-05:00,193995.81696250045
2019-11-14 00:00:00-05:00,194482.8319227511
2019-11-15 00:00:00-05:00,195722.25949527192
2019-11-18 00:00:00-05:00,195962.14599701494
2019-11-19 00:00:00-05:00,195994.50535692822
2019-11-20 00:00:00-05:00,195825.68710023124
2019-11-21 00:00:00-05:00,195734.8645769799
2019-11-22 00:00:00-05:00,195806.14387427107
2019-11-25 00:00:00-05:00,196867.73291503635
2019-11-26 00:00:00-05:00,197384.99331177113
2019-11-27 00:00:00-05:00,197572.28150348735
2019-11-29 00:00:00-05:00,196965.80675351978
2019-12-02 00:00:00-05:00,195786.0774650293
2019-12-03 00:00:00-05:00,195631.4899812991
2019-12-04 00:00:00-05:00,195979.11583012593
2019-12-05 00:00:00-05:00,196030.58066002463
2019-12-06 00:00:00-05:00,197200.39367140166
2019-12-09 00:00:00-05:00,196950.03217676605
2019-12-10 00:00:00-05:00,196802.56004254738
2019-12-11 00:00:00-05:00,197167.6130649483
2019-12-12 00:00:00-05:00,198152.51268429848
2019-12-13 00:00:00-05:00,198976.26525159238
2019-12-16 00:00:00-05:00,199613.87327735973
2019-12-17 00:00:00-05:00,199078.99664837256
2019-12-18 00:00:00-05:00,198875.45266259147
2019-12-19 00:00:00-05:00,199726.36658397724
2019-12-20 00:00:00-05:00,200804.43985438356
2019-12-23 00:00:00-05:00,200804.43985438359
2019-12-24 00:00:00-05:00,200785.478688989
2019-12-26 00:00:00-05:00,201599.29346356515
2019-12-27 00:00:00-05:00,201781.9642947198
2019-12-30 00:00:00-05:00,200920.3821595103
2019-12-31 00:00:00-05:00,200989.46067649062
2020-01-02 00:00:00-05:00,202820.48365465688
2020-01-03 00:00:00-05:00,201568.95246660005
2020-01-06 00:00:00-05:00,201825.08166588133
2020-01-07 00:00:00-05:00,200920.91316588258
2020-01-08 00:00:00-05:00,202483.38769930226
2020-01-09 00:00:00-05:00,203726.36555027557
2020-01-10 00:00:00-05:00,203261.10060246842
2020-01-13 00:00:00-05:00,204462.33331911778
2020-01-14 00:00:00-05:00,203751.57791596933
2020-01-15 00:00:00-05:00,204399.4572918213
2020-01-16 00:00:00-05:00,206241.1482275668
2020-01-17 00:00:00-05:00,206812.78535928213
2020-01-21 00:00:00-05:00,206444.80764454353
2020-01-22 00:00:00-05:00,205955.3222150835
2020-01-23 00:00:00-05:00,206578.15863912093
2020-01-24 00:00:00-05:00,205554.4608515717
2020-01-27 00:00:00-05:00,203876.26228089648
2020-01-28 00:00:00-05:00,205806.23944959012
2020-01-29 00:00:00-05:00,207368.93073088763
2020-01-30 00:00:00-05:00,210234.4309768238
2020-01-31 00:00:00-05:00,208696.4594771483
2020-02-03 00:00:00-05:00,211193.9480354917
2020-02-04 00:00:00-05:00,214606.3322426667
2020-02-05 00:00:00-05:00,214477.1030294449
2020-02-06 00:00:00-05:00,216640.91525916095
2020-02-07 00:00:00-05:00,216789.81327975774
2020-02-10 00:00:00-05:00,219510.36689719715
2020-02-11 00:00:00-05:00,217132.07853717566
2020-02-12 00:00:00-05:00,217280.79696133453
2020-02-13 00:00:00-05:00,216737.3372545951
2020-02-14 00:00:00-05:00,217616.72200781928
2020-02-18 00:00:00-05:00,218611.02823841062
2020-02-19 00:00:00-05:00,218903.84345767618
2020-02-20 00:00:00-05:00,217429.11791797116
2020-02-21 00:00:00-05:00,214465.15712714277
2020-02-24 00:00:00-05:00,210605.96549022177
2020-02-25 00:00:00-05:00,209212.93154068658
2020-02-26 00:00:00-05:00,210235.3728598128
2020-02-27 00:00:00-05:00,204483.60418886086
2020-02-28 00:00:00-05:00,206317.53628682997
2020-03-02 00:00:00-05:00,211466.9498580063
2020-03-03 00:00:00-05:00,207524.01359472546
2020-03-04 00:00:00-05:00,210392.41728913068
2020-03-05 00:00:00-05:00,208366.09009033232
2020-03-06 00:00:00-05:00,206146.5159954785
2020-03-09 00:00:00-04:00,200985.77694716537
2020-03-10 00:00:00-04:00,205836.67228340093
2020-03-11 00:00:00-04:00,202409.4339662842
2020-03-12 00:00:00-04:00,195566.1891221774
2020-03-13 00:00:00-04:00,204855.18771308684
2020-03-16 00:00:00-04:00,193872.38661679113
2020-03-17 00:00:00-04:00,199108.16548537626
2020-03-18 00:00:00-04:00,196211.76132013684
2020-03-19 00:00:00-04:00,197296.44805091067
2020-03-20 00:00:00-04:00,194779.3895029377
2020-03-23 00:00:00-04:00,194135.48600375617
2020-03-24 00:00:00-04:00,199950.37420909735
2020-03-25 00:00:00-04:00,199282.44625964988
2020-03-26 00:00:00-04:00,203604.8260194446
2020-03-27 00:00:00-04:00,200592.46183111478
2020-03-30 00:00:00-04:00,205540.67180321133
2020-03-31 00:00:00-04:00,204357.6433328985
2020-04-01 00:00:00-04:00,201730.59630253917
2020-04-02 00:00:00-04:00,203207.89587387347
2020-04-03 00:00:00-04:00,202537.6337339938
2020-04-06 00:00:00-04:00,207897.46678743477
2020-04-07 00:00:00-04:00,207064.54214575817
2020-04-08 00:00:00-04:00,207831.180712238
2020-04-09 00:00:00-04:00,207835.8535412077
2020-04-13 00:00:00-04:00,208008.41785912524
2020-04-14 00:00:00-04:00,211822.46842735313
2020-04-15 00:00:00-04:00,210976.6522893426
2020-04-16 00:00:00-04:00,213370.19280131458
2020-04-17 00:00:00-04:00,214092.21277393436
2020-04-20 00:00:00-04:00,212457.37301245244
2020-04-21 00:00:00-04:00,209120.41248961992
2020-04-22 00:00:00-04:00,211743.71386557462
2020-04-23 00:00:00-04:00,210779.00482098846
2020-04-24 00:00:00-04:00,212214.67388520483
2020-04-27 00:00:00-04:00,211985.69899677788
2020-04-28 00:00:00-04:00,210047.14311951856
2020-04-29 00:00:00-04:00,213526.55148062418
2020-04-30 00:00:00-04:00,214337.8062884941
2020-05-01 00:00:00-04:00,212227.08293189845
2020-05-04 00:00:00-04:00,214166.73572911925
2020-05-05 00:00:00-04:00,215037.4449533049
2020-05-06 00:00:00-04:00,215843.11825884666
2020-05-07 00:00:00-04:00,216322.02982176992
2020-05-08 00:00:00-04:00,216809.06101669307
2020-05-11 00:00:00-04:00,217736.03532169882
2020-05-12 00:00:00-04:00,215836.80967293336
2020-05-13 00:00:00-04:00,214599.72893562753
2020-05-14 00:00:00-04:00,214948.7330112831
2020-05-15 00:00:00-04:00,216123.5638972461
2020-05-18 00:00:00-04:00,216903.703491408
2020-05-19 00:00:00-04:00,216334.2037633271
2020-05-20 00:00:00-04:00,217465.59211562888
2020-05-21 00:00:00-04:00,216474.16681073484
2020-05-22 00:00:00-04:00,216509.67653554073
2020-05-26 00:00:00-04:00,215650.00100669428
2020-05-27 00:00:00-04:00,215756.18537167477
2020-05-28 00:00:00-04:00,215575.0026184633
2020-05-29 00:00:00-04:00,216391.65637266988
2020-06-01 00:00:00-04:00,216206.48452050405
2020-06-02 00:00:00-04:00,217122.1652945529
2020-06-03 00:00:00-04:00,217319.99968266097
2020-06-04 00:00:00-04:00,216249.03871665744
2020-06-05 00:00:00-04:00,218124.4948337793
2020-06-08 00:00:00-04:00,218631.92091394862
2020-06-09 00:00:00-04:00,219260.88707315765
2020-06-10 00:00:00-04:00,222331.9282087317
2020-06-11 00:00:00-04:00,217729.74662220792
2020-06-12 00:00:00-04:00,218377.698497937
2020-06-15 00:00:00-04:00,218912.9930666553
2020-06-16 00:00:00-04:00,221002.9224998779
2020-06-17 00:00:00-04:00,221308.8156480224
2020-06-18 00:00:00-04:00,222269.17082832084
2020-06-19 00:00:00-04:00,221722.99680502742
2020-06-22 00:00:00-04:00,224280.80887613865
2020-06-23 00:00:00-04:00,224919.8670936363
2020-06-24 00:00:00-04:00,222958.7074464875
2020-06-25 00:00:00-04:00,224175.98954908326
2020-06-26 00:00:00-04:00,222203.44415312307
2020-06-29 00:00:00-04:00,223252.11188964397
2020-06-30 00:00:00-04:00,225797.43322803974
2020-07-01 00:00:00-04:00,226400.7257487502
2020-07-02 00:00:00-04:00,227199.15570327872
2020-07-06 00:00:00-04:00,229493.2405275268
2020-07-07 00:00:00-04:00,228215.75845624277
2020-07-08 00:00:00-04:00,230596.85985233122
2020-07-09 00:00:00-04:00,231369.28394490387
2020-07-10 00:00:00-04:00,231033.08013789478
2020-07-13 00:00:00-04:00,227628.43945737905
2020-07-14 00:00:00-04:00,228287.39944156684
2020-07-15 00:00:00-04:00,228128.20346997998
2020-07-16 00:00:00-04:00,226018.06500235113
2020-07-17 00:00:00-04:00,225487.23895371036
2020-07-20 00:00:00-04:00,229926.6988299556
2020-07-21 00:00:00-04:00,228480.83670906263
2020-07-22 00:00:00-04:00,229995.5008224297
2020-07-23 00:00:00-04:00,225360.1315098658
2020-07-24 00:00:00-04:00,224739.1083975243
2020-07-27 00:00:00-04:00,226011.42736452376
2020-07-28 00:00:00-04:00,225102.45773767482
2020-07-29 00:00:00-04:00,226111.52934927892
2020-07-30 00:00:00-04:00,226032.78028672774
2020-07-31 00:00:00-04:00,226576.36970625966
2020-08-03 00:00:00-04:00,232201.78837436074
2020-08-04 00:00:00-04:00,230623.3193474593
2020-08-05 00:00:00-04:00,230453.93194516923
2020-08-06 00:00:00-04:00,232097.39407103928
2020-08-07 00:00:00-04:00,230238.57096401835
2020-08-10 00:00:00-04:00,228213.85977386672
2020-08-11 00:00:00-04:00,225891.5125417909
2020-08-12 00:00:00-04:00,228653.14924591337
2020-08-13 00:00:00-04:00,228421.10704588622
2020-08-14 00:00:00-04:00,228515.544128733
2020-08-17 00:00:00-04:00,229165.48470269982
2020-08-18 00:00:00-04:00,229733.7489260715
2020-08-19 00:00:00-04:00,229132.89581161266
2020-08-20 00:00:00-04:00,231417.34152989654
2020-08-21 00:00:00-04:00,230688.84473240376
2020-08-24 00:00:00-04:00,231000.9498057466
2020-08-25 00:00:00-04:00,232293.23409218277
2020-08-26 00:00:00-04:00,234464.01400386333
2020-08-27 00:00:00-04:00,236976.04917537744
2020-08-28 00:00:00-04:00,238050.28292368486
2020-08-31 00:00:00-04:00,236511.54099908998
2020-09-01 00:00:00-04:00,237293.4722079431
2020-09-02 00:00:00-04:00,239236.55593708158
2020-09-03 00:00:00-04:00,232953.37297823298
2020-09-04 00:00:00-04:00,231635.95895342767
2020-09-08 00:00:00-04:00,226641.40976047967
2020-09-09 00:00:00-04:00,230354.5571082601
2020-09-10 00:00:00-04:00,227813.49155306857
2020-09-11 00:00:00-04:00,227239.31951415387
2020-09-14 00:00:00-04:00,227829.72664583405
2020-09-15 00:00:00-04:00,229269.33392020565
2020-09-16 00:00:00-04:00,227678.48764465208
2020-09-17 00:00:00-04:00,226766.96957147756
2020-09-18 00:00:00-04:00,225694.78531402553
2020-09-21 00:00:00-04:00,226608.43354975106
2020-09-22 00:00:00-04:00,228679.04728663177
2020-09-23 00:00:00-04:00,225786.13330831804
2020-09-24 00:00:00-04:00,226886.09094260505
2020-09-25 00:00:00-04:00,228842.45346552692
2020-09-28 00:00:00-04:00,229525.92617665866
2020-09-29 00:00:00-04:00,228607.57709750524
2020-09-30 00:00:00-04:00,229898.86755820113
2020-10-01 00:00:00-04:00,230793.288298287
2020-10-02 00:00:00-04:00,228165.55099188135
2020-10-05 00:00:00-04:00,229918.7898539262
2020-10-06 00:00:00-04:00,228051.84868922282
2020-10-07 00:00:00-04:00,229686.66223094036
2020-10-08 00:00:00-04:00,229998.914508994
2020-10-09 00:00:00-04:00,232172.78808484378
2020-10-12 00:00:00-04:00,234466.06163929868
2020-10-13 00:00:00-04:00,235057.02874948207
2020-10-14 00:00:00-04:00,234258.2019037499
2020-10-15 00:00:00-04:00,233785.2982884319
2020-10-16 00:00:00-04:00,233785.2982884319
2020-10-19 00:00:00-04:00,231697.88445252867
2020-10-20 00:00:00-04:00,231860.5548937717
2020-10-21 00:00:00-04:00,231917.20546648646
2020-10-22 00:00:00-04:00,231950.7230570028
2020-10-23 00:00:00-04:00,232442.73350189324
2020-10-26 00:00:00-04:00,230187.91245608393
2020-10-27 00:00:00-04:00,231349.05748550396
2020-10-28 00:00:00-04:00,227482.11397826817
2020-10-29 00:00:00-04:00,228228.31822236296
2020-10-30 00:00:00-04:00,227405.48793185133
2020-11-02 00:00:00-05:00,227354.3130517937
2020-11-03 00:00:00-05:00,228852.90209411056
2020-11-04 00:00:00-05:00,232490.73419922136
2020-11-05 00:00:00-05:00,235007.98766882508
2020-11-06 00:00:00-05:00,235164.65917427628
2020-11-09 00:00:00-05:00,233224.860087434
2020-11-10 00:00:00-05:00,230541.02739886355
2020-11-11 00:00:00-05:00,232555.59980294417
2020-11-12 00:00:00-05:00,232152.18424365635
2020-11-13 00:00:00-05:00,232540.98940446408
2020-11-16 00:00:00-05:00,232802.58769459807
2020-11-17 00:00:00-05:00,231796.4528653405
2020-11-18 00:00:00-05:00,230769.94265038823
2020-11-19 00:00:00-05:00,231257.60983222834
2020-11-20 00:00:00-05:00,230519.09746552905
2020-11-23 00:00:00-05:00,230417.2754455256
2020-11-24 00:00:00-05:00,231780.11166374144
2020-11-25 00:00:00-05:00,231783.76016697826
2020-11-27 00:00:00-05:00,232277.72347491852
2020-11-30 00:00:00-05:00,231856.52330011205
2020-12-01 00:00:00-05:00,232632.96080755867
2020-12-02 00:00:00-05:00,232328.50287935312
2020-12-03 00:00:00-05:00,231919.24587218152
2020-12-04 00:00:00-05:00,231962.66358774863
2020-12-07 00:00:00-05:00,231937.36824489068
2020-12-08 00:00:00-05:00,232558.85134397564
2020-12-09 00:00:00-05:00,231038.7745769609
2020-12-10 00:00:00-05:00,230576.51442810806
2020-12-11 00:00:00-05:00,231566.14827939915
2020-12-14 00:00:00-05:00,231905.6378985609
2020-12-15 00:00:00-05:00,231880.34926121758
2020-12-16 00:00:00-05:00,233740.08778969888
2020-12-17 00:00:00-05:00,233790.60794589948
2020-12-18 00:00:00-05:00,233491.42927943284
2020-12-21 00:00:00-05:00,234932.3697611114
2020-12-22 00:00:00-05:00,235418.23549135932
2020-12-23 00:00:00-05:00,234368.31012296927
2020-12-24 00:00:00-05:00,234989.91653583938
2020-12-28 00:00:00-05:00,235783.4183095055
2020-12-29 00:00:00-05:00,235492.86359110769
2020-12-30 00:00:00-05:00,234607.34766909177
2020-12-31 00:00:00-05:00,234872.5022315064
2021-01-04 00:00:00-05:00,233178.66128642915
2021-01-05 00:00:00-05:00,233253.84685100534
2021-01-06 00:00:00-05:00,231230.4166363267
2021-01-07 00:00:00-05:00,233395.24025979688
2021-01-08 00:00:00-05:00,233878.01252736186
2021-01-11 00:00:00-05:00,233095.14014099902
2021-01-12 00:00:00-05:00,232142.4558443678
2021-01-13 00:00:00-05:00,232673.72901330888
2021-01-14 00:00:00-05:00,231407.42905880208
2021-01-15 00:00:00-05:00,231266.29941566352
2021-01-19 00:00:00-05:00,232711.01145349367
2021-01-20 00:00:00-05:00,235721.43398501672
2021-01-21 00:00:00-05:00,235961.21397507517
2021-01-22 00:00:00-05:00,236333.7925921826
2021-01-25 00:00:00-05:00,237693.1822241571
2021-01-26 00:00:00-05:00,238755.1338689755
2021-01-27 00:00:00-05:00,238971.0000614549
2021-01-28 00:00:00-05:00,241250.55734612048
2021-01-29 00:00:00-05:00,238621.32570133032
2021-02-01 00:00:00-05:00,241517.24914750562
2021-02-02 00:00:00-05:00,241464.6189125555
2021-02-03 00:00:00-05:00,242773.70331116268
2021-02-04 00:00:00-05:00,242403.17278627676
2021-02-05 00:00:00-05:00,242474.16103097182
2021-02-08 00:00:00-05:00,242574.8387752946
2021-02-09 00:00:00-05:00,243058.71961879247
2021-02-10 00:00:00-05:00,242705.7544663527
2021-02-11 00:00:00-05:00,243325.24563012208
2021-02-12 00:00:00-05:00,243510.31834579702
2021-02-16 00:00:00-05:00,243033.67432631005
2021-02-17 00:00:00-05:00,243425.41949538083
2021-02-18 00:00:00-05:00,243274.18481468328
2021-02-19 00:00:00-05:00,242235.83361196643
2021-02-22 00:00:00-05:00,239830.37378003454
2021-02-23 00:00:00-05:00,239363.3721760326
2021-02-24 00:00:00-05:00,239850.93535678598
2021-02-25 00:00:00-05:00,237709.3441495442
2021-02-26 00:00:00-05:00,239029.9086207037
2021-03-01 00:00:00-05:00,240825.84682519827
2021-03-02 00:00:00-05:00,239603.79027312744
2021-03-03 00:00:00-05:00,237094.53860765992
2021-03-04 00:00:00-05:00,236760.8274744717
2021-03-05 00:00:00-05:00,238740.331263389
2021-03-08 00:00:00-05:00,237030.48556121395
2021-03-09 00:00:00-05:00,239623.23647749025
2021-03-10 00:00:00-05:00,239072.0051698151
2021-03-11 00:00:00-05:00,240977.94665655267
2021-03-12 00:00:00-05:00,240420.48581193964
2021-03-15 00:00:00-04:00,240045.41258033577
2021-03-16 00:00:00-04:00,241200.46858678816
2021-03-17 00:00:00-04:00,240936.8492846946
2021-03-18 00:00:00-04:00,238479.76204569975
2021-03-19 00:00:00-04:00,238337.5814454411
2021-03-22 00:00:00-04:00,240479.59247897964
2021-03-23 00:00:00-04:00,241076.15522700275
2021-03-24 00:00:00-04:00,240290.84071711858
2021-03-25 00:00:00-04:00,239149.5755946625
2021-03-26 00:00:00-04:00,240662.46030093392
2021-03-29 00:00:00-04:00,240209.83313748607
2021-03-30 00:00:00-04:00,238973.71684907796
2021-03-31 00:00:00-04:00,240401.6455411787
2021-04-01 00:00:00-04:00,242795.18564498873
2021-04-05 00:00:00-04:00,245235.63754143706
2021-04-06 00:00:00-04:00,244801.98567625793
2021-04-07 00:00:00-04:00,245523.37966672535
2021-04-08 00:00:00-04:00,246705.7633963072
2021-04-09 00:00:00-04:00,247621.50867908483
2021-04-12 00:00:00-04:00,247642.59554444227
2021-04-13 00:00:00-04:00,248547.3437631927
2021-04-14 00:00:00-04:00,247543.816175644
2021-04-15 00:00:00-04:00,248893.9752357127
2021-04-16 00:00:00-04:00,249321.1400214772
2021-04-19 00:00:00-04:00,248633.8543256726
2021-04-20 00:00:00-04:00,248469.3068485242
2021-04-21 00:00:00-04:00,249262.8624716311
2021-04-22 00:00:00-04:00,248099.5162055989
2021-04-23 00:00:00-04:00,249453.88367996766
2021-04-26 00:00:00-04:00,249589.6469616342
2021-04-27 00:00:00-04:00,249731.8300535292
2021-04-28 00:00:00-04:00,247229.42904471548
2021-04-29 00:00:00-04:00,246538.46340335408
2021-04-30 00:00:00-04:00,246427.4291743738
2021-05-03 00:00:00-04:00,246319.94795688993
2021-05-04 00:00:00-04:00,244955.27286032093
2021-05-05 00:00:00-04:00,244513.2540015187
2021-05-06 00:00:00-04:00,245603.35454972248
2021-05-07 00:00:00-04:00,246514.88061370671
2021-05-10 00:00:00-04:00,244754.53719128185
2021-05-11 00:00:00-04:00,244438.21796134228
2021-05-12 00:00:00-04:00,242034.17555295647
2021-05-13 00:00:00-04:00,243372.889287312
2021-05-14 00:00:00-04:00,245071.18929891815
2021-05-17 00:00:00-04:00,244087.73678294796
2021-05-18 00:00:00-04:00,243393.73006925717
2021-05-19 00:00:00-04:00,243592.16737164385
2021-05-20 00:00:00-04:00,244702.0168646599
2021-05-21 00:00:00-04:00,244270.05815973895
2021-05-24 00:00:00-04:00,246116.58270617132
2021-05-25 00:00:00-04:00,246425.36671042757
2021-05-26 00:00:00-04:00,246349.98985778552
2021-05-27 00:00:00-04:00,245637.11591569666
2021-05-28 00:00:00-04:00,245757.87649754758
2021-06-01 00:00:00-04:00,245014.8238522432
2021-06-02 00:00:00-04:00,244982.27676553957
2021-06-03 00:00:00-04:00,244465.4216990709
2021-06-04 00:00:00-04:00,246115.23818972055
2021-06-07 00:00:00-04:00,247095.00784389724
2021-06-08 00:00:00-04:00,246693.18551147392
2021-06-09 00:00:00-04:00,247023.45915244462
2021-06-10 00:00:00-04:00,248203.95841284504
2021-06-11 00:00:00-04:00,248413.98477253935
2021-06-14 00:00:00-04:00,249059.58327215098
2021-06-15 00:00:00-04:00,248566.13185082417
2021-06-16 00:00:00-04:00,248250.33858747705
2021-06-17 00:00:00-04:00,249383.68015708736
2021-06-18 00:00:00-04:00,248910.8401744336
2021-06-21 00:00:00-04:00,249939.3040019609
2021-06-22 00:00:00-04:00,250863.95115483186
2021-06-23 00:00:00-04:00,250786.99007126264
2021-06-24 00:00:00-04:00,251241.96187201055
2021-06-25 00:00:00-04:00,250707.5131977003
2021-06-28 00:00:00-04:00,251890.3710781416
2021-06-29 00:00:00-04:00,252746.0745134799
2021-06-30 00:00:00-04:00,252586.65023298725
2021-07-01 00:00:00-04:00,252809.45046976028
2021-07-02 00:00:00-04:00,254731.06818356353
2021-07-06 00:00:00-04:00,254734.23616519192
2021-07-07 00:00:00-04:00,255451.95947362052
2021-07-08 00:00:00-04:00,254660.2502464779
2021-07-09 00:00:00-04:00,254823.9319048393
2021-07-12 00:00:00-04:00,254629.16108535905
2021-07-13 00:00:00-04:00,255775.95493203145
2021-07-14 00:00:00-04:00,256253.99753449834
2021-07-15 00:00:00-04:00,255792.70704994048
2021-07-16 00:00:00-04:00,255705.65936171863
2021-07-19 00:00:00-04:00,254545.92212627316
2021-07-20 00:00:00-04:00,255260.64347079367
2021-07-21 00:00:00-04:00,255902.8342106694
2021-07-22 00:00:00-04:00,257383.155508101
2021-07-23 00:00:00-04:00,258482.8537497535
2021-07-26 00:00:00-04:00,258287.5601075343
2021-07-27 00:00:00-04:00,257488.27713846968
2021-07-28 00:00:00-04:00,257385.26838736213
2021-07-29 00:00:00-04:00,257476.3637323758
2021-07-30 00:00:00-04:00,256953.42339385313
2021-08-02 00:00:00-04:00,256923.48802478815
2021-08-03 00:00:00-04:00,257696.13872450724
2021-08-04 00:00:00-04:00,257491.7176679258
2021-08-05 00:00:00-04:00,258498.1519655626
2021-08-06 00:00:00-04:00,258478.1381040531
2021-08-09 00:00:00-04:00,258102.18993150734
2021-08-10 00:00:00-04:00,257474.90079535963
2021-08-11 00:00:00-04:00,257643.83184229955
2021-08-12 00:00:00-04:00,258601.17678121635
2021-08-13 00:00:00-04:00,259629.2990382205
2021-08-16 00:00:00-04:00,260220.1109860788
2021-08-17 00:00:00-04:00,259707.79625721823
2021-08-18 00:00:00-04:00,259104.28995195217
2021-08-19 00:00:00-04:00,261137.84217807627
2021-08-20 00:00:00-04:00,263718.8595479537
2021-08-23 00:00:00-04:00,263817.29996224766
2021-08-24 00:00:00-04:00,263129.4954650681
2021-08-25 00:00:00-04:00,262923.11654535844
2021-08-26 00:00:00-04:00,261937.02488961723
2021-08-27 00:00:00-04:00,262149.4399250928
2021-08-30 00:00:00-04:00,263452.24242945894
2021-08-31 00:00:00-04:00,262877.6518409439
2021-09-01 00:00:00-04:00,262860.8851674489
2021-09-02 00:00:00-04:00,262633.0761492293
2021-09-03 00:00:00-04:00,262629.75014879066
2021-09-07 00:00:00-04:00,262309.2632751431
2021-09-08 00:00:00-04:00,262319.2456004104
2021-09-09 00:00:00-04:00,261334.93833839532
2021-09-10 00:00:00-04:00,260823.77124582988
2021-09-13 00:00:00-04:00,261247.78811174352
2021-09-14 00:00:00-04:00,262173.296632619
2021-09-15 00:00:00-04:00,263832.449284456
2021-09-16 00:00:00-04:00,263964.1087174347
2021-09-17 00:00:00-04:00,262207.3320154425
2021-09-20 00:00:00-04:00,260382.45248219103
2021-09-21 00:00:00-04:00,260545.8546533907
2021-09-22 00:00:00-04:00,261778.45326405083
2021-09-23 00:00:00-04:00,262097.3382517317
2021-09-24 00:00:00-04:00,262029.16559919325
2021-09-27 00:00:00-04:00,260351.68644113216
2021-09-28 00:00:00-04:00,256910.48061480728
2021-09-29 00:00:00-04:00,257065.34453624126
2021-09-30 00:00:00-04:00,256395.59692369518
2021-10-01 00:00:00-04:00,258704.3826511068
2021-10-04 00:00:00-04:00,256781.36805964488
2021-10-05 00:00:00-04:00,258592.70412739168
2021-10-06 00:00:00-04:00,259984.8400297236
2021-10-07 00:00:00-04:00,260540.65657285898
2021-10-08 00:00:00-04:00,260540.65657285898
2021-10-11 00:00:00-04:00,260343.45478205825
2021-10-12 00:00:00-04:00,259914.8676691461
2021-10-13 00:00:00-04:00,261001.7156091472
2021-10-14 00:00:00-04:00,263038.58201624744
2021-10-15 00:00:00-04:00,263499.3705685228
2021-10-18 00:00:00-04:00,264469.43133658444
2021-10-19 00:00:00-04:00,264764.9054856193
2021-10-20 00:00:00-04:00,264507.6736878424
2021-10-21 00:00:00-04:00,265556.4881308441
2021-10-22 00:00:00-04:00,265056.6305008778
2021-10-25 00:00:00-04:00,264735.4943981574
2021-10-26 00:00:00-04:00,265351.6095564077
2021-10-27 00:00:00-04:00,269407.01312696317
2021-10-28 00:00:00-04:00,269772.5945566167
2021-10-29 00:00:00-04:00,272019.8140225813
2021-11-01 00:00:00-04:00,271326.0418550938
2021-11-02 00:00:00-04:00,272482.7176827034
2021-11-03 00:00:00-04:00,272749.6781151286
2021-11-04 00:00:00-04:00,273496.6113415074
2021-11-05 00:00:00-04:00,273380.558716557
2021-11-08 00:00:00-05:00,273663.90062847536
2021-11-09 00:00:00-05:00,273347.8174337952
2021-11-10 00:00:00-05:00,271785.68228830595
2021-11-11 00:00:00-05:00,272279.1733678908
2021-11-12 00:00:00-05:00,273575.42641226854
2021-11-15 00:00:00-05:00,273379.4586140373
2021-11-16 00:00:00-05:00,274414.53307813796
2021-11-17 00:00:00-05:00,274483.7329753467
2021-11-18 00:00:00-05:00,275128.9999083553
2021-11-19 00:00:00-05:00,275680.14433263964
2021-11-22 00:00:00-05:00,274699.8751253814
2021-11-23 00:00:00-05:00,274058.6347964724
2021-11-24 00:00:00-05:00,274127.08008583495
2021-11-26 00:00:00-05:00,271683.2448251927
2021-11-29 00:00:00-05:00,273743.2837869883
2021-11-30 00:00:00-05:00,271974.1502137949
2021-12-01 00:00:00-05:00,271826.57562303235
2021-12-02 00:00:00-05:00,271657.82840872725
2021-12-03 00:00:00-05:00,269827.499355944
2021-12-06 00:00:00-05:00,270714.5645006149
2021-12-07 00:00:00-05:00,273119.25902601815
2021-12-08 00:00:00-05:00,273132.8409410138
2021-12-09 00:00:00-05:00,272630.93442926166
2021-12-10 00:00:00-05:00,275131.65551735676
2021-12-13 00:00:00-05:00,274310.8520834849
2021-12-14 00:00:00-05:00,271458.0847731773
2021-12-15 00:00:00-05:00,273063.75244598486
2021-12-16 00:00:00-05:00,270616.6178040325
2021-12-17 00:00:00-05:00,270344.3933298171
2021-12-20 00:00:00-05:00,269395.28694688063
2021-12-21 00:00:00-05:00,271170.35591371305
2021-12-22 00:00:00-05:00,272571.57341133
2021-12-23 00:00:00-05:00,272919.774671134
2021-12-27 00:00:00-05:00,274706.6074837536
2021-12-28 00:00:00-05:00,274434.42969486176
2021-12-29 00:00:00-05:00,274590.84175259725
2021-12-30 00:00:00-05:00,274011.8375933009
2021-12-31 00:00:00-05:00,273361.26041109045
2022-01-03 00:00:00-05:00,273025.9846647248
2022-01-04 00:00:00-05:00,271819.2454656067
2022-01-05 00:00:00-05:00,269206.3085699708
2022-01-06 00:00:00-05:00,268697.47537606646
2022-01-07 00:00:00-05:00,268729.4989041107
2022-01-10 00:00:00-05:00,268774.78652687493
2022-01-11 00:00:00-05:00,268912.24569617194
2022-01-12 00:00:00-05:00,269538.27027888794
2022-01-13 00:00:00-05:00,267020.04891268996
2022-01-14 00:00:00-05:00,268011.55863516725
2022-01-18 00:00:00-05:00,266650.48468377074
2022-01-19 00:00:00-05:00,266770.76966609154
2022-01-20 00:00:00-05:00,266470.5969384888
2022-01-21 00:00:00-05:00,265522.8972747548
2022-01-24 00:00:00-05:00,265579.6024248762
2022-01-25 00:00:00-05:00,264291.1109505649
2022-01-26 00:00:00-05:00,265636.7079463574
2022-01-27 00:00:00-05:00,266138.6340407654
2022-01-28 00:00:00-05:00,267460.18482654344
2022-01-31 00:00:00-05:00,267877.8745818309
2022-02-01 00:00:00-05:00,267544.4129513354
2022-02-02 00:00:00-05:00,268234.6379856452
2022-02-03 00:00:00-05:00,266482.3866412503
2022-02-04 00:00:00-05:00,267139.4674077257
2022-02-07 00:00:00-05:00,266457.9923256623
2022-02-08 00:00:00-05:00,266938.2716850745
2022-02-09 00:00:00-05:00,267799.37772173155
2022-02-10 00:00:00-05:00,266686.5850836821
2022-02-11 00:00:00-05:00,265787.55330212525
2022-02-14 00:00:00-05:00,265782.77515055897
2022-02-15 00:00:00-05:00,266415.10749402473
2022-02-16 00:00:00-05:00,266375.75501059333
2022-02-17 00:00:00-05:00,265419.5895498401
2022-02-18 00:00:00-05:00,265114.232828167
2022-02-22 00:00:00-05:00,265091.3279116934
2022-02-23 00:00:00-05:00,264277.8726171953
2022-02-24 00:00:00-05:00,265845.04772962356
2022-02-25 00:00:00-05:00,266142.9841399109
2022-02-28 00:00:00-05:00,266305.2363296256
2022-03-01 00:00:00-05:00,265896.76709892345
2022-03-02 00:00:00-05:00,266437.05592009285
2022-03-03 00:00:00-05:00,266010.57315302425
2022-03-04 00:00:00-05:00,265424.99069318786
2022-03-07 00:00:00-05:00,264402.5598742174
2022-03-08 00:00:00-05:00,264115.7739387109
2022-03-09 00:00:00-05:00,265307.9065236443
2022-03-10 00:00:00-05:00,265032.5867705928
2022-03-11 00:00:00-05:00,264507.7164201361
2022-03-14 00:00:00-04:00,264160.6682718065
2022-03-15 00:00:00-04:00,265191.08541314735
2022-03-16 00:00:00-04:00,265891.1057290579
2022-03-17 00:00:00-04:00,265968.8827621293
2022-03-18 00:00:00-04:00,266441.51915280643
2022-03-21 00:00:00-04:00,266330.09666143183
2022-03-22 00:00:00-04:00,266745.3622343921
2022-03-23 00:00:00-04:00,266371.92580881686
2022-03-24 00:00:00-04:00,266734.7192133116
2022-03-25 00:00:00-04:00,266702.9089057061
2022-03-28 00:00:00-04:00,267213.4536404609
2022-03-29 00:00:00-04:00,267542.0655967619
2022-03-30 00:00:00-04:00,267438.50377978664
2022-03-31 00:00:00-04:00,267083.9755730412
2022-04-01 00:00:00-04:00,267151.64283989044
2022-04-04 00:00:00-04:00,267473.5907527724
2022-04-05 00:00:00-04:00,267248.4739227554
2022-04-06 00:00:00-04:00,266655.8471655942
2022-04-07 00:00:00-04:00,266747.54229445825
2022-04-08 00:00:00-04:00,266531.783772262
2022-04-11 00:00:00-04:00,265957.5657484966
2022-04-12 00:00:00-04:00,265800.64835015696
2022-04-13 00:00:00-04:00,266093.0065220275
2022-04-14 00:00:00-04:00,265656.30744020594
2022-04-18 00:00:00-04:00,265697.45318212477
2022-04-19 00:00:00-04:00,265999.5352047497
2022-04-20 00:00:00-04:00,266070.23761615186
2022-04-21 00:00:00-04:00,265680.65987882303
2022-04-22 00:00:00-04:00,265204.74477584835
2022-04-25 00:00:00-04:00,265698.7577786781
2022-04-26 00:00:00-04:00,264885.9997152478
2022-04-27 00:00:00-04:00,265940.38513584377
2022-04-28 00:00:00-04:00,266482.9066139935
2022-04-29 00:00:00-04:00,265416.1326209651
2022-05-02 00:00:00-04:00,266053.40182786155
2022-05-03 00:00:00-04:00,265797.2942369749
2022-05-04 00:00:00-04:00,266607.11043915374
2022-05-05 00:00:00-04:00,265316.24815229955
2022-05-06 00:00:00-04:00,265039.0161151219
2022-05-09 00:00:00-04:00,263928.08843431366
2022-05-10 00:00:00-04:00,264485.18570834654
2022-05-11 00:00:00-04:00,263438.55502619484
2022-05-12 00:00:00-04:00,262810.49915201386
2022-05-13 00:00:00-04:00,263530.0002245031
2022-05-16 00:00:00-04:00,263578.8394992633
2022-05-17 00:00:00-04:00,264282.939593935
2022-05-18 00:00:00-04:00,262629.59530347196
2022-05-19 00:00:00-04:00,262497.6657626062
2022-05-20 00:00:00-04:00,262413.96786748915
2022-05-23 00:00:00-04:00,263613.3875951451
2022-05-24 00:00:00-04:00,263456.73274711485
2022-05-25 00:00:00-04:00,263908.9900042701
2022-05-26 00:00:00-04:00,264448.97314225027
2022-05-27 00:00:00-04:00,265649.1867423301
2022-05-31 00:00:00-04:00,265420.1563775909
2022-06-01 00:00:00-04:00,265512.1042186086
2022-06-02 00:00:00-04:00,265873.19220359734
2022-06-03 00:00:00-04:00,265110.8801459927
2022-06-06 00:00:00-04:00,264902.9825432267
2022-06-07 00:00:00-04:00,265516.8399896175
2022-06-08 00:00:00-04:00,265174.71983661206
2022-06-09 00:00:00-04:00,264254.7348188207
2022-06-10 00:00:00-04:00,262323.1192004167
2022-06-13 00:00:00-04:00,260566.6518511154
2022-06-14 00:00:00-04:00,260931.7040082325
2022-06-15 00:00:00-04:00,262121.77764690522
2022-06-16 00:00:00-04:00,261010.27098120487
2022-06-17 00:00:00-04:00,261448.98015849304
2022-06-21 00:00:00-04:00,262445.89120490506
2022-06-22 00:00:00-04:00,262346.04090032517
2022-06-23 00:00:00-04:00,263284.0170568174
2022-06-24 00:00:00-04:00,264731.10328257346
2022-06-27 00:00:00-04:00,264271.11850183015
2022-06-28 00:00:00-04:00,262894.4280159481
2022-06-29 00:00:00-04:00,263513.197991191
2022-06-30 00:00:00-04:00,262963.5447305423
2022-07-01 00:00:00-04:00,263394.65302366356
2022-07-05 00:00:00-04:00,263895.8969505303
2022-07-06 00:00:00-04:00,264398.90796187
2022-07-07 00:00:00-04:00,264719.32413414586
2022-07-08 00:00:00-04:00,264613.54330458544
2022-07-11 00:00:00-04:00,264163.30673212244
2022-07-12 00:00:00-04:00,262613.90144273284
2022-07-13 00:00:00-04:00,262478.11024003313
2022-07-14 00:00:00-04:00,262672.5073692914
2022-07-15 00:00:00-04:00,263049.8526097238
2022-07-18 00:00:00-04:00,262705.67883934994
2022-07-19 00:00:00-04:00,263422.2111873641
2022-07-20 00:00:00-04:00,263784.52838760026
2022-07-21 00:00:00-04:00,264115.3497309226
2022-07-22 00:00:00-04:00,263554.7013292031
2022-07-25 00:00:00-04:00,263368.7743174479
2022-07-26 00:00:00-04:00,262550.8436143153
2022-07-27 00:00:00-04:00,264538.4235253595
2022-07-28 00:00:00-04:00,265443.7006413491
2022-07-29 00:00:00-04:00,265954.76268832706
2022-08-01 00:00:00-04:00,265632.546606025
2022-08-02 00:00:00-04:00,265256.0396770219
2022-08-03 00:00:00-04:00,266158.9505070485
2022-08-04 00:00:00-04:00,266298.22333801084
2022-08-05 00:00:00-04:00,266210.8862119905
2022-08-08 00:00:00-04:00,265905.18955461343
2022-08-09 00:00:00-04:00,266138.8760810771
2022-08-10 00:00:00-04:00,266948.5545012165
2022-08-11 00:00:00-04:00,266695.9674049263
2022-08-12 00:00:00-04:00,267273.1294400122
2022-08-15 00:00:00-04:00,267457.25026223157
2022-08-16 00:00:00-04:00,267367.5431355136
2022-08-17 00:00:00-04:00,267276.476415919
2022-08-18 00:00:00-04:00,267140.4614072323
2022-08-19 00:00:00-04:00,266664.9753738605
2022-08-22 00:00:00-04:00,265671.4473071302
2022-08-23 00:00:00-04:00,265521.1707470621
2022-08-24 00:00:00-04:00,265448.86832117283
2022-08-25 00:00:00-04:00,265778.2277892137
2022-08-26 00:00:00-04:00,264658.602707483
2022-08-29 00:00:00-04:00,264371.07353726693
2022-08-30 00:00:00-04:00,264151.8022328087
2022-08-31 00:00:00-04:00,264006.2582438219
2022-09-01 00:00:00-04:00,263906.3670791056
2022-09-02 00:00:00-04:00,263516.7092595784
2022-09-06 00:00:00-04:00,263274.8663361982
2022-09-07 00:00:00-04:00,263674.25572645135
2022-09-08 00:00:00-04:00,263708.24546462926
2022-09-09 00:00:00-04:00,264156.3122764205
2022-09-12 00:00:00-04:00,264313.7710842095
2022-09-13 00:00:00-04:00,263311.9717713477
2022-09-14 00:00:00-04:00,263326.8957925122
2022-09-15 00:00:00-04:00,262907.9426059378
2022-09-16 00:00:00-04:00,262871.08483425574
2022-09-19 00:00:00-04:00,262858.3502272846
2022-09-20 00:00:00-04:00,262737.7808546955
2022-09-21 00:00:00-04:00,262532.97511621605
2022-09-22 00:00:00-04:00,262652.27475343674
2022-09-23 00:00:00-04:00,262471.51818232995
2022-09-26 00:00:00-04:00,262443.5851656852
2022-09-27 00:00:00-04:00,262381.31127375143
2022-09-28 00:00:00-04:00,262661.68060268037
2022-09-29 00:00:00-04:00,262446.21726847615
2022-09-30 00:00:00-04:00,262167.4723099335
2022-10-03 00:00:00-04:00,262646.0678234799
2022-10-04 00:00:00-04:00,263145.3691469736
2022-10-05 00:00:00-04:00,263165.06216078915
2022-10-06 00:00:00-04:00,263025.83279266936
2022-10-07 00:00:00-04:00,262346.83635611925
2022-10-10 00:00:00-04:00,262055.5552968438
2022-10-11 00:00:00-04:00,261814.65389868454
2022-10-12 00:00:00-04:00,261837.49274809827
2022-10-13 00:00:00-04:00,262445.3842689921
2022-10-14 00:00:00-04:00,262014.43972562545
2022-10-17 00:00:00-04:00,262734.24122539564
2022-10-18 00:00:00-04:00,262816.1612878744
2022-10-19 00:00:00-04:00,262637.09172443044
2022-10-20 00:00:00-04:00,262606.4432311198
2022-10-21 00:00:00-04:00,263186.19233022566
2022-10-24 00:00:00-04:00,263705.56606874516
2022-10-25 00:00:00-04:00,264064.59047561506
2022-10-26 00:00:00-04:00,262028.36243053805
2022-10-27 00:00:00-04:00,261527.44904800638
2022-10-28 00:00:00-04:00,262567.3016821195
2022-10-31 00:00:00-04:00,262125.01768050587
2022-11-01 00:00:00-04:00,261639.64921828313
2022-11-02 00:00:00-04:00,260615.17070986057
2022-11-03 00:00:00-04:00,259845.93764797773
2022-11-04 00:00:00-04:00,260818.12019333203
2022-11-07 00:00:00-05:00,261729.70683257538
2022-11-08 00:00:00-05:00,261874.76905330992
2022-11-09 00:00:00-05:00,261223.2397393231
2022-11-10 00:00:00-05:00,264065.5665930234
2022-11-11 00:00:00-05:00,264718.12462660245
2022-11-14 00:00:00-05:00,263817.1201599756
2022-11-15 00:00:00-05:00,263886.92363678635
2022-11-16 00:00:00-05:00,263962.07374370494
2022-11-17 00:00:00-05:00,263953.3212118631
2022-11-18 00:00:00-05:00,263870.95227029984
2022-11-21 00:00:00-05:00,264023.02619694406
2022-11-22 00:00:00-05:00,264581.3439726748
2022-11-23 00:00:00-05:00,265069.508024871
2022-11-25 00:00:00-05:00,265052.2799044853
2022-11-28 00:00:00-05:00,263955.35195963393
2022-11-29 00:00:00-05:00,263675.67245396314
2022-11-30 00:00:00-05:00,266633.73677565873
2022-12-01 00:00:00-05:00,266542.09903745365
2022-12-02 00:00:00-05:00,266609.2989824496
2022-12-05 00:00:00-05:00,265627.6924966143
2022-12-06 00:00:00-05:00,264593.12842314603
2022-12-07 00:00:00-05:00,264440.3914183228
2022-12-08 00:00:00-05:00,265069.8551895127
2022-12-09 00:00:00-05:00,264650.5213285134
2022-12-12 00:00:00-05:00,266180.9813310914
2022-12-13 00:00:00-05:00,267150.4042065514
2022-12-14 00:00:00-05:00,267216.3475708427
2022-12-15 00:00:00-05:00,265411.60536359146
2022-12-16 00:00:00-05:00,264461.965153193
2022-12-19 00:00:00-05:00,263529.92177310487
2022-12-20 00:00:00-05:00,263832.2968816628
2022-12-21 00:00:00-05:00,264432.2423013551
2022-12-22 00:00:00-05:00,262983.26715544384
2022-12-23 00:00:00-05:00,263110.9252952777
2022-12-27 00:00:00-05:00,262685.0719393925
2022-12-28 00:00:00-05:00,262090.17676620267
2022-12-29 00:00:00-05:00,263704.2050302611
2022-12-30 00:00:00-05:00,263402.86839408526
2023-01-03 00:00:00-05:00,263341.0862984606
2023-01-04 00:00:00-05:00,260599.81383978872
2023-01-05 00:00:00-05:00,258794.1046313211
2023-01-06 00:00:00-05:00,259502.6409293468
2023-01-09 00:00:00-05:00,260104.62963414314
2023-01-10 00:00:00-05:00,260587.79258435144
2023-01-11 00:00:00-05:00,262550.6781764074
2023-01-12 00:00:00-05:00,263339.50564907235
2023-01-13 00:00:00-05:00,263549.79912117496
2023-01-17 00:00:00-05:00,263881.63727518625
2023-01-18 00:00:00-05:00,262517.691820903
2023-01-19 00:00:00-05:00,261335.56314103154
2023-01-20 00:00:00-05:00,263897.01606386696
2023-01-23 00:00:00-05:00,264636.0431018078
2023-01-24 00:00:00-05:00,264464.72118087887
2023-01-25 00:00:00-05:00,264005.1159309954
2023-01-26 00:00:00-05:00,266410.96420998365
2023-01-27 00:00:00-05:00,266463.0393808797
2023-01-30 00:00:00-05:00,264689.51444326004
2023-01-31 00:00:00-05:00,266349.06147085957
2023-02-01 00:00:00-05:00,267955.74482194043
2023-02-02 00:00:00-05:00,271760.5305106474
2023-02-03 00:00:00-05:00,269780.12312811305
2023-02-06 00:00:00-05:00,269286.14556805533
2023-02-07 00:00:00-05:00,272613.78214115347
2023-02-08 00:00:00-05:00,272361.234586147
2023-02-09 00:00:00-05:00,271416.5368923101
2023-02-10 00:00:00-05:00,271258.83211757895
2023-02-13 00:00:00-05:00,273748.5951842702
2023-02-14 00:00:00-05:00,274005.76272516156
2023-02-15 00:00:00-05:00,273339.5909046133
2023-02-16 00:00:00-05:00,271111.8960119652
2023-02-17 00:00:00-05:00,269858.6854252209
2023-02-21 00:00:00-05:00,268230.7872765999
2023-02-22 00:00:00-05:00,267885.6258938772
2023-02-23 00:00:00-05:00,268841.14931920054
2023-02-24 00:00:00-05:00,267238.2219892859
2023-02-27 00:00:00-05:00,267505.5757991875
2023-02-28 00:00:00-05:00,267298.23323240574
2023-03-01 00:00:00-05:00,266416.301731448
2023-03-02 00:00:00-05:00,267770.481367496
2023-03-03 00:00:00-05:00,268938.8479026392
2023-03-06 00:00:00-05:00,269380.10621207685
2023-03-07 00:00:00-05:00,268620.94388367044
2023-03-08 00:00:00-05:00,268493.5667118261
2023-03-09 00:00:00-05:00,268103.54004290135
2023-03-10 00:00:00-05:00,267051.06384229544
2023-03-13 00:00:00-04:00,268553.71998259303
2023-03-14 00:00:00-04:00,270487.8681664869
2023-03-15 00:00:00-04:00,271794.32035211415
2023-03-16 00:00:00-04:00,274808.8659191909
2023-03-17 00:00:00-04:00,275710.3070294348
2023-03-20 00:00:00-04:00,273707.8124615632
2023-03-21 00:00:00-04:00,274137.7616543887
2023-03-22 00:00:00-04:00,273725.5532486557
2023-03-23 00:00:00-04:00,275206.8296351792
2023-03-24 00:00:00-04:00,276007.99240599363
2023-03-27 00:00:00-04:00,274856.5461504047
2023-03-28 00:00:00-04:00,274541.15133793943
2023-03-29 00:00:00-04:00,275986.4930532053
2023-03-30 00:00:00-04:00,276953.47169850644
2023-03-31 00:00:00-04:00,278111.6978204105
2023-04-03 00:00:00-04:00,277820.8249389994
2023-04-04 00:00:00-04:00,277807.28705653595
2023-04-05 00:00:00-04:00,277038.8659073933
2023-04-06 00:00:00-04:00,279028.7464742831
2023-04-10 00:00:00-04:00,278415.42322594067
2023-04-11 00:00:00-04:00,276599.4336566951
2023-04-12 00:00:00-04:00,276781.72348158574
2023-04-13 00:00:00-04:00,278532.98378116457
2023-04-14 00:00:00-04:00,277499.8223667174
2023-04-17 00:00:00-04:00,278251.88249940757
2023-04-18 00:00:00-04:00,278128.8203444043
2023-04-19 00:00:00-04:00,278151.97726135177
2023-04-20 00:00:00-04:00,277475.6609462361
2023-04-21 00:00:00-04:00,277374.7000895433
2023-04-24 00:00:00-04:00,276226.0208666024
2023-04-25 00:00:00-04:00,274400.62596950674
2023-04-26 00:00:00-04:00,280207.98258615495
2023-04-27 00:00:00-04:00,282993.7980224788
2023-04-28 00:00:00-04:00,283709.3964509452
2023-05-01 00:00:00-04:00,283208.74894207926
2023-05-02 00:00:00-04:00,283165.1974563808
2023-05-03 00:00:00-04:00,282872.8626634912
2023-05-04 00:00:00-04:00,283164.3730481533
2023-05-05 00:00:00-04:00,284671.8765399318
2023-05-08 00:00:00-04:00,284104.9031068222
2023-05-09 00:00:00-04:00,283638.7642638524
2023-05-10 00:00:00-04:00,285133.4477993377
2023-05-11 00:00:00-04:00,284516.2916668751
2023-05-12 00:00:00-04:00,284197.5854318258
2023-05-15 00:00:00-04:00,284334.10241223674
2023-05-16 00:00:00-04:00,284966.73588395276
2023-05-17 00:00:00-04:00,285780.4584979302
2023-05-18 00:00:00-04:00,287025.7297329648
2023-05-19 00:00:00-04:00,286976.366119085
2023-05-22 00:00:00-04:00,287751.57623506075
2023-05-23 00:00:00-04:00,286142.4411518333
2023-05-24 00:00:00-04:00,285760.63591014623
2023-05-25 00:00:00-04:00,289016.6810956431
2023-05-26 00:00:00-04:00,290889.16723288613
2023-05-30 00:00:00-04:00,290439.95585420704
2023-05-31 00:00:00-04:00,289689.6178689091
2023-06-01 00:00:00-04:00,290799.70173107064
2023-06-02 00:00:00-04:00,291535.18581448845
2023-06-05 00:00:00-04:00,291673.7763365191
2023-06-06 00:00:00-04:00,291103.17012479657
2023-06-07 00:00:00-04:00,288544.39788665716
2023-06-08 00:00:00-04:00,289003.8381732928
2023-06-09 00:00:00-04:00,289371.3905205061
2023-06-12 00:00:00-04:00,290566.47713101015
2023-06-13 00:00:00-04:00,291142.76177254535
2023-06-14 00:00:00-04:00,291863.1046904258
2023-06-15 00:00:00-04:00,294404.4334524798
2023-06-16 00:00:00-04:00,293041.6629199622
2023-06-20 00:00:00-04:00,292030.79597474716
2023-06-21 00:00:00-04:00,290987.25634944596
2023-06-22 00:00:00-04:00,292393.17675023706
2023-06-23 00:00:00-04:00,291338.9306553026
2023-06-26 00:00:00-04:00,289919.5734750229
2023-06-27 00:00:00-04:00,291217.41204065696
2023-06-28 00:00:00-04:00,291490.8944534961
2023-06-29 00:00:00-04:00,291319.96461519384
2023-06-30 00:00:00-04:00,292493.01500649453
2023-07-03 00:00:00-04:00,291948.141595274
2023-07-05 00:00:00-04:00,291982.3502088235
2023-07-06 00:00:00-04:00,292648.9785763689
2023-07-07 00:00:00-04:00,291783.6325325679
2023-07-10 00:00:00-04:00,290631.94920362445
2023-07-11 00:00:00-04:00,290768.06084032473
2023-07-12 00:00:00-04:00,291754.7270123154
2023-07-13 00:00:00-04:00,292871.8623273373
2023-07-14 00:00:00-04:00,293389.61410420225
2023-07-17 00:00:00-04:00,293486.0342996735
2023-07-18 00:00:00-04:00,296139.42867986165
2023-07-19 00:00:00-04:00,295306.451305451
2023-07-20 00:00:00-04:00,293788.31498626375
2023-07-21 00:00:00-04:00,293227.59380082204
2023-07-24 00:00:00-04:00,293468.5773645758
2023-07-25 00:00:00-04:00,294501.703117409
2023-07-26 00:00:00-04:00,292226.62012506207
2023-07-27 00:00:00-04:00,291017.1529563952
2023-07-28 00:00:00-04:00,292325.254096701
2023-07-31 00:00:00-04:00,291908.0862494058
2023-08-01 00:00:00-04:00,291979.31918361544
2023-08-02 00:00:00-04:00,290486.44579043135
2023-08-03 00:00:00-04:00,290345.062250957
2023-08-04 00:00:00-04:00,290533.0017025057
2023-08-07 00:00:00-04:00,290915.554491792
2023-08-08 00:00:00-04:00,290263.748295666
2023-08-09 00:00:00-04:00,289664.12914323714
2023-08-10 00:00:00-04:00,289773.7012918438
2023-08-11 00:00:00-04:00,289473.8654221198
2023-08-14 00:00:00-04:00,289945.9134265314
2023-08-15 00:00:00-04:00,289607.1590710783
2023-08-16 00:00:00-04:00,289486.0326677659
2023-08-17 00:00:00-04:00,288940.52125445654
2023-08-18 00:00:00-04:00,288878.6624336171
2023-08-21 00:00:00-04:00,289711.71637895895
2023-08-22 00:00:00-04:00,289800.93152838305
2023-08-23 00:00:00-04:00,290497.6928432104
2023-08-24 00:00:00-04:00,289421.97771512135
2023-08-25 00:00:00-04:00,289881.50648526655
2023-08-28 00:00:00-04:00,289991.14543562836
2023-08-29 00:00:00-04:00,290706.5212056724
2023-08-30 00:00:00-04:00,290764.0652587529
2023-08-31 00:00:00-04:00,290611.7222845499
2023-09-01 00:00:00-04:00,290744.3809964285
2023-09-05 00:00:00-04:00,291462.1796112872
2023-09-06 00:00:00-04:00,291364.1045521994
2023-09-07 00:00:00-04:00,290920.4062790271
2023-09-08 00:00:00-04:00,291584.9680416484
2023-09-11 00:00:00-04:00,292155.34670672147
2023-09-12 00:00:00-04:00,291198.4660318329
2023-09-13 00:00:00-04:00,291862.55774252204
2023-09-14 00:00:00-04:00,292270.40801534656
2023-09-15 00:00:00-04:00,290935.3109892351
2023-09-18 00:00:00-04:00,290752.9496651549
2023-09-19 00:00:00-04:00,290688.58518855367
2023-09-20 00:00:00-04:00,289452.92571552563
2023-09-21 00:00:00-04:00,289258.6391722399
2023-09-22 00:00:00-04:00,288864.0882128737
2023-09-25 00:00:00-04:00,288947.0139510582
2023-09-26 00:00:00-04:00,288102.44051552925
2023-09-27 00:00:00-04:00,288204.11526541173
2023-09-28 00:00:00-04:00,288337.1088058105
2023-09-29 00:00:00-04:00,288667.3441739662
2023-10-02 00:00:00-04:00,289614.48989055643
2023-10-03 00:00:00-04:00,288298.47449749935
2023-10-04 00:00:00-04:00,289170.0660351927
2023-10-05 00:00:00-04:00,289232.6819206018
2023-10-06 00:00:00-04:00,290470.3190873312
2023-10-09 00:00:00-04:00,290871.4491481547
2023-10-10 00:00:00-04:00,290647.41409901774
2023-10-11 00:00:00-04:00,291291.0730251254
2023-10-12 00:00:00-04:00,291086.0294524151
2023-10-13 00:00:00-04:00,290517.5219422513
2023-10-16 00:00:00-04:00,291346.32656044693
2023-10-17 00:00:00-04:00,291246.6685999105
2023-10-18 00:00:00-04:00,290905.781273129
2023-10-19 00:00:00-04:00,291120.97327533114
2023-10-20 00:00:00-04:00,290279.9715809029
2023-10-23 00:00:00-04:00,290767.35878587485
2023-10-24 00:00:00-04:00,290993.5927926558
2023-10-25 00:00:00-04:00,292920.04557908466
2023-10-26 00:00:00-04:00,290454.51845625776
2023-10-27 00:00:00-04:00,290830.7709705916
2023-10-30 00:00:00-04:00,292323.2868898017
2023-10-31 00:00:00-04:00,292484.8591132267
2023-11-01 00:00:00-04:00,294116.0636120231
2023-11-02 00:00:00-04:00,294583.6682330207
2023-11-03 00:00:00-04:00,295527.5242515184
2023-11-06 00:00:00-05:00,296323.94431408367
2023-11-07 00:00:00-05:00,297189.2546558376
2023-11-08 00:00:00-05:00,297774.24271259026
2023-11-09 00:00:00-05:00,297217.3951721181
2023-11-10 00:00:00-05:00,299234.5240646144
2023-11-13 00:00:00-05:00,298554.79529469047
2023-11-14 00:00:00-05:00,299380.7145476047
2023-11-15 00:00:00-05:00,299415.2453535437
2023-11-16 00:00:00-05:00,300929.15161134215
2023-11-17 00:00:00-05:00,299440.3727274937
2023-11-20 00:00:00-05:00,301248.84640828427
2023-11-21 00:00:00-05:00,300196.0334818809
2023-11-22 00:00:00-05:00,301360.4334850998
2023-11-24 00:00:00-05:00,301257.0133974592
2023-11-27 00:00:00-05:00,301550.708247369
2023-11-28 00:00:00-05:00,302579.5105033247
2023-11-29 00:00:00-05:00,301612.2620429658
2023-11-30 00:00:00-05:00,301627.4959153443
2023-12-01 00:00:00-05:00,300498.8617881425
2023-12-04 00:00:00-05:00,299123.03733230266
2023-12-05 00:00:00-05:00,299987.89001075446
2023-12-06 00:00:00-05:00,299037.0876219503
2023-12-07 00:00:00-05:00,299586.0278833521
2023-12-08 00:00:00-05:00,300422.4969814427
2023-12-11 00:00:00-05:00,299676.429492157
2023-12-12 00:00:00-05:00,300459.5275833928
2023-12-13 00:00:00-05:00,300456.95938219136
2023-12-14 00:00:00-05:00,298265.98378652736
2023-12-15 00:00:00-05:00,299525.15352668986
2023-12-18 00:00:00-05:00,300028.01068280253
2023-12-19 00:00:00-05:00,300187.52388686594
2023-12-20 00:00:00-05:00,299498.38910054695
2023-12-21 00:00:00-05:00,300259.43013024
2023-12-22 00:00:00-05:00,300530.04010213976
2023-12-26 00:00:00-05:00,300550.8264526582
2023-12-27 00:00:00-05:00,300397.8724686714
2023-12-28 00:00:00-05:00,300710.9581039904
2023-12-29 00:00:00-05:00,300907.2657675017
2024-01-02 00:00:00-05:00,299574.16627183295
2024-01-03 00:00:00-05:00,299504.6421660744
2024-01-04 00:00:00-05:00,298820.89678880305
2024-01-05 00:00:00-05:00,298772.1422921364
2024-01-08 00:00:00-05:00,300550.76299073
2024-01-09 00:00:00-05:00,300832.2727302329
2024-01-10 00:00:00-05:00,302637.0625040225
2024-01-11 00:00:00-05:00,303117.18410439824
2024-01-12 00:00:00-05:00,304106.65752767655
2024-01-16 00:00:00-05:00,304569.6920696899
2024-01-17 00:00:00-05:00,304364.2589912432
2024-01-18 00:00:00-05:00,305492.09023761493
2024-01-19 00:00:00-05:00,306720.2481283016
2024-01-22 00:00:00-05:00,306168.5549752063
2024-01-23 00:00:00-05:00,306777.793794801
2024-01-24 00:00:00-05:00,307709.0446814791
2024-01-25 00:00:00-05:00,308295.6983139866
2024-01-26 00:00:00-05:00,308057.50572411664
2024-01-29 00:00:00-05:00,309521.389996878
2024-01-30 00:00:00-05:00,309236.3783702667
2024-01-31 00:00:00-05:00,306466.8627068726
2024-02-01 00:00:00-05:00,308022.60659139405
2024-02-02 00:00:00-05:00,309884.38795631606
2024-02-05 00:00:00-05:00,308494.5830158655
2024-02-06 00:00:00-05:00,308454.7803832714
2024-02-07 00:00:00-05:00,310577.9479555666
2024-02-08 00:00:00-05:00,310592.7618140573
2024-02-09 00:00:00-05:00,312180.1968715338
2024-02-12 00:00:00-05:00,310880.147278525
2024-02-13 00:00:00-05:00,308690.1152425915
2024-02-14 00:00:00-05:00,309649.48752042436
2024-02-15 00:00:00-05:00,308934.4495091874
2024-02-16 00:00:00-05:00,308325.8740966583
2024-02-20 00:00:00-05:00,308017.45487862563
2024-02-21 00:00:00-05:00,307869.63850145304
2024-02-22 00:00:00-05:00,310159.0774347021
2024-02-23 00:00:00-05:00,309843.1529948688
2024-02-26 00:00:00-05:00,309169.6801645948
2024-02-27 00:00:00-05:00,309155.2924923683
2024-02-28 00:00:00-05:00,309212.7437851171
2024-02-29 00:00:00-05:00,310626.478920068
2024-03-01 00:00:00-05:00,311069.5244824798
2024-03-04 00:00:00-05:00,310931.759979985
2024-03-05 00:00:00-05:00,308025.1265121619
2024-03-06 00:00:00-05:00,307892.7693582386
2024-03-07 00:00:00-05:00,309555.694563472
2024-03-08 00:00:00-05:00,308868.7434499716
2024-03-11 00:00:00-04:00,308469.78427271015
2024-03-12 00:00:00-04:00,310989.4850946377
2024-03-13 00:00:00-04:00,310947.4213189352
2024-03-14 00:00:00-04:00,313306.58679300325
2024-03-15 00:00:00-04:00,311259.8128141146
2024-03-18 00:00:00-04:00,311468.73979186034
2024-03-19 00:00:00-04:00,312416.4928314707
2024-03-20 00:00:00-04:00,313300.10560314415
2024-03-21 00:00:00-04:00,314256.05127563
2024-03-22 00:00:00-04:00,314110.8682310005
2024-03-25 00:00:00-04:00,312758.0963719519
2024-03-26 00:00:00-04:00,312480.1630262491
2024-03-27 00:00:00-04:00,312429.7056930565
2024-03-28 00:00:00-04:00,312267.10298142006
2024-04-01 00:00:00-04:00,313147.6981470691
2024-04-02 00:00:00-04:00,312432.89083183644
2024-04-03 00:00:00-04:00,312207.0788882701
2024-04-04 00:00:00-04:00,311621.675651677
2024-04-05 00:00:00-04:00,313359.9737655916
2024-04-08 00:00:00-04:00,313148.6607545807
2024-04-09 00:00:00-04:00,313532.17680709827
2024-04-10 00:00:00-04:00,312847.66738781624
2024-04-11 00:00:00-04:00,313904.83599045716
2024-04-12 00:00:00-04:00,312541.6375166561
2024-04-15 00:00:00-04:00,310676.82670861366
2024-04-16 00:00:00-04:00,310886.49337197136
2024-04-17 00:00:00-04:00,310282.6939897615
2024-04-18 00:00:00-04:00,308635.11435309646
2024-04-19 00:00:00-04:00,307528.1412949599
2024-04-22 00:00:00-04:00,307918.7297515619
2024-04-23 00:00:00-04:00,309303.9717874536
2024-04-24 00:00:00-04:00,309612.248346117
2024-04-25 00:00:00-04:00,307565.9867695675
2024-04-26 00:00:00-04:00,309032.75470326754
2024-04-29 00:00:00-04:00,308223.7406256452
2024-04-30 00:00:00-04:00,305690.25557766896
2024-05-01 00:00:00-04:00,306775.2722775082
2024-05-02 00:00:00-04:00,307328.29766044987
2024-05-03 00:00:00-04:00,308986.633631867
2024-05-06 00:00:00-04:00,310261.8096310231
2024-05-07 00:00:00-04:00,309494.5857220652
2024-05-08 00:00:00-04:00,309710.58183237846
2024-05-09 00:00:00-04:00,310026.2266311397
2024-05-10 00:00:00-04:00,310448.89192591526
2024-05-13 00:00:00-04:00,310273.4955323889
2024-05-14 00:00:00-04:00,310754.1870066342
2024-05-15 00:00:00-04:00,311967.0485407186
2024-05-16 00:00:00-04:00,311624.0711328108
2024-05-17 00:00:00-04:00,311498.1656254395
2024-05-20 00:00:00-04:00,312312.57385323977
2024-05-21 00:00:00-04:00,312890.25876574125
2024-05-22 00:00:00-04:00,313117.46796587965
2024-05-23 00:00:00-04:00,312586.1681628828
2024-05-24 00:00:00-04:00,313055.0041782655
2024-05-28 00:00:00-04:00,313078.3353050116
2024-05-29 00:00:00-04:00,312913.60542033426
2024-05-30 00:00:00-04:00,310873.1022347372
2024-05-31 00:00:00-04:00,310936.67857693025
2024-06-03 00:00:00-04:00,310718.233709197
2024-06-04 00:00:00-04:00,311064.01511679776
2024-06-05 00:00:00-04:00,312140.09701322566
2024-06-06 00:00:00-04:00,312209.15623517515
2024-06-07 00:00:00-04:00,312118.49994897435
2024-06-10 00:00:00-04:00,312662.03491419414
2024-06-11 00:00:00-04:00,313311.49091065757
2024-06-12 00:00:00-04:00,314441.5068530424
2024-06-13 00:00:00-04:00,314510.357984697
2024-06-14 00:00:00-04:00,314638.9926675306
2024-06-17 00:00:00-04:00,315378.2435097715
2024-06-18 00:00:00-04:00,315124.42507604125
2024-06-20 00:00:00-04:00,315045.9579122488
2024-06-21 00:00:00-04:00,315536.46379171935
2024-06-24 00:00:00-04:00,315287.9009981525
2024-06-25 00:00:00-04:00,315666.1981040317
2024-06-26 00:00:00-04:00,315802.79302188515
2024-06-27 00:00:00-04:00,315878.9854401922
2024-06-28 00:00:00-04:00,315242.1048568501
2024-07-01 00:00:00-04:00,316273.4887186499
2024-07-02 00:00:00-04:00,316536.05761102436
2024-07-03 00:00:00-04:00,316685.8535978912
2024-07-05 00:00:00-04:00,317351.90194988064
2024-07-08 00:00:00-04:00,317225.66643999226
2024-07-09 00:00:00-04:00,316601.38604768604
2024-07-10 00:00:00-04:00,317210.11306985706
2024-07-11 00:00:00-04:00,316190.28038884036
2024-07-12 00:00:00-04:00,316091.51014432666
2024-07-15 00:00:00-04:00,316125.73437240155
2024-07-16 00:00:00-04:00,315766.1676162497
2024-07-17 00:00:00-04:00,315295.21586526226
2024-07-18 00:00:00-04:00,315055.6794447887
2024-07-19 00:00:00-04:00,314808.41833073454
2024-07-22 00:00:00-04:00,315249.50786368985
2024-07-23 00:00:00-04:00,315393.72418664803
2024-07-24 00:00:00-04:00,314227.91725887626
2024-07-25 00:00:00-04:00,313460.71579428064
2024-07-26 00:00:00-04:00,313962.5746892969
2024-07-29 00:00:00-04:00,314069.161999008
2024-07-30 00:00:00-04:00,313791.1547046031
2024-07-31 00:00:00-04:00,313457.6488225211
2024-08-01 00:00:00-04:00,313367.082886856
2024-08-02 00:00:00-04:00,312737.00874896796
2024-08-05 00:00:00-04:00,311760.87392039405
2024-08-06 00:00:00-04:00,312087.9149232825
2024-08-07 00:00:00-04:00,312001.2405024445
2024-08-08 00:00:00-04:00,312314.7026787673
2024-08-09 00:00:00-04:00,312560.14456691005
2024-08-12 00:00:00-04:00,312618.4393389698
2024-08-13 00:00:00-04:00,313150.2864844979
2024-08-14 00:00:00-04:00,313360.8578590327
2024-08-15 00:00:00-04:00,313725.2503043562
2024-08-16 00:00:00-04:00,313535.6171924142
2024-08-19 00:00:00-04:00,313762.3921346272
2024-08-20 00:00:00-04:00,314004.74151335773
2024-08-21 00:00:00-04:00,313955.8219396255
2024-08-22 00:00:00-04:00,313319.3093405564
2024-08-23 00:00:00-04:00,313414.17709020415
2024-08-26 00:00:00-04:00,313153.79213648266
2024-08-27 00:00:00-04:00,313182.2522072042
2024-08-28 00:00:00-04:00,312910.93838889105
2024-08-29 00:00:00-04:00,313128.097559904
2024-08-30 00:00:00-04:00,313484.2589255889
2024-09-03 00:00:00-04:00,312783.60963238927
2024-09-04 00:00:00-04:00,312733.1550246832
2024-09-05 00:00:00-04:00,312684.25423823716
2024-09-06 00:00:00-04:00,312026.4285119402
2024-09-09 00:00:00-04:00,312431.72224834794
2024-09-10 00:00:00-04:00,313307.567324143
2024-09-11 00:00:00-04:00,314241.9365479131
2024-09-12 00:00:00-04:00,314669.86096881446
2024-09-13 00:00:00-04:00,315066.2065778715
2024-09-16 00:00:00-04:00,315150.7585680458
2024-09-17 00:00:00-04:00,315589.0719261173
2024-09-18 00:00:00-04:00,315079.80160025484
2024-09-19 00:00:00-04:00,316022.7607366394
2024-09-20 00:00:00-04:00,315605.71079628705
2024-09-23 00:00:00-04:00,315387.04691283155
2024-09-24 00:00:00-04:00,314837.83872304024
2024-09-25 00:00:00-04:00,315216.7301120785
2024-09-26 00:00:00-04:00,315111.7780546752
2024-09-27 00:00:00-04:00,314672.5265905789
2024-09-30 00:00:00-04:00,314982.25982200704
2024-10-01 00:00:00-04:00,313654.4485914408
2024-10-02 00:00:00-04:00,313154.09222445387
2024-10-03 00:00:00-04:00,313069.7573782525
2024-10-04 00:00:00-04:00,312999.99503248837
2024-10-07 00:00:00-04:00,312036.66279319895
2024-10-08 00:00:00-04:00,312813.1547668016
2024-10-09 00:00:00-04:00,313232.80537708354
2024-10-10 00:00:00-04:00,312981.70641718875
2024-10-11 00:00:00-04:00,313056.1072879113
2024-10-14 00:00:00-04:00,313493.1321178846
2024-10-15 00:00:00-04:00,313431.12683355843
2024-10-16 00:00:00-04:00,313024.9628991905
2024-10-17 00:00:00-04:00,313118.00435564143
2024-10-18 00:00:00-04:00,313341.38496307057
2024-10-21 00:00:00-04:00,313437.6073033528
2024-10-22 00:00:00-04:00,314813.34813112003
2024-10-23 00:00:00-04:00,314347.95933241176
2024-10-24 00:00:00-04:00,314369.05298776785
2024-10-25 00:00:00-04:00,314932.1088056208
2024-10-28 00:00:00-04:00,314671.6282179055
2024-10-29 00:00:00-04:00,315579.17243184225
2024-10-30 00:00:00-04:00,315678.70932626416
2024-10-31 00:00:00-04:00,311124.88903299026
2024-11-01 00:00:00-04:00,311834.03039625444
2024-11-04 00:00:00-05:00,311492.43520188046
2024-11-05 00:00:00-05:00,312036.31054798584
2024-11-06 00:00:00-05:00,313638.3346283211
2024-11-07 00:00:00-05:00,314615.3609271097
2024-11-08 00:00:00-05:00,314070.74487154273
2024-11-11 00:00:00-05:00,313206.3457014919
2024-11-12 00:00:00-05:00,314176.2501257551
2024-11-13 00:00:00-05:00,314600.6459235655
2024-11-14 00:00:00-05:00,314935.13413933566
2024-11-15 00:00:00-05:00,312553.9663080112
2024-11-18 00:00:00-05:00,312708.00205119856
2024-11-19 00:00:00-05:00,313124.31830383604
2024-11-20 00:00:00-05:00,312647.1188449604
2024-11-21 00:00:00-05:00,312270.68183959054
2024-11-22 00:00:00-05:00,313149.2271908524
2024-11-25 00:00:00-05:00,313530.2185368249
2024-11-26 00:00:00-05:00,315489.2167794767
2024-11-27 00:00:00-05:00,314424.19321132905
2024-11-29 00:00:00-05:00,314525.42067943985
2024-12-02 00:00:00-05:00,316145.15228776203
2024-12-03 00:00:00-05:00,316191.9979150912
2024-12-04 00:00:00-05:00,317502.12595612666
2024-12-05 00:00:00-05:00,318585.16653819045
2024-12-06 00:00:00-05:00,318780.77391358593
2024-12-09 00:00:00-05:00,319279.3656935707
2024-12-10 00:00:00-05:00,318738.4062041513
2024-12-11 00:00:00-05:00,319862.71711059543
2024-12-12 00:00:00-05:00,319974.4958908274
2024-12-13 00:00:00-05:00,319531.1694989538
2024-12-16 00:00:00-05:00,320356.59359055664
2024-12-17 00:00:00-05:00,320897.80870044837
2024-12-18 00:00:00-05:00,317721.01209095784
2024-12-19 00:00:00-05:00,317654.89966419473
2024-12-20 00:00:00-05:00,317576.98521804984
2024-12-23 00:00:00-05:00,317335.6044995163
2024-12-24 00:00:00-05:00,318055.4031189161
2024-12-26 00:00:00-05:00,317843.09138614
2024-12-27 00:00:00-05:00,316541.95943520544
2024-12-30 00:00:00-05:00,315576.9874981494
2024-12-31 00:00:00-05:00,315021.10427379276
2025-01-02 00:00:00-05:00,314540.70829049125
2025-01-03 00:00:00-05:00,315314.0049416026
2025-01-06 00:00:00-05:00,316032.6184195402
2025-01-07 00:00:00-05:00,315170.76886578434
2025-01-08 00:00:00-05:00,315509.8436387329
2025-01-10 00:00:00-05:00,314654.8553320258
2025-01-13 00:00:00-05:00,314390.85331053886
2025-01-14 00:00:00-05:00,314166.5675986507
2025-01-15 00:00:00-05:00,315710.48554341914
2025-01-16 00:00:00-05:00,315463.69838714594
2025-01-17 00:00:00-05:00,316087.4010697619
2025-01-21 00:00:00-05:00,316014.4330336882
2025-01-22 00:00:00-05:00,318408.69773198117
2025-01-23 00:00:00-05:00,318476.47493074666
2025-01-24 00:00:00-05:00,318130.51074162027
2025-01-27 00:00:00-05:00,316912.3528319855
2025-01-28 00:00:00-05:00,318503.7829860498
2025-01-29 00:00:00-05:00,317901.8360404671
2025-01-30 00:00:00-05:00,314586.16534910054
2025-01-31 00:00:00-05:00,314594.49189797975
2025-02-03 00:00:00-05:00,314111.4028611932
2025-02-04 00:00:00-05:00,314277.2501312244
2025-02-05 00:00:00-05:00,314380.3311750707
2025-02-06 00:00:00-05:00,314657.9288149574
2025-02-07 00:00:00-05:00,314006.00495115266
2025-02-10 00:00:00-05:00,314265.506079947
2025-02-11 00:00:00-05:00,314185.3756874963
2025-02-12 00:00:00-05:00,313944.5345650572
2025-02-13 00:00:00-05:00,314091.4562912512
2025-02-14 00:00:00-05:00,313889.85895938973
2025-02-18 00:00:00-05:00,314002.5529546007
2025-02-19 00:00:00-05:00,314467.7816150852
2025-02-20 00:00:00-05:00,314661.48097657127
2025-02-21 00:00:00-05:00,313980.0223893679
2025-02-24 00:00:00-05:00,313627.9438136463
2025-02-25 00:00:00-05:00,313132.5181613549
2025-02-26 00:00:00-05:00,313276.76442631736
2025-02-27 00:00:00-05:00,312726.5127777316
2025-02-28 00:00:00-05:00,313056.60009444284
2025-03-03 00:00:00-05:00,312447.9847750633
2025-03-04 00:00:00-05:00,312456.28825790976
2025-03-05 00:00:00-05:00,313285.31631878874
2025-03-06 00:00:00-05:00,313019.1213682626
2025-03-07 00:00:00-05:00,312787.8167866409
2025-03-10 00:00:00-04:00,311935.850107219
2025-03-11 00:00:00-04:00,311954.72248719336
2025-03-12 00:00:00-04:00,312139.00460946374
2025-03-13 00:00:00-04:00,311843.65311063477
2025-03-14 00:00:00-04:00,312489.3282838165
2025-03-17 00:00:00-04:00,312498.5766908617
2025-03-18 00:00:00-04:00,312155.7569138919
2025-03-19 00:00:00-04:00,312440.97902945714
2025-03-20 00:00:00-04:00,312375.8406961295
2025-03-21 00:00:00-04:00,312670.4959972248
2025-03-24 00:00:00-04:00,312792.1807403387
2025-03-25 00:00:00-04:00,312931.602620941
2025-03-26 00:00:00-04:00,312583.0568728248
2025-03-27 00:00:00-04:00,312624.13789523894
2025-03-28 00:00:00-04:00,311828.4342247696
2025-03-31 00:00:00-04:00,311597.1165561078
2025-04-01 00:00:00-04:00,312060.05922424525
2025-04-02 00:00:00-04:00,312056.64506043046
2025-04-03 00:00:00-04:00,311438.13336056663
2025-04-04 00:00:00-04:00,310525.70706886286
2025-04-07 00:00:00-04:00,310388.86923659564
2025-04-08 00:00:00-04:00,310168.7308458503
2025-04-09 00:00:00-04:00,312479.5778597094
2025-04-10 00:00:00-04:00,311913.1349038105
2025-04-11 00:00:00-04:00,312354.9515106894
2025-04-14 00:00:00-04:00,312314.9931010329
2025-04-15 00:00:00-04:00,312179.7628683583
2025-04-16 00:00:00-04:00,311225.15471053205
2025-04-17 00:00:00-04:00,310955.9167724036
2025-04-21 00:00:00-04:00,310323.59458147764
2025-04-22 00:00:00-04:00,310907.2626571085
2025-04-23 00:00:00-04:00,311501.7169036787
2025-04-24 00:00:00-04:00,312549.983422693
2025-04-25 00:00:00-04:00,312931.18755357584
2025-04-28 00:00:00-04:00,312871.61859781784
2025-04-29 00:00:00-04:00,313127.6161951263
2025-04-30 00:00:00-04:00,313239.1588888426
2025-05-01 00:00:00-04:00,316071.00951369136
2025-05-02 00:00:00-04:00,317022.5289318544
2025-05-05 00:00:00-04:00,317110.2903471518
2025-05-06 00:00:00-04:00,316821.71892233205
2025-05-07 00:00:00-04:00,316825.8478884964
2025-05-08 00:00:00-04:00,317334.4237687553
2025-05-09 00:00:00-04:00,317394.78349208995
2025-05-12 00:00:00-04:00,318553.868291629
2025-05-13 00:00:00-04:00,318540.3932453398
2025-05-14 00:00:00-04:00,318975.5935612595
2025-05-15 00:00:00-04:00,319094.88382696663
2025-05-16 00:00:00-04:00,319230.7221908538
2025-05-19 00:00:00-04:00,319788.96006485156
2025-05-20 00:00:00-04:00,319702.48889378394
2025-05-21 00:00:00-04:00,318998.4590007357
2025-05-22 00:00:00-04:00,319291.4179539564
2025-05-23 00:00:00-04:00,318682.42571254866
2025-05-27 00:00:00-04:00,320073.400122622
2025-05-28 00:00:00-04:00,319625.4569359917
2025-05-29 00:00:00-04:00,319805.908365534
2025-05-30 00:00:00-04:00,320039.23069677176
2025-06-02 00:00:00-04:00,320266.33908867015
2025-06-03 00:00:00-04:00,320409.5626828291
2025-06-04 00:00:00-04:00,320540.4029943127
2025-06-05 00:00:00-04:00,321102.5235153079
2025-06-06 00:00:00-04:00,321506.65166255593
2025-06-09 00:00:00-04:00,321866.4250263788
2025-06-10 00:00:00-04:00,321584.7562081165
2025-06-11 00:00:00-04:00,321850.0220240636
2025-06-12 00:00:00-04:00,322825.27850431425
2025-06-13 00:00:00-04:00,322215.1570693468
2025-06-16 00:00:00-04:00,322867.4131554326
2025-06-17 00:00:00-04:00,322695.7660607266
2025-06-18 00:00:00-04:00,323039.0554604772
2025-06-20 00:00:00-04:00,322595.901621052
2025-06-23 00:00:00-04:00,323937.8497865328
2025-06-24 00:00:00-04:00,324579.18065502157
2025-06-25 00:00:00-04:00,324916.2291260001
2025-06-26 00:00:00-04:00,325724.52759003115
2025-06-27 00:00:00-04:00,325488.9049883356
2025-06-30 00:00:00-04:00,325718.2866612592
2025-07-01 00:00:00-04:00,324881.90162292344
2025-07-02 00:00:00-04:00,324732.1049634116
2025-07-03 00:00:00-04:00,325941.4274054108
2025-07-07 00:00:00-04:00,325766.65745148814
2025-07-08 00:00:00-04:00,325595.01035678224
2025-07-09 00:00:00-04:00,326670.13606636884
2025-07-10 00:00:00-04:00,326353.3718113146
2025-07-11 00:00:00-04:00,326640.4880624558
2025-07-14 00:00:00-04:00,326593.67391217384
2025-07-15 00:00:00-04:00,327030.5916124884
2025-07-16 00:00:00-04:00,326999.3773893056
2025-07-17 00:00:00-04:00,327932.76619106333
2025-07-18 00:00:00-04:00,327683.66577551526
2025-07-21 00:00:00-04:00,327685.14553467045
2025-07-22 00:00:00-04:00,326987.2378296372
2025-07-23 00:00:00-04:00,327073.0934818966
2025-07-24 00:00:00-04:00,327776.707047215
2025-07-25 00:00:00-04:00,328166.87110447674
2025-07-28 00:00:00-04:00,328003.1672549704
2025-07-29 00:00:00-04:00,328012.45644459804
2025-07-30 00:00:00-04:00,328099.6144353011
2025-07-31 00:00:00-04:00,330682.7929051214
2025-08-01 00:00:00-04:00,329509.6008847029
2025-08-04 00:00:00-04:00,330920.7779022352
2025-08-05 00:00:00-04:00,329975.1014966051
2025-08-06 00:00:00-04:00,329645.53098655137
2025-08-07 00:00:00-04:00,329175.1705296928
2025-08-08 00:00:00-04:00,329309.66247188504
2025-08-11 00:00:00-04:00,329280.12285190535
2025-08-12 00:00:00-04:00,330077.8247871455
2025-08-13 00:00:00-04:00,329175.7508108458
2025-08-14 00:00:00-04:00,329368.5538368542
2025-08-15 00:00:00-04:00,329140.5662889891
2025-08-18 00:00:00-04:00,328837.562428003
2025-08-19 00:00:00-04:00,328114.1194277082
2025-08-20 00:00:00-04:00,327714.3959635923
2025-08-21 00:00:00-04:00,327651.8448398726
2025-08-22 00:00:00-04:00,327931.84639479365
2025-08-25 00:00:00-04:00,327661.40668449283
2025-08-26 00:00:00-04:00,327465.0345422509
2025-08-27 00:00:00-04:00,327868.0818331107
2025-08-28 00:00:00-04:00,328108.86012992624
2025-08-29 00:00:00-04:00,327872.1751702377
2025-09-02 00:00:00-04:00,327750.50450730935
2025-09-03 00:00:00-04:00,327767.71360842243
2025-09-04 00:00:00-04:00,327956.9452899439
2025-09-05 00:00:00-04:00,327053.3948644289
2025-09-08 00:00:00-04:00,327268.1116606834
2025-09-09 00:00:00-04:00,327281.66813139594
2025-09-10 00:00:00-04:00,327403.21456874
2025-09-11 00:00:00-04:00,327441.3942860763
2025-09-12 00:00:00-04:00,327951.2310710835
2025-09-15 00:00:00-04:00,328251.79708002973
2025-09-16 00:00:00-04:00,327918.52489006805
2025-09-17 00:00:00-04:00,327967.9328689616
2025-09-18 00:00:00-04:00,327892.3742625457
2025-09-19 00:00:00-04:00,328326.9350553288
2025-09-22 00:00:00-04:00,328175.1857063237
2025-09-23 00:00:00-04:00,327959.2255965914
2025-09-24 00:00:00-04:00,327995.2475833831
2025-09-25 00:00:00-04:00,327879.976717948
2025-09-26 00:00:00-04:00,328033.87978180527
2025-09-29 00:00:00-04:00,328136.1113323732
2025-09-30 00:00:00-04:00,328237.859493919
2025-10-01 00:00:00-04:00,328287.4200669254
2025-10-02 00:00:00-04:00,328184.370325903
2025-10-03 00:00:00-04:00,328222.57702560915
2025-10-06 00:00:00-04:00,328464.4550976976
2025-10-07 00:00:00-04:00,328375.55726885126
2025-10-08 00:00:00-04:00,328390.5070698367
2025-10-09 00:00:00-04:00,328353.73809829465
2025-10-10 00:00:00-04:00,328206.8511020573
2025-10-13 00:00:00-04:00,328239.8404133286
2025-10-14 00:00:00-04:00,328235.7524243101
2025-10-15 00:00:00-04:00,328234.8598044917
2025-10-16 00:00:00-04:00,328227.13250535144
2025-10-17 00:00:00-04:00,328231.32283692784
